Missouri,joplin,joplin,apa,6988271321,None,House in Seneca for rent,https://joplin.craigslist.org/apa/d/wyandotte-house-in-seneca-for-rent/6988271321.html,2019-10-01,19:04,$600,Seneca,True,None,2,1100ft2
Missouri,joplin,joplin,apa,6990632451,5858674738,"One Bedroom Duplex, Utilities included in Rent",https://joplin.craigslist.org/apa/d/one-bedroom-duplex-utilities-included/6990632451.html,2019-10-01,16:00,$600,Carthage,True,None,1,None
Missouri,joplin,joplin,apa,6980828178,None,Beautiful Spacious Apartment Leasing Now. Wont' Last Long,https://joplin.craigslist.org/apa/d/monett-beautiful-spacious-apartment/6980828178.html,2019-10-01,15:24,$530,Monett,True,None,2,1153ft2
Missouri,joplin,joplin,apa,6980812250,None,Beautiful Spacious All Brick Home - Won't Last Long,https://joplin.craigslist.org/apa/d/mount-vernon-beautiful-spacious-all/6980812250.html,2019-10-01,15:24,$613,Mt. Vernon,True,None,3,1447ft2
Missouri,joplin,joplin,apa,6990578159,None,527 N Sergeant ••4Bed1.5Bath••,https://joplin.craigslist.org/apa/d/joplin-527-sergeant-4bed15bath/6990578159.html,2019-10-01,14:56,$825,North Heights Joplin Mo,True,None,4,1900ft2
Missouri,joplin,joplin,apa,6990516331,None,Small home needed for client ASAP,https://joplin.craigslist.org/apa/d/joplin-small-home-needed-for-client-asap/6990516331.html,2019-10-01,13:44,$650,Joplin,False,None,2,None
Missouri,joplin,joplin,apa,6977713093,4888810956,"VERY NEW TOWN HOUSES, duplex, condo",https://joplin.craigslist.org/apa/d/joplin-very-new-town-houses-duplex-condo/6977713093.html,2019-10-01,13:20,$900,JOPLIN,True,None,3,1400ft2
Missouri,joplin,joplin,apa,6973699303,None,Ready for a 3/2 Lease Option,https://joplin.craigslist.org/apa/d/stotts-city-ready-for-3-2-lease-option/6973699303.html,2019-10-01,12:30,$800,Stotts City,True,None,3,2300ft2
Missouri,joplin,joplin,apa,6974814993,None,Great 3 BR Home - very good location,https://joplin.craigslist.org/apa/d/joplin-great-3-br-home-very-good/6974814993.html,2019-10-01,11:55,$1000,Joplin,True,None,3,1400ft2
Missouri,joplin,joplin,apa,6990368790,4909332580,1 Bed 1 Bath in Neosho - Utils Paid,https://joplin.craigslist.org/apa/d/neosho-1-bed-1-bath-in-neosho-utils-paid/6990368790.html,2019-10-01,11:07,$600,Neosho,True,None,1,600ft2
Missouri,joplin,joplin,apa,6987191273,4909332580,1 Bed 1 Bath in Neosho,https://joplin.craigslist.org/apa/d/newtonia-1-bed-1-bath-in-neosho/6987191273.html,2019-10-01,11:05,$475,Neosho,True,None,1,800ft2
Missouri,joplin,joplin,apa,6990289397,None,"Pet Friendly, Freshly Refurbished 3 bed 1 bath",https://joplin.craigslist.org/apa/d/joplin-pet-friendly-freshly-refurbished/6990289397.html,2019-10-01,09:36,$800,Joplin,True,None,3,1200ft2
Missouri,joplin,joplin,apa,6990265004,None,"Very Nice or Even Nicer, your choice $750 or $775",https://joplin.craigslist.org/apa/d/webb-city-very-nice-or-even-nicer-your/6990265004.html,2019-10-01,09:04,$750,"Robin Ridge, Webb City",True,None,2,1250ft2
Missouri,joplin,joplin,apa,6980036718,5870540253,GARAGE APARTMENT,https://joplin.craigslist.org/apa/d/newtonia-garage-apartment/6980036718.html,2019-10-01,08:25,$395,"626 1/2 Delaware, Neosho, Mo.",True,None,2,576ft2
Missouri,joplin,joplin,apa,6990219507,4635822520,webb city schools,https://joplin.craigslist.org/apa/d/webb-city-schools/6990219507.html,2019-10-01,07:50,$575,None,True,None,2,None
Missouri,joplin,joplin,apa,6990210437,4815520016,3 bed 2 bath-Webb City Schools,https://joplin.craigslist.org/apa/d/carterville-3-bed-2-bath-webb-city/6990210437.html,2019-10-01,07:29,$795,MO,True,None,3,1250ft2
Missouri,joplin,joplin,apa,6990163712,None,4 bedroom 2 baths Newly renovated Pierce City,https://joplin.craigslist.org/apa/d/treece-4-bedroom-2-baths-newly/6990163712.html,2019-10-01,03:54,$900,Opolis   Rocky Comfort,True,None,3,2024ft2
Missouri,joplin,joplin,apa,6990093697,None,This wonderful 3/2 home is ready for immediate move in !,https://joplin.craigslist.org/apa/d/joplin-this-wonderful-3-2-home-is-ready/6990093697.html,2019-09-30,21:42,$300,"Joplin, MO",True,None,3,1300ft2
Missouri,joplin,joplin,apa,6979513425,None,2 Bedroom 1 Bath Now Available - 1514 Missouri Ave.,https://joplin.craigslist.org/apa/d/joplin-2-bedroom-1-bath-now-available/6979513425.html,2019-09-30,20:47,$650,Joplin,True,None,None,None
Missouri,joplin,joplin,apa,6970067955,6910793000,Spacious studio-basic utilities pd!!!,https://joplin.craigslist.org/apa/d/carthage-spacious-studio-basic/6970067955.html,2019-09-30,19:36,$600,"Carthage, mo",True,None,None,None
Missouri,joplin,joplin,apa,6987387147,6853699887,Cute studio-basic utilities pd,https://joplin.craigslist.org/apa/d/carthage-cute-studio-basic-utilities-pd/6987387147.html,2019-09-30,19:36,$550,"210 Lincoln, Carthage",True,None,None,None
Missouri,joplin,joplin,apa,6989918075,4696532511,1BR 1BATH,https://joplin.craigslist.org/apa/d/1br-1bath/6989918075.html,2019-09-30,16:22,$400,"Carterville, Mo",False,None,1,None
Missouri,joplin,joplin,apa,6987243539,None,Cute 1 Bedroom plus bonus room $375/$300,https://joplin.craigslist.org/apa/d/carterville-cute-1-bedroom-plus-bonus/6987243539.html,2019-09-30,15:49,$375,Webb City,True,None,1,None
Missouri,joplin,joplin,apa,6987265630,None,Clean and Spacious 3 bedroom 1.5 bath  $575.00/ $500.00,https://joplin.craigslist.org/apa/d/joplin-clean-and-spacious-3-bedroom-15/6987265630.html,2019-09-30,15:49,$575,Joplin,True,None,3,None
Missouri,joplin,joplin,apa,6989856097,None,Townhouse for Rent,https://joplin.craigslist.org/apa/d/newtonia-townhouse-for-rent/6989856097.html,2019-09-30,15:06,$900,"Neosho, MO",True,None,3,1277ft2
Missouri,joplin,joplin,apa,6989814582,None,"672 Sq./ OPEN HOUSE SEPTEMBER 30, 2019 10 A.M. - 6 P.M.",https://joplin.craigslist.org/apa/d/joplin-672-sq-open-house-september-am-6/6989814582.html,2019-09-30,14:31,$550,"Joplin, MO",True,None,2,None
Missouri,joplin,joplin,apa,6969600955,None,Spacious Bucktown 3 bedroom 1.5 bath home rent in Joplin $440,https://joplin.craigslist.org/apa/d/joplin-spacious-bucktown-3-bedroom-15/6969600955.html,2019-09-30,14:27,$440,None,True,None,None,None
Missouri,joplin,joplin,apa,6985355931,4815740002,2 Bedroom Duplex with Fenced Yard,https://joplin.craigslist.org/apa/d/webb-city-2-bedroom-duplex-with-fenced/6985355931.html,2019-09-30,14:11,$575,Webb City,True,None,2,1000ft2
Missouri,joplin,joplin,apa,6989785621,None,FOR RENT: 3 BEDROOM 1 BATH $700/MONTH,https://joplin.craigslist.org/apa/d/joplin-for-rent-3-bedroom-1-bath-700/6989785621.html,2019-09-30,13:46,$700,CLOSE TO HOSPITALS/MED SCHOOL,True,None,3,None
Missouri,joplin,joplin,apa,6973078403,4888810956,"VERY NEW TOWN HOUSES, duplex, condo",https://joplin.craigslist.org/apa/d/joplin-very-new-town-houses-duplex-condo/6973078403.html,2019-09-30,13:41,$900,JOPLIN,True,None,3,1400ft2
Missouri,joplin,joplin,apa,6975261885,None,Apartment for rent in Southern Meadows Lamar,https://joplin.craigslist.org/apa/d/lamar-apartment-for-rent-in-southern/6975261885.html,2019-09-30,13:27,$450,601 E 19th St. Lamar,True,None,2,None
Missouri,joplin,joplin,apa,6989751408,None,Joplin Plaza,https://joplin.craigslist.org/apa/d/joplin-joplin-plaza/6989751408.html,2019-09-30,13:09,$850,None,True,None,2,1195ft2
Missouri,joplin,joplin,apa,6989730364,None,Home for rent,https://joplin.craigslist.org/apa/d/joplin-home-for-rent/6989730364.html,2019-09-30,12:47,$550,2015 Byers Joplin mo,True,None,2,1000ft2
Missouri,joplin,joplin,apa,6968846968,6671814489,2 Bedroom Apt. VERY Clean. Nice. $500.00,https://joplin.craigslist.org/apa/d/newtonia-2-bedroom-apt-very-clean-nice/6968846968.html,2019-09-30,12:37,$500,Neosho,True,None,2,None
Missouri,joplin,joplin,apa,6975724593,6911411284,2 Bedroom Trailer VERY Clean..Like NEW,https://joplin.craigslist.org/apa/d/neosho-2-bedroom-trailer-very-cleanlike/6975724593.html,2019-09-30,12:35,$550,neosho,True,None,2,None
Missouri,joplin,joplin,apa,6970562778,6441925214,2 Bedroom. Very Clean and Newly Remodeled...,https://joplin.craigslist.org/apa/d/newtonia-2-bedroom-very-clean-and-newly/6970562778.html,2019-09-30,12:35,$495,neosho,True,None,2,None
Missouri,joplin,joplin,apa,6989689055,None,Make memories that will last,https://joplin.craigslist.org/apa/d/carthage-make-memories-that-will-last/6989689055.html,2019-09-30,12:28,$646,Carthage,True,None,2,966ft2
Missouri,joplin,joplin,apa,6989709864,None,"3Bedroom home for rent 420 Walnut, Carthage",https://joplin.craigslist.org/apa/d/carthage-3bedroom-home-for-rent-420/6989709864.html,2019-09-30,12:25,$695,Carthage,True,None,3,None
Missouri,joplin,joplin,apa,6981940674,None,This plan is close to completion with nice design,https://joplin.craigslist.org/apa/d/joplin-this-plan-is-close-to-completion/6981940674.html,2019-09-30,11:17,$293,"Joplin, MO",True,None,None,None
Missouri,joplin,joplin,apa,6981940437,None,Fall in love with this beautiful home,https://joplin.craigslist.org/apa/d/joplin-fall-in-love-with-this-beautiful/6981940437.html,2019-09-30,11:17,$763,"Kansas City, MO",True,None,3,1919ft2
Missouri,joplin,joplin,apa,6989631592,None,Duplex 2 bedroom 2 bath apartment rent in Joplin $440,https://joplin.craigslist.org/apa/d/joplin-duplex-2-bedroom-2-bath/6989631592.html,2019-09-30,11:04,$440,Joplin,True,None,2,None
Missouri,joplin,joplin,apa,6989628893,None,3 bedroom 1.5 bath.,https://joplin.craigslist.org/apa/d/joplin-3-bedroom-15-bath/6989628893.html,2019-09-30,11:01,$575,1718 S Kentucky,True,None,3,None
Missouri,joplin,joplin,apa,6989610003,None,3 bedroom 2 bath duplex!  Great Location!,https://joplin.craigslist.org/apa/d/joplin-3-bedroom-2-bath-duplex-great/6989610003.html,2019-09-30,10:40,$960,1103 S Wisconsin,True,None,3,None
Missouri,joplin,joplin,apa,6976642376,6920822069,Brand New Duplex!  Pet Friendly,https://joplin.craigslist.org/apa/d/joplin-brand-new-duplex-pet-friendly/6976642376.html,2019-09-30,10:30,$1195,2025 A Wisconsin,True,None,3,None
Missouri,joplin,joplin,apa,6986555212,None,Beautiful New Home!  3 Bedroom 2 Bath!  Great Location.,https://joplin.craigslist.org/apa/d/joplin-beautiful-new-home-3-bedroom-2/6986555212.html,2019-09-30,10:30,$1250,2401 S Bird,True,None,3,None
Missouri,joplin,joplin,apa,6986559721,None,3 Bedroom 1 Bath house near 7th Street Walmart,https://joplin.craigslist.org/apa/d/joplin-3-bedroom-1-bath-house-near-7th/6986559721.html,2019-09-30,10:30,$675,908 Jefferson,True,None,3,None
Missouri,joplin,joplin,apa,6987981363,None,2 bedroom 1.5 bath apartment 2nd floor.  1 Pet only!,https://joplin.craigslist.org/apa/d/joplin-2-bedroom-15-bath-apartment-2nd/6987981363.html,2019-09-30,10:30,$495,904 Connecticut D,True,None,2,None
Missouri,joplin,joplin,apa,6983818164,None,RENT TO OWN 5 BEDROOMS,https://joplin.craigslist.org/apa/d/carterville-rent-to-own-5-bedrooms/6983818164.html,2019-09-30,10:27,$900,"531 SOUTH DEVON WEBB CITY, MO",True,None,5,1344ft2
Missouri,joplin,joplin,apa,6989567101,None,Like New- 2 bedroom apartment in Baxter Springs!,https://joplin.craigslist.org/apa/d/riverton-like-new-2-bedroom-apartment/6989567101.html,2019-09-30,09:51,$495,201 E. 28th,True,None,2,None
Missouri,joplin,joplin,apa,6989544406,3715128195,Nice 16x80 for rent! Quiet area!,https://joplin.craigslist.org/apa/d/nice-16x80-for-rent-quiet-area/6989544406.html,2019-09-30,09:23,$500,Neosho,True,None,3,None
Missouri,joplin,joplin,apa,6972407198,None,Nice Home 2 to 3 Bedrooms in Aurora!,https://joplin.craigslist.org/apa/d/aurora-nice-home-2-to-3-bedrooms-in/6972407198.html,2019-09-30,08:35,$700,141 S. Jasper Street,True,None,2,None
Missouri,joplin,joplin,apa,6981412263,None,3BD/2BA Single Family Home - OPEN HOUSE 9/22 from 1-4PM,https://joplin.craigslist.org/apa/d/joplin-3bd-2ba-single-family-home-open/6981412263.html,2019-09-30,07:50,$700,"Joplin, MO",True,None,3,1224ft2
Missouri,joplin,joplin,apa,6989395946,None,Looking for place,https://joplin.craigslist.org/apa/d/joplin-looking-for-place/6989395946.html,2019-09-29,23:01,$800,Joplin,False,None,None,None
Missouri,joplin,joplin,apa,6970001906,None,2038 MARIGOLD,https://joplin.craigslist.org/apa/d/carthage-2038-marigold/6970001906.html,2019-09-29,21:12,$925,"CARTHAGE, MO",True,None,3,1350ft2
Missouri,joplin,joplin,apa,6969804234,None,2116 S Virginia Ave,https://joplin.craigslist.org/apa/d/joplin-2116-virginia-ave/6969804234.html,2019-09-29,16:15,$1100,Joplin,True,None,3,1394ft2
Missouri,joplin,joplin,apa,6988958163,None,Renovated Home for Rent,https://joplin.craigslist.org/apa/d/joplin-renovated-home-for-rent/6988958163.html,2019-09-29,09:49,$1200,"South Kansas, Joplin",True,None,3,1800ft2
Missouri,joplin,joplin,apa,6987374000,None,618 Joplin Street,https://joplin.craigslist.org/apa/d/newtonia-618-joplin-street/6987374000.html,2019-09-29,08:54,$525,Neosho,True,None,2,None
Missouri,joplin,joplin,apa,6983127539,5054709875,Large 3bed apartment,https://joplin.craigslist.org/apa/d/large-3bed-apartment/6983127539.html,2019-09-29,08:34,$500,1451 Pineville Rd. Neosho,True,None,3,900ft2
Missouri,joplin,joplin,apa,6968368826,5058153331,Super 2bed duplex,https://joplin.craigslist.org/apa/d/super-2bed-duplex/6968368826.html,2019-09-29,08:34,$550,4050 Azalea Ln,True,None,2,None
Missouri,joplin,joplin,apa,6975940458,5032274609,"Large, 2 bedroom duplex",https://joplin.craigslist.org/apa/d/large-2-bedroom-duplex/6975940458.html,2019-09-29,08:33,$550,113A St Charles,True,None,2,None
Missouri,joplin,joplin,apa,6988814427,6836670894,Newer Home,https://joplin.craigslist.org/apa/d/joplin-newer-home/6988814427.html,2019-09-28,22:01,$1200,Joplin,True,None,3,None
Missouri,joplin,joplin,apa,6979936683,6920461098,Great house in Neosho! 619 Brook,https://joplin.craigslist.org/apa/d/fayetteville-great-house-in-neosho-619/6979936683.html,2019-09-28,20:53,$650,Neosho,False,None,3,None
Missouri,joplin,joplin,apa,6988797283,None,Looking for house on acreage to rent,https://joplin.craigslist.org/apa/d/newtonia-looking-for-house-on-acreage/6988797283.html,2019-09-28,20:51,$800,Joplin,False,None,None,None
Missouri,joplin,joplin,apa,6988789836,5651475069,Best Deal in Town! 400 Madison Neosho,https://joplin.craigslist.org/apa/d/neosho-best-deal-in-town-400-madison/6988789836.html,2019-09-28,20:40,$550,400 Madison,False,None,2,None
Missouri,joplin,joplin,apa,6988300235,None,2 bed 1 bath house,https://joplin.craigslist.org/apa/d/carterville-2-bed-1-bath-house/6988300235.html,2019-09-28,08:42,$550,Carterville,False,None,2,1200ft2
Missouri,joplin,joplin,apa,6988011209,4845852680,1 Bedroom apt,https://joplin.craigslist.org/apa/d/1-bedroom-apt/6988011209.html,2019-09-27,16:53,$475,joplin mo,False,None,1,None
Missouri,joplin,joplin,apa,6988009347,4873089566,1 bedroom all utilities paid!  $610.00,https://joplin.craigslist.org/apa/d/1-bedroom-all-utilities-paid-61000/6988009347.html,2019-09-27,16:50,$610,Joplin,False,None,1,None
Missouri,joplin,joplin,apa,6981718838,4845852680,2 Bedroom apt,https://joplin.craigslist.org/apa/d/2-bedroom-apt/6981718838.html,2019-09-27,16:50,$550,joplin mo,False,None,2,None
Missouri,joplin,joplin,apa,6987771691,5731326612,2 Bedroom Houses for Rent - Miami OK,https://joplin.craigslist.org/apa/d/miami-2-bedroom-houses-for-rent-miami-ok/6987771691.html,2019-09-27,12:15,$500,Miami,True,None,2,None
Missouri,joplin,joplin,apa,6987753880,None,1705 Hillcrest,https://joplin.craigslist.org/apa/d/carthage-1705-hillcrest/6987753880.html,2019-09-27,11:57,$725,Carthage mo,True,None,3,1350ft2
Missouri,joplin,joplin,apa,6987706919,6982841365,Get cozy in your new home for Fall!,https://joplin.craigslist.org/apa/d/claremore-get-cozy-in-your-new-home-for/6987706919.html,2019-09-27,11:08,$672,Claremore,True,None,2,908ft2
Missouri,joplin,joplin,apa,6987662496,None,Joplin Plaza,https://joplin.craigslist.org/apa/d/joplin-joplin-plaza/6987662496.html,2019-09-27,10:20,$1850,None,True,None,2,1195ft2
Missouri,joplin,joplin,apa,6987636814,None,Adorable 3 Bedroom/1 Bath Home for Rent,https://joplin.craigslist.org/apa/d/carl-junction-adorable-3-bedroom-1-bath/6987636814.html,2019-09-27,09:51,$725,Carl Junction,True,None,3,1000ft2
Missouri,joplin,joplin,apa,6987635137,6071558580,Newer Duplex for rent,https://joplin.craigslist.org/apa/d/carthage-newer-duplex-for-rent/6987635137.html,2019-09-27,09:49,$695,1418 Hannah Ln,True,None,2,None
Missouri,joplin,joplin,apa,6987366207,6496761706,HOUSE FOR RENT,https://joplin.craigslist.org/apa/d/joplin-house-for-rent/6987366207.html,2019-09-26,18:59,$550,1319 S MOFFET AVE,True,None,2,None
Missouri,joplin,joplin,apa,6978968995,6045810775,FOR RENT OR SALE 3 BEDROOM HOUSE,https://joplin.craigslist.org/apa/d/baxter-springs-for-rent-or-sale-3/6978968995.html,2019-09-26,18:09,$650,BAXTER SRINGS,False,None,3,None
Missouri,joplin,joplin,apa,6987145148,None,3 Bedroom Luxury Apartment,https://joplin.craigslist.org/apa/d/joplin-3-bedroom-luxury-apartment/6987145148.html,2019-09-26,14:24,$920,joplin,True,None,3,None
Missouri,joplin,joplin,apa,6987160802,6982841365,Get cozy in your new home for Fall!,https://joplin.craigslist.org/apa/d/claremore-get-cozy-in-your-new-home-for/6987160802.html,2019-09-26,14:15,$672,Claremore,True,None,2,908ft2
Missouri,joplin,joplin,apa,6981412825,None,3BD/2BA Single Family Home - OPEN HOUSE 9/22 from 1-4PM,https://joplin.craigslist.org/apa/d/joplin-3bd-2ba-single-family-home-open/6981412825.html,2019-09-26,07:34,$700,"Joplin, MO",True,None,3,1224ft2
Missouri,joplin,joplin,apa,6986707588,6950446703,LAKEVIEW HOUSE FOR RENT,https://joplin.craigslist.org/apa/d/grove-lakeview-house-for-rent/6986707588.html,2019-09-25,20:42,$800,"GROVE, OKLAHOMA",True,None,3,1500ft2
Missouri,joplin,joplin,apa,6986696460,4291959628,"3 bedroom, 2 bath - ""NEARLY NEW"" duplex (all one level) !!",https://joplin.craigslist.org/apa/d/joplin-3-bedroom-2-bath-nearly-new/6986696460.html,2019-09-25,20:17,$895,"1803 W 26th, Joplin, MO 64804",True,None,3,1200ft2
Missouri,joplin,joplin,apa,6986623251,None,Spacious 3 Bd/ 2 Ba brick home with brand new double ovens and dishwas,https://joplin.craigslist.org/apa/d/joplin-spacious-3-bd-2-ba-brick-home/6986623251.html,2019-09-25,19:01,$800,"Joplin, MO",True,None,3,1916ft2
Missouri,joplin,joplin,apa,6986551011,None,from the hustle-bustle of everyday living.,https://joplin.craigslist.org/apa/d/joplin-from-the-hustle-bustle-of/6986551011.html,2019-09-25,16:20,$64806,joplin,False,None,None,None
Missouri,joplin,joplin,apa,6986547697,4467812899,House for rent/ Casa de renta,https://joplin.craigslist.org/apa/d/house-for-rent-casa-de-renta/6986547697.html,2019-09-25,16:15,$650,"701 W. Daugherty , Webb City, MO",False,None,3,1500ft2
Missouri,joplin,joplin,apa,6986449876,None,Peaceful secluded 25acres and fixer upper,https://joplin.craigslist.org/apa/d/noel-peaceful-secluded-25acres-and/6986449876.html,2019-09-25,14:17,$2,Noel Missouri,False,None,None,None
Missouri,joplin,joplin,apa,6965460221,None,Trash Included in Rent!,https://joplin.craigslist.org/apa/d/aurora-trash-included-in-rent/6965460221.html,2019-09-25,13:56,$600,"Oak Knoll Drive, AURORA",True,None,2,None
Missouri,joplin,joplin,apa,6965473347,None,Utilities Included in Rent! 1 Bedroom Apartment,https://joplin.craigslist.org/apa/d/aurora-utilities-included-in-rent-1/6965473347.html,2019-09-25,13:56,$500,"833 South Oak #4, Aurora",True,None,1,None
Missouri,joplin,joplin,apa,6965484360,None,Energy Efficient Plus Water Sewer Trash Included!,https://joplin.craigslist.org/apa/d/aurora-energy-efficient-plus-water/6965484360.html,2019-09-25,13:56,$550,"Aurora, Mo",True,None,2,900ft2
Missouri,joplin,joplin,apa,6965500568,None,1 Bedroom Apartment Pet Friendly!,https://joplin.craigslist.org/apa/d/aurora-1-bedroom-apartment-pet-friendly/6965500568.html,2019-09-25,13:55,$575,"722 Porter Avenue #2, Aurora",True,None,1,None
Missouri,joplin,joplin,apa,6986423013,None,2 CAR GARAGE...,https://joplin.craigslist.org/apa/d/carterville-2-car-garage/6986423013.html,2019-09-25,13:47,$1125,Webb City,True,None,2,1318ft2
Missouri,joplin,joplin,apa,6986390124,None,Joplin Plaza,https://joplin.craigslist.org/apa/d/joplin-joplin-plaza/6986390124.html,2019-09-25,13:11,$1650,None,True,None,1,None
Missouri,joplin,joplin,apa,6986351146,None,2 Bed / 2 Bath Duplex Only $795 A Month!,https://joplin.craigslist.org/apa/d/joplin-2-bed-2-bath-duplex-only-795/6986351146.html,2019-09-25,12:30,$795,"Webb City, MO",True,None,2,1060ft2
Missouri,joplin,joplin,apa,6986180229,None,house for rent,https://joplin.craigslist.org/apa/d/riverton-house-for-rent/6986180229.html,2019-09-25,09:21,$625,baxter springs,False,None,None,1000ft2
Missouri,joplin,joplin,apa,6972573049,None,Renovated Row House 3 br avaiĺabĺe- Nice Zone & Location,https://joplin.craigslist.org/apa/d/joplin-renovated-row-house-3-br-avaiabe/6972573049.html,2019-09-25,08:34,$530,joplin,True,None,3,995ft2
Missouri,joplin,joplin,apa,6985953441,None,Large Home with Fenced Backyard,https://joplin.craigslist.org/apa/d/joplin-large-home-with-fenced-backyard/6985953441.html,2019-09-24,19:56,$750,"Royal Heights, Joplin",True,None,4,1600ft2
Missouri,joplin,joplin,apa,6973797292,None,Trailer,https://joplin.craigslist.org/apa/d/newtonia-trailer/6973797292.html,2019-09-24,17:48,$450,Neosho,True,None,2,None
Missouri,joplin,joplin,apa,6985879683,6830683736,2 bedroom,https://joplin.craigslist.org/apa/d/neosho-2-bedroom/6985879683.html,2019-09-24,17:47,$400,NEOSHO,False,None,2,None
Missouri,joplin,joplin,apa,6973809300,None,Cabin,https://joplin.craigslist.org/apa/d/newtonia-cabin/6973809300.html,2019-09-24,17:47,$350,Neosho,True,None,1,None
Missouri,joplin,joplin,apa,6985819773,None,3 Bed 2 Bath 2 car garage,https://joplin.craigslist.org/apa/d/saginaw-3-bed-2-bath-2-car-garage/6985819773.html,2019-09-24,16:23,$1000,"Joplin, Missouri",True,None,3,1500ft2
Missouri,joplin,joplin,apa,6985775799,None,2 bath Town-House  For Rent,https://joplin.craigslist.org/apa/d/newtonia-2-bath-town-house-for-rent/6985775799.html,2019-09-24,15:29,$900,"Neosho, MO",True,None,3,1277ft2
Missouri,joplin,joplin,apa,6985733876,None,3 bedroom 2 bath Town-House  For Rent,https://joplin.craigslist.org/apa/d/newtonia-3-bedroom-2-bath-town-house/6985733876.html,2019-09-24,14:40,$900,"Neosho, MO",True,None,3,1277ft2
Missouri,joplin,joplin,apa,6980767554,None,Mobile Home for Rent,https://joplin.craigslist.org/apa/d/joplin-mobile-home-for-rent/6980767554.html,2019-09-24,14:12,$425,Joplin,True,None,2,None
Missouri,joplin,joplin,apa,6985600375,None,Duplex,https://joplin.craigslist.org/apa/d/carl-junction-duplex/6985600375.html,2019-09-24,12:17,$535,Carl Junction Mo.,True,None,3,None
Missouri,joplin,joplin,apa,6985486952,6889783159,1 Bedroom apartments rent based on income,https://joplin.craigslist.org/apa/d/seneca-1-bedroom-apartments-rent-based/6985486952.html,2019-09-24,12:06,$435,Seneca,True,None,1,None
Missouri,joplin,joplin,apa,6985087101,6830174226,2 Bedroom apartment now available rent based on income,https://joplin.craigslist.org/apa/d/seneca-2-bedroom-apartment-now/6985087101.html,2019-09-23,17:37,$485,Seneca,True,None,2,None
Missouri,joplin,joplin,apa,6985096737,None,Joplin Plaza,https://joplin.craigslist.org/apa/d/joplin-joplin-plaza/6985096737.html,2019-09-23,16:58,$850,Joplin,True,None,2,None
Missouri,joplin,joplin,apa,6985074588,None,1 Bedroom apartments rent based on income,https://joplin.craigslist.org/apa/d/riverton-1-bedroom-apartments-rent/6985074588.html,2019-09-23,16:48,$440,Galena,True,None,1,None
Missouri,joplin,joplin,apa,6985065032,6720774539,"1, 2 & 3 Bedrooms available now",https://joplin.craigslist.org/apa/d/joplin-bedrooms-available-now/6985065032.html,2019-09-23,16:30,$595,Joplin,True,None,1,None
Missouri,joplin,joplin,apa,6965760277,6825047346,Apartment now available rent based on income,https://joplin.craigslist.org/apa/d/duenweg-apartment-now-available-rent/6965760277.html,2019-09-23,16:04,$555,DUENWEG,True,None,2,None
Missouri,joplin,joplin,apa,6965764560,6807033127,Apartment with all utilities paid-rent based on income,https://joplin.craigslist.org/apa/d/el-dorado-springs-apartment-with-all/6965764560.html,2019-09-23,16:04,$400,El Dorado Springs,True,None,1,None
Missouri,joplin,joplin,apa,6965781587,6851108928,1 Bedroom apartments rent based on income,https://joplin.craigslist.org/apa/d/golden-city-1-bedroom-apartments-rent/6965781587.html,2019-09-23,16:03,$345,"Golden City, MO",True,None,1,None
Missouri,joplin,joplin,apa,6965785569,6851122957,Apartments-All Utilities Paid-rent based on income,https://joplin.craigslist.org/apa/d/liberal-apartments-all-utilities-paid/6965785569.html,2019-09-23,16:03,$430,Liberal,True,None,1,None
Missouri,joplin,joplin,apa,6966518452,6920865648,1 Bedroom apartment Now taking applications,https://joplin.craigslist.org/apa/d/joplin-1-bedroom-apartment-now-taking/6966518452.html,2019-09-23,15:58,$545,Joplin,True,None,1,None
Missouri,joplin,joplin,apa,6966536487,6738021024,2 Bedroom apartments Twin Springs Estates in Miami OK,https://joplin.craigslist.org/apa/d/miami-2-bedroom-apartments-twin-springs/6966536487.html,2019-09-23,15:56,$560,"MIAMI, OK",True,None,2,None
Missouri,joplin,joplin,apa,6966574507,6830169014,1 Bedroom apartments All utilities paid,https://joplin.craigslist.org/apa/d/sarcoxie-1-bedroom-apartments-all/6966574507.html,2019-09-23,15:45,$420,Sarcoxie,True,None,1,None
Missouri,joplin,joplin,apa,6984851529,None,3 Bedroom 2 Bath Duplex,https://joplin.craigslist.org/apa/d/saginaw-3-bedroom-2-bath-duplex/6984851529.html,2019-09-23,12:31,$950,"Joplin, Missouri",True,None,3,1400ft2
Missouri,joplin,joplin,apa,6966628231,6890341304,*Rent To Own* 3/4 Bedroom 2 1/2 Bath w/Basement Lease Option/Buy Owner,https://joplin.craigslist.org/apa/d/neosho-rent-to-own-3-4-bedroom-bath/6966628231.html,2019-09-23,12:26,$995,Neosho,False,None,3,1900ft2
Missouri,joplin,joplin,apa,6984786454,None,2 Bedroom 2 Bath Duplex,https://joplin.craigslist.org/apa/d/saginaw-2-bedroom-2-bath-duplex/6984786454.html,2019-09-23,11:27,$875,"Joplin, Missouri",True,None,2,1350ft2
Missouri,joplin,joplin,apa,6984636263,None,2 bath Town-House  For Rent in,https://joplin.craigslist.org/apa/d/newtonia-2-bath-town-house-for-rent-in/6984636263.html,2019-09-23,08:43,$995,"Neosho, MO",True,None,3,1277ft2
Missouri,joplin,joplin,apa,6984574008,None,House for rent,https://joplin.craigslist.org/apa/d/newtonia-house-for-rent/6984574008.html,2019-09-23,06:40,$125,neosho,False,None,3,None
Missouri,joplin,joplin,apa,6984456890,None,2017 MOBILE HOME FOR RENT,https://joplin.craigslist.org/apa/d/glenpool-2017-mobile-home-for-rent/6984456890.html,2019-09-22,20:37,$775,Glenpool,True,None,3,None
Missouri,joplin,joplin,apa,6984363805,5263533895,Executive Home - Great Southeast Joplin Neighborhood,https://joplin.craigslist.org/apa/d/executive-home-great-southeast-joplin/6984363805.html,2019-09-22,17:33,$1300,"Joplin, MO",True,None,3,2500ft2
Missouri,joplin,joplin,apa,6984282450,None,2 Bed/ 2 Bath,https://joplin.craigslist.org/apa/d/newtonia-2-bed-2-bath/6984282450.html,2019-09-22,15:27,$825,Neosho,True,None,2,1200ft2
Missouri,joplin,joplin,apa,6984117366,None,For rent,https://joplin.craigslist.org/apa/d/reeds-for-rent/6984117366.html,2019-09-22,11:36,$975,"Avilla, Mo",True,None,3,None
Missouri,joplin,joplin,apa,6975448003,None,3 bed 2 bath for rent,https://joplin.craigslist.org/apa/d/newtonia-3-bed-2-bath-for-rent/6975448003.html,2019-09-22,10:00,$600,Neosho,True,None,3,None
Missouri,joplin,joplin,apa,6975451021,None,3 bed 2 bath for rent,https://joplin.craigslist.org/apa/d/newtonia-3-bed-2-bath-for-rent/6975451021.html,2019-09-22,10:00,$550,None,True,None,3,None
Missouri,joplin,joplin,apa,6983949729,None,Needing a place,https://joplin.craigslist.org/apa/d/south-west-city-needing-place/6983949729.html,2019-09-22,03:34,$500,None,False,None,2,None
Missouri,joplin,joplin,apa,6983590267,None,Location!! Best Affordable House!! You Can Get Now.,https://joplin.craigslist.org/apa/d/joplin-location-best-affordable-house/6983590267.html,2019-09-21,14:11,$570,joplin,True,None,3,725ft2
Missouri,joplin,joplin,apa,6965416256,None,1 br apt. basic utilities pd,https://joplin.craigslist.org/apa/d/newtonia-1-br-apt-basic-utilities-pd/6965416256.html,2019-09-21,13:03,$650,"Neosho, mo",True,None,1,None
Missouri,joplin,joplin,apa,6978156881,6947566850,2 bed 1 bath apartment 425,https://joplin.craigslist.org/apa/d/neosho-2-bed-1-bath-apartment-425/6978156881.html,2019-09-21,10:34,$425,Neosho,True,None,None,None
Missouri,joplin,joplin,apa,6983396316,None,2 bath Town-House  For Rent,https://joplin.craigslist.org/apa/d/newtonia-2-bath-town-house-for-rent/6983396316.html,2019-09-21,09:07,$975,"Neosho, MO",True,None,3,1277ft2
Missouri,joplin,joplin,apa,6983262519,None,Three bedroom house $650 per month,https://joplin.craigslist.org/apa/d/riverton-three-bedroom-house-650-per/6983262519.html,2019-09-20,23:09,$650,Baxter Springs KS,False,None,None,1000ft2
Missouri,joplin,joplin,apa,6983071454,6297984468,3 bedroom 2 bath house for rent built in 2015 All brick,https://joplin.craigslist.org/apa/d/joplin-3-bedroom-2-bath-house-for-rent/6983071454.html,2019-09-20,16:41,$1100,Joplin,True,None,3,1505ft2
Missouri,joplin,joplin,apa,6982758078,None,Joplin Plaza,https://joplin.craigslist.org/apa/d/joplin-joplin-plaza/6982758078.html,2019-09-20,10:58,$1850,Joplin,True,None,2,1195ft2
Missouri,joplin,joplin,apa,6982630379,None,Location!! Best Affordable House!! You Can Get Now.,https://joplin.craigslist.org/apa/d/joplin-location-best-affordable-house/6982630379.html,2019-09-20,10:09,$570,joplin,True,None,3,790ft2
Missouri,joplin,joplin,apa,6982560029,None,3 bedroom 2 bathrooms Quiet location Outside Access,https://joplin.craigslist.org/apa/d/jasper-3-bedroom-2-bathrooms-quiet/6982560029.html,2019-09-20,04:54,$1275,Picher or Jasper,True,None,3,1391ft2
Missouri,joplin,joplin,apa,6982288439,None,Beautiful 3 br 2 bath home in wonderful Webb City neighborhood,https://joplin.craigslist.org/apa/d/webb-city-beautiful-3-br-2-bath-home-in/6982288439.html,2019-09-19,15:35,$950,"Robin Ridge, Webb City",True,None,3,1280ft2
Missouri,joplin,joplin,apa,6969469912,None,"Lovely 3br, 2bth for rent $800 per Month Great location !",https://joplin.craigslist.org/apa/d/joplin-lovely-3br-2bth-for-rent-800-per/6969469912.html,2019-09-19,12:40,$800,"joplin, MO",True,None,3,None
Missouri,joplin,joplin,apa,6971681404,None,2BR/2BA 1300 sq. ft. apartments for $775 a month,https://joplin.craigslist.org/apa/d/joplin-2br-2ba-1300-sq-ft-apartments/6971681404.html,2019-09-19,12:38,$775,joplin,True,None,2,None
Missouri,joplin,joplin,apa,6981969146,6694985392,Large 3 bedroom duplex,https://joplin.craigslist.org/apa/d/galena-large-3-bedroom-duplex/6981969146.html,2019-09-19,09:32,$1150,"Loma Linda, MO",True,None,3,2277ft2
Missouri,joplin,joplin,apa,6981925090,None,2 bedroom 2 bath Independent Living,https://joplin.craigslist.org/apa/d/carterville-2-bedroom-2-bath/6981925090.html,2019-09-19,08:31,$975,Webb City,True,None,2,1318ft2
Missouri,joplin,joplin,apa,6981666314,6967161067,APARTMENT SPECIAL! TAKE A LOOK,https://joplin.craigslist.org/apa/d/claremore-apartment-special-take-look/6981666314.html,2019-09-18,17:38,$629,Claremore,True,None,2,908ft2
Missouri,joplin,joplin,apa,6981537463,None,"""Fall"" in love with your new apartment! $635 a month!",https://joplin.craigslist.org/apa/d/joplin-fall-in-love-with-your-new/6981537463.html,2019-09-18,14:55,$635,"Webb City, MO",True,None,2,997ft2
Missouri,joplin,joplin,apa,6981524329,None,811 Vermont,https://joplin.craigslist.org/apa/d/joplin-811-vermont/6981524329.html,2019-09-18,14:40,$600,MID  JOPLIN    WALK TO  MARKET,False,None,2,1000ft2
Missouri,joplin,joplin,apa,6981450545,None,Joplin Plaza,https://joplin.craigslist.org/apa/d/joplin-joplin-plaza/6981450545.html,2019-09-18,13:19,$1650,Joplin,True,None,1,995ft2
Missouri,joplin,joplin,apa,6960891654,None,2BR / 1BA 1 car garage for lease in Joplin,https://joplin.craigslist.org/apa/d/joplin-2br-1ba-1-car-garage-for-lease/6960891654.html,2019-09-18,11:33,$600,1609 S. Kentucky,True,None,2,900ft2
Missouri,joplin,joplin,apa,6964563064,5946704993,Nice cozy peaceful 1 bedroom cabin near Grand Lake outside Grove OK.,https://joplin.craigslist.org/apa/d/nice-cozy-peaceful-1-bedroom-cabin-near/6964563064.html,2019-09-18,10:10,$600,"Grove,OK",True,None,1,None
Missouri,joplin,joplin,apa,6964570017,None,3 bedroom 2 bathroom 1 car garage total electric CH&A in Miami ok,https://joplin.craigslist.org/apa/d/grove-3-bedroom-2-bathroom-1-car-garage/6964570017.html,2019-09-18,10:10,$750,74354,True,None,3,None
Missouri,joplin,joplin,apa,6981272501,None,ISO home for rent that accepts pets.,https://joplin.craigslist.org/apa/d/newtonia-iso-home-for-rent-that-accepts/6981272501.html,2019-09-18,10:09,$600,Neosho,False,None,2,900ft2
Missouri,joplin,joplin,apa,6981219268,None,2 Bedroom 2 Full Bath. Remodeled. Electric only. $545/$545,https://joplin.craigslist.org/apa/d/joplin-2-bedroom-2-full-bath-remodeled/6981219268.html,2019-09-18,09:03,$545,3320 S Texas,True,None,2,835ft2
Missouri,joplin,joplin,apa,6981051054,4642167233,4 Plex Unit,https://joplin.craigslist.org/apa/d/joplin-4-plex-unit/6981051054.html,2019-09-17,21:26,$575,2212 E. 8th Apt. C,False,None,2,None
Missouri,joplin,joplin,apa,6981045253,4642167233,4-Plex Unit,https://joplin.craigslist.org/apa/d/joplin-4-plex-unit/6981045253.html,2019-09-17,21:12,$600,2216 E. 8th Apt. 4,True,None,2,None
Missouri,joplin,joplin,apa,6961203834,None,Lovely 3 bedroom/2 full bath home,https://joplin.craigslist.org/apa/d/joplin-lovely-3-bedroom-2-full-bath-home/6961203834.html,2019-09-17,16:43,$1000,Joplin MO,True,None,3,1400ft2
Missouri,joplin,joplin,apa,6980808122,None,Available Soon! 2 Bed / 2 Bath apartment available in October $635,https://joplin.craigslist.org/apa/d/joplin-available-soon-2-bed-2-bath/6980808122.html,2019-09-17,15:06,$635,"Webb City, MO",True,None,2,997ft2
Missouri,joplin,joplin,apa,6980787535,None,"""Fall"" in love with your new apartment! 2 Bed / 2 Bath in October $635",https://joplin.craigslist.org/apa/d/joplin-fall-in-love-with-your-new/6980787535.html,2019-09-17,14:42,$635,"Webb City, MO",True,None,2,997ft2
Missouri,joplin,joplin,apa,6980700413,None,2 bath Town-House  For Rent near Joplin in,https://joplin.craigslist.org/apa/d/newtonia-2-bath-town-house-for-rent/6980700413.html,2019-09-17,13:07,$995,"Neosho, MO",True,None,3,1277ft2
Missouri,joplin,joplin,apa,6980546925,None,All bills paid Studio Apt on a Weekly Rate,https://joplin.craigslist.org/apa/d/riverton-all-bills-paid-studio-apt-on/6980546925.html,2019-09-17,10:30,$200,Galena,True,None,1,None
Missouri,joplin,joplin,apa,6980487204,None,2 bedroom 2 bath Independent Living,https://joplin.craigslist.org/apa/d/carterville-2-bedroom-2-bath/6980487204.html,2019-09-17,09:21,$975,Webb City,True,None,2,1318ft2
Missouri,joplin,joplin,apa,6979970898,None,Joplin Plaza,https://joplin.craigslist.org/apa/d/joplin-joplin-plaza/6979970898.html,2019-09-16,13:34,$850,Joplin,True,None,2,1195ft2
Missouri,joplin,joplin,apa,6979763782,6975530531,ASK US ABOUT OUR 2 BEDROOM SPECIAL,https://joplin.craigslist.org/apa/d/claremore-ask-us-about-our-2-bedroom/6979763782.html,2019-09-16,10:00,$629,Claremore,True,None,None,908ft2
Missouri,joplin,joplin,apa,6974556923,6309798872,1 Bedroom Townhouse,https://joplin.craigslist.org/apa/d/1-bedroom-townhouse/6974556923.html,2019-09-15,14:47,$495,3411 Texas #5,False,None,1,None
Missouri,joplin,joplin,apa,6979303065,None,Three Bedroom house,https://joplin.craigslist.org/apa/d/riverton-three-bedroom-house/6979303065.html,2019-09-15,14:15,$650,Baxter Springs,False,None,None,1000ft2
Missouri,joplin,joplin,apa,6961284484,None,3bathrm 4bedrm Place Eureka,https://joplin.craigslist.org/apa/d/3bathrm-4bedrm-place-eureka/6961284484.html,2019-09-15,09:35,$813,Eureka,True,None,3,1905ft2
Missouri,joplin,joplin,apa,6979019584,None,3 bedroom 1.5bth Private and quiet area,https://joplin.craigslist.org/apa/d/west-mineral-3-bedroom-15bth-private/6979019584.html,2019-09-15,04:26,$1150,Golden City   Baxter Springs,True,None,3,1796ft2
Missouri,joplin,joplin,apa,6978653038,None,3 Bed / 1 Bath - Owner Financing - DUENO A DUNEO SE HABLA ESPANOL,https://joplin.craigslist.org/apa/d/joplin-3-bed-1-bath-owner-financing/6978653038.html,2019-09-14,13:03,$895,"822 Massachusetts Ave, Joplin, MO 64801",True,None,3,1197ft2
Missouri,joplin,joplin,apa,6978485946,None,House for rent,https://joplin.craigslist.org/apa/d/carterville-house-for-rent/6978485946.html,2019-09-14,09:55,$850,WebbCity,True,None,2,1200ft2
Missouri,joplin,joplin,apa,6978014561,None,2 Bed / 2 Bath Apartment only $635 A Month!,https://joplin.craigslist.org/apa/d/joplin-2-bed-2-bath-apartment-only-635/6978014561.html,2019-09-13,14:36,$635,"Webb City, MO",True,None,2,997ft2
Missouri,joplin,joplin,apa,6977950274,None,2 bedroom 2 bath Independent Living,https://joplin.craigslist.org/apa/d/carterville-2-bedroom-2-bath/6977950274.html,2019-09-13,13:29,$1025,Webb City,True,None,2,1318ft2
Missouri,joplin,joplin,apa,6977915588,None,2 Bedroom 1 Bath. Apartment. Bottom floor. $485/$485,https://joplin.craigslist.org/apa/d/joplin-2-bedroom-1-bath-apartment/6977915588.html,2019-09-13,12:53,$485,1505 S Michigan,True,None,2,770ft2
Missouri,joplin,joplin,apa,6977819311,None,Joplin Plaza,https://joplin.craigslist.org/apa/d/joplin-joplin-plaza/6977819311.html,2019-09-13,11:15,$1850,Joplin,True,None,2,1195ft2
Missouri,joplin,joplin,apa,6977707340,None,Fort Scott Lofts,https://joplin.craigslist.org/apa/d/fort-scott-fort-scott-lofts/6977707340.html,2019-09-13,09:10,$550,Fort Scott Kansas,True,None,2,None
Missouri,joplin,joplin,apa,6977534859,None,Three bedroom house $650,https://joplin.craigslist.org/apa/d/riverton-three-bedroom-house-650/6977534859.html,2019-09-12,21:43,$650,Baxter Springs,False,None,None,1000ft2
Missouri,joplin,joplin,apa,6977312938,6796336317,Welcome Home to a great Community!,https://joplin.craigslist.org/apa/d/carthage-welcome-home-to-great-community/6977312938.html,2019-09-12,15:36,$625,"410 W. Fir Rd., Carthage MO",False,None,2,845ft2
Missouri,joplin,joplin,apa,6977129265,None,2 Bedroom/ 2 Bath For October Only $635 A Month!,https://joplin.craigslist.org/apa/d/joplin-2-bedroom-2-bath-for-october/6977129265.html,2019-09-12,12:13,$635,"Webb City, MO",True,None,2,997ft2
Missouri,joplin,joplin,apa,6977122755,None,Available Soon! 2 Bedroom/ 2 Bath For September Only $635 A Month!,https://joplin.craigslist.org/apa/d/carterville-available-soon-2-bedroom-2/6977122755.html,2019-09-12,12:07,$635,"Webb City, MO",True,None,2,997ft2
Missouri,joplin,joplin,apa,6971805373,None,for rent mobile home,https://joplin.craigslist.org/apa/d/duenweg-for-rent-mobile-home/6971805373.html,2019-09-11,22:31,$565,Joplin,True,None,3,None
Missouri,joplin,joplin,apa,6971806742,None,for rent 2 bedroom mobile,https://joplin.craigslist.org/apa/d/duenweg-for-rent-2-bedroom-mobile/6971806742.html,2019-09-11,22:29,$525,east joplin,True,None,None,None
Missouri,joplin,joplin,apa,6976724204,None,"kitchen equipped, water, sewa",https://joplin.craigslist.org/apa/d/joplin-kitchen-equipped-water-sewa/6976724204.html,2019-09-11,20:52,$343,joplin,False,None,None,None
Missouri,joplin,joplin,apa,6976410005,None,Joplin Plaza,https://joplin.craigslist.org/apa/d/joplin-joplin-plaza/6976410005.html,2019-09-11,12:38,$850,Joplin,True,None,2,1195ft2
Missouri,joplin,joplin,apa,6976349521,None,"Quiet, efficient, close to hospitals, beautiful",https://joplin.craigslist.org/apa/d/joplin-quiet-efficient-close-to/6976349521.html,2019-09-11,11:36,$750,JOPLIN,True,None,2,1175ft2
Missouri,joplin,joplin,apa,6976243306,None,New Senior Complex,https://joplin.craigslist.org/apa/d/carterville-new-senior-complex/6976243306.html,2019-09-11,09:41,$975,Webb City,True,None,2,1318ft2
Missouri,joplin,joplin,apa,6976158441,6899186583,2 BR Home for RENT,https://joplin.craigslist.org/apa/d/anderson-2-br-home-for-rent/6976158441.html,2019-09-11,07:34,$500,"Anderson, MO",False,None,2,850ft2
Missouri,joplin,joplin,apa,6975887056,None,Vaulted Ceilings! 2 Bed / 2 Bath apartment $635 a month,https://joplin.craigslist.org/apa/d/joplin-vaulted-ceilings-2-bed-2-bath/6975887056.html,2019-09-10,16:59,$635,"Webb City, MO",True,None,2,997ft2
Missouri,joplin,joplin,apa,6975882956,None,Available Soon! 2 Bed / 2 Bath apartment only $635 a month!,https://joplin.craigslist.org/apa/d/joplin-available-soon-2-bed-2-bath/6975882956.html,2019-09-10,16:53,$635,"Webb City, MO",True,None,2,997ft2
Missouri,joplin,joplin,apa,6975880914,None,2 Bedroom 1 Bath apartment. Electric only. $525/$525,https://joplin.craigslist.org/apa/d/joplin-2-bedroom-1-bath-apartment/6975880914.html,2019-09-10,16:51,$525,1501 e sixth,True,None,2,785ft2
Missouri,joplin,joplin,apa,6968014204,None,House for Rent South Joplin $600,https://joplin.craigslist.org/apa/d/joplin-house-for-rent-south-joplin-600/6968014204.html,2019-09-10,16:15,$600,32nd & Connecticut Vicinity,True,None,2,1000ft2
Missouri,joplin,joplin,apa,6975838182,None,"Vending Area, We Offer Pet Insurance, Range",https://joplin.craigslist.org/apa/d/joplin-vending-area-we-offer-pet/6975838182.html,2019-09-10,16:09,$45,None,False,None,None,None
Missouri,joplin,joplin,apa,6975816688,None,BRAND NEW FABULOUS 1 & 2 Bed HOMES,https://joplin.craigslist.org/apa/d/vinita-brand-new-fabulous-1-2-bed-homes/6975816688.html,2019-09-10,15:33,$550,Vinita OK,True,None,2,None
Missouri,joplin,joplin,apa,6975674735,None,Beautiful 2 Bed / 2 bath duplex $795 a month!,https://joplin.craigslist.org/apa/d/joplin-beautiful-2-bed-2-bath-duplex/6975674735.html,2019-09-10,12:57,$795,"Webb City, MO",True,None,2,1060ft2
Missouri,joplin,joplin,apa,6975530531,None,ASK US ABOUT OUR 2 BEDROOM SPECIAL,https://joplin.craigslist.org/apa/d/claremore-ask-us-about-our-2-bedroom/6975530531.html,2019-09-10,10:26,$629,Claremore,True,None,None,908ft2
Missouri,joplin,joplin,apa,6975426743,None,Renovated Row House 3 br avaiĺabĺe- Nice Zone & Location,https://joplin.craigslist.org/apa/d/joplin-renovated-row-house-3-br-avaiabe/6975426743.html,2019-09-10,08:54,$500,joplin,True,None,3,1065ft2
Missouri,joplin,joplin,apa,6975396820,None,3 bedroom 2 bathrooms Nice schools,https://joplin.craigslist.org/apa/d/asbury-3-bedroom-2-bathrooms-nice/6975396820.html,2019-09-10,08:40,$925,Webb City or Baxter Springs,True,None,5,1165ft2
Missouri,joplin,joplin,apa,6975389054,5880057186,House for Rent,https://joplin.craigslist.org/apa/d/house-for-rent/6975389054.html,2019-09-10,06:47,$675,"324 St. John, Neosho, MO",False,None,3,None
Missouri,joplin,joplin,apa,6974881966,None,Joplin Plaza,https://joplin.craigslist.org/apa/d/joplin-joplin-plaza/6974881966.html,2019-09-09,12:30,$1650,Joplin,True,None,1,995ft2
Missouri,joplin,joplin,apa,6974841659,None,Beautiful 2 Bed / 2 Bath Duplex Only $795 A Month!,https://joplin.craigslist.org/apa/d/joplin-beautiful-2-bed-2-bath-duplex/6974841659.html,2019-09-09,11:51,$795,"Webb City, MO",True,None,2,1060ft2
Missouri,joplin,joplin,apa,6974828710,None,Available soon! 2 Bed / 2 bath apartment only $635 a month!,https://joplin.craigslist.org/apa/d/joplin-available-soon-2-bed-2-bath/6974828710.html,2019-09-09,11:38,$635,"Webb City, MO",True,None,2,997ft2
Missouri,joplin,joplin,apa,6974817968,None,2 CAR GARAGE...,https://joplin.craigslist.org/apa/d/carterville-2-car-garage/6974817968.html,2019-09-09,11:28,$1125,Webb City,True,None,2,1318ft2
Missouri,joplin,joplin,apa,6974781569,None,2 Bedroom 2 Bath Duplex. Garage. Yard. $730/$730,https://joplin.craigslist.org/apa/d/joplin-2-bedroom-2-bath-duplex-garage/6974781569.html,2019-09-09,10:53,$730,1805 E 18th.,True,None,2,1180ft2
Missouri,joplin,joplin,apa,6973437457,None,Large 2 bedroom 1 bath,https://joplin.craigslist.org/apa/d/carl-junction-large-2-bedroom-1-bath/6973437457.html,2019-09-07,10:25,$600,Joplin,True,None,2,None
Missouri,joplin,joplin,apa,6973403375,None,Buckhead 2 Bedroom 2 Bath Townhomes for Rent in joplin $400,https://joplin.craigslist.org/apa/d/buckhead-2-bedroom-2-bath-townhomes-for/6973403375.html,2019-09-07,09:45,$400,None,True,None,None,None
Missouri,joplin,joplin,apa,6973325567,None,Renovated Row House 3 br avaiĺabĺe- Nice Zone & Location,https://joplin.craigslist.org/apa/d/joplin-renovated-row-house-3-br-avaiabe/6973325567.html,2019-09-07,09:26,$640,joplin,True,None,3,780ft2
Missouri,joplin,joplin,apa,6973335972,None,Nice 3 Bed 1.5 Bath Home in Cassville!,https://joplin.craigslist.org/apa/d/cassville-nice-3-bed-15-bath-home-in/6973335972.html,2019-09-07,08:04,$800,"Cassville, MO",True,None,3,1084ft2
Missouri,joplin,joplin,apa,6973136869,None,2 bedroom trailer for maintance on property,https://joplin.craigslist.org/apa/d/joplin-2-bedroom-trailer-for-maintance/6973136869.html,2019-09-06,19:28,$350,43 south,False,None,2,None
Missouri,joplin,joplin,apa,6972846694,None,Three Bedroom House in Joplin,https://joplin.craigslist.org/apa/d/joplin-three-bedroom-house-in-joplin/6972846694.html,2019-09-06,13:05,$1200,Joplin,True,None,3,1600ft2
Missouri,joplin,joplin,apa,6972758528,None,three bedroom house for rent $650,https://joplin.craigslist.org/apa/d/riverton-three-bedroom-house-for-rent/6972758528.html,2019-09-06,11:35,$650,baxter springs,False,None,None,1000ft2
Missouri,joplin,joplin,apa,6972278569,6904123208,Utilities included in rent Apartment for Rent,https://joplin.craigslist.org/apa/d/carthage-utilities-included-in-rent/6972278569.html,2019-09-05,16:33,$700,"Carthage, MO Square",False,None,1,None
Missouri,joplin,joplin,apa,6972158112,None,1 Bed 1 Bath apartment. Some utilities paid. $430$/430,https://joplin.craigslist.org/apa/d/joplin-1-bed-1-bath-apartment-some/6972158112.html,2019-09-05,14:11,$430,303 S Highland,True,None,1,600ft2
Missouri,joplin,joplin,apa,6961655768,6453242571,1520 Byers 2 bd 1 bath $ 525,https://joplin.craigslist.org/apa/d/joplin-1520-byers-2-bd-1-bath-525/6961655768.html,2019-09-05,08:38,$525,None,False,None,2,None
Missouri,joplin,joplin,apa,6971667230,4709241960,2 Bedroom 1 Bath - 1000 Sq Ft,https://joplin.craigslist.org/apa/d/carl-junction-2-bedroom-1-bath-sq-ft/6971667230.html,2019-09-04,20:06,$585,Carl Junction,True,None,2,1000ft2
Missouri,joplin,joplin,apa,6971665513,6681037078,"3 Bedroom Townhome style Duplex - Basement, Air, Carl Junciton MO",https://joplin.craigslist.org/apa/d/carl-junction-3-bedroom-townhome-style/6971665513.html,2019-09-04,19:58,$795,Carl Junction,True,None,3,1200ft2
Missouri,joplin,joplin,apa,6971503451,None,"3 bdrm, 2 bath with 2 car garage",https://joplin.craigslist.org/apa/d/joplin-3-bdrm-2-bath-with-2-car-garage/6971503451.html,2019-09-04,15:59,$850,"Joplin, MO",True,None,3,1450ft2
Missouri,joplin,joplin,apa,6971427006,None,The home is light and bright.,https://joplin.craigslist.org/apa/d/joplin-the-home-is-light-and-bright/6971427006.html,2019-09-04,14:46,$0,None,False,None,None,None
Missouri,joplin,joplin,apa,6971343552,None,Joplin Plaza,https://joplin.craigslist.org/apa/d/joplin-joplin-plaza/6971343552.html,2019-09-04,13:01,$1850,Joplin,True,None,2,1195ft2
Missouri,joplin,joplin,apa,6953735968,None,1 bed room with garage,https://joplin.craigslist.org/apa/d/joplin-1-bed-room-with-garage/6953735968.html,2019-09-03,16:41,$475,Joplin,True,None,1,650ft2
Missouri,joplin,joplin,apa,6970498232,None,Mobil home for rent,https://joplin.craigslist.org/apa/d/wyandotte-mobil-home-for-rent/6970498232.html,2019-09-03,11:40,$450,Wyandotte ok,False,None,2,None
Missouri,joplin,joplin,apa,6950634933,None,Apartment for rent in Lamar,https://joplin.craigslist.org/apa/d/lamar-apartment-for-rent-in-lamar/6950634933.html,2019-09-03,10:11,$450,None,True,None,2,None
Missouri,joplin,joplin,apa,6970392743,None,2 bath Town-House  For Rent near Joplin in,https://joplin.craigslist.org/apa/d/newtonia-2-bath-town-house-for-rent/6970392743.html,2019-09-03,09:49,$995,Neosho,True,None,3,1277ft2
Missouri,joplin,joplin,apa,6969948745,6930812604,Senior adult living,https://joplin.craigslist.org/apa/d/neosho-senior-adult-living/6969948745.html,2019-09-02,14:49,$725,Neosho,True,None,2,1000ft2
Missouri,joplin,joplin,apa,6969884665,6294476650,Large 1 Bedroom Apartment -Furnished- Garage Parking - Utilities Incl.,https://joplin.craigslist.org/apa/d/joplin-large-1-bedroom-apartment/6969884665.html,2019-09-02,13:29,$615,Joplin,True,None,1,None
Missouri,joplin,joplin,apa,6969648182,None,Three bedroom house,https://joplin.craigslist.org/apa/d/riverton-three-bedroom-house/6969648182.html,2019-09-02,08:18,$650,Baxter Springs,False,None,None,1000ft2
Missouri,joplin,joplin,apa,6969285294,3459274784,HOUSE FOR RENT,https://joplin.craigslist.org/apa/d/house-for-rent/6969285294.html,2019-09-01,13:35,$850,"joplin, mo",False,None,4,1500ft2
Missouri,joplin,joplin,apa,6968009171,4535330374,3 bedroom house for rent,https://joplin.craigslist.org/apa/d/3-bedroom-house-for-rent/6968009171.html,2019-08-30,12:57,$725,"Seneca, MO",True,None,3,1100ft2
Missouri,joplin,joplin,apa,6967958284,None,Beautiful Home for Rent,https://joplin.craigslist.org/apa/d/carthage-beautiful-home-for-rent/6967958284.html,2019-08-30,12:02,$700,Carthage,True,None,2,1100ft2
Missouri,joplin,joplin,apa,6967923883,None,Joplin Plaza,https://joplin.craigslist.org/apa/d/joplin-joplin-plaza/6967923883.html,2019-08-30,11:25,$850,Joplin,True,None,None,None
Missouri,joplin,joplin,apa,6967909456,None,"Exceptional Quality, Looks, and Location",https://joplin.craigslist.org/apa/d/webb-city-exceptional-quality-looks-and/6967909456.html,2019-08-30,11:09,$775,"Robin Ridge, Webb City",True,None,2,None
Missouri,joplin,joplin,apa,6967789166,None,Three bedroom home for lease,https://joplin.craigslist.org/apa/d/carterville-three-bedroom-home-for-lease/6967789166.html,2019-08-30,08:38,$750,"Webb City, MO",False,None,3,1300ft2
Missouri,joplin,joplin,apa,6967756825,None,We currently have gorgeous: 2 Bedroom 2.5 Bathroom from $500 per month,https://joplin.craigslist.org/apa/d/warrendale-we-currently-have-gorgeous-2/6967756825.html,2019-08-30,07:41,$500,joplin,True,None,2,None
Missouri,joplin,joplin,apa,6967495316,None,2 Bedroom/ 2 Bath For September Only $635 A Month!,https://joplin.craigslist.org/apa/d/joplin-2-bedroom-2-bath-for-september/6967495316.html,2019-08-29,16:51,$635,"Webb City, MO",True,None,2,997ft2
Missouri,joplin,joplin,apa,6967260896,None,One bedroom apt for rent,https://joplin.craigslist.org/apa/d/copan-one-bedroom-apt-for-rent/6967260896.html,2019-08-29,12:10,$450,1002 Roosevelt,False,None,1,None
Missouri,joplin,joplin,apa,6967243686,6847595983,Apartment for rent,https://joplin.craigslist.org/apa/d/joplin-apartment-for-rent/6967243686.html,2019-08-29,11:51,$425,1110 1/2 W 8th in Joplin,False,None,2,None
Missouri,joplin,joplin,apa,6966923928,None,Newly remodeled 2 bedroom house,https://joplin.craigslist.org/apa/d/joplin-newly-remodeled-2-bedroom-house/6966923928.html,2019-08-28,20:45,$600,Joplin,False,None,2,None
Missouri,joplin,joplin,apa,6966920246,None,2 Bedroom Clean and Ready Manufactured Home,https://joplin.craigslist.org/apa/d/joplin-2-bedroom-clean-and-ready/6966920246.html,2019-08-28,20:37,$585,Joplin,False,None,2,None
Missouri,joplin,joplin,apa,6966806470,None,Housing for Rent ( affordable),https://joplin.craigslist.org/apa/d/joplin-housing-for-rent-affordable/6966806470.html,2019-08-28,17:15,$700,"Joplin, MO",True,None,2,736ft2
Missouri,joplin,joplin,apa,6966791462,None,Housing for Rent ( affordable),https://joplin.craigslist.org/apa/d/joplin-housing-for-rent-affordable/6966791462.html,2019-08-28,16:54,$700,"Joplin, MO",True,None,2,736ft2
Missouri,joplin,joplin,apa,6966554359,None,Joplin Plaza,https://joplin.craigslist.org/apa/d/joplin-joplin-plaza/6966554359.html,2019-08-28,12:16,$1650,Joplin,True,None,1,995ft2
Missouri,joplin,joplin,apa,6966340272,6879977469,Mobile home 2 bedroom for rent,https://joplin.craigslist.org/apa/d/racine-mobile-home-2-bedroom-for-rent/6966340272.html,2019-08-28,07:55,$450,6208 Gayle Lane,True,None,2,None
Missouri,joplin,joplin,apa,6966165736,None,Mobile Home for Rent,https://joplin.craigslist.org/apa/d/asbury-mobile-home-for-rent/6966165736.html,2019-08-27,19:47,$300,None,False,None,None,None
Missouri,joplin,joplin,apa,6965739619,None,2 Bedroom/ 2 Bath For October Only $635 A Month!,https://joplin.craigslist.org/apa/d/joplin-2-bedroom-2-bath-for-october/6965739619.html,2019-08-27,11:02,$635,"Webb City, MO",True,None,2,997ft2
Missouri,joplin,joplin,apa,6965719625,None,2 Bedroom/ 2 Bath For September Only $635 A Month!,https://joplin.craigslist.org/apa/d/carterville-2-bedroom-2-bath-for/6965719625.html,2019-08-27,10:40,$635,"Webb City, MO",True,None,2,997ft2
Missouri,joplin,joplin,apa,6965686787,None,3 Bed 2 Bath Carthage Home,https://joplin.craigslist.org/apa/d/carthage-3-bed-2-bath-carthage-home/6965686787.html,2019-08-27,10:04,$750,Carthage,True,None,3,None
Missouri,joplin,joplin,apa,6965614338,None,2 Bath Town-House  For Rent Near Joplin,https://joplin.craigslist.org/apa/d/newtonia-2-bath-town-house-for-rent/6965614338.html,2019-08-27,08:28,$995,Neosho Heights,True,None,3,1277ft2
Missouri,joplin,joplin,apa,6965370032,None,"2430 S Grand, for rent to own",https://joplin.craigslist.org/apa/d/joplin-2430-grand-for-rent-to-own/6965370032.html,2019-08-26,18:31,$1265,"Joplin, MO",True,None,3,None
Missouri,joplin,joplin,apa,6946333060,6824881475,2 Bedroom apartments now available rent based on income,https://joplin.craigslist.org/apa/d/lanagan-2-bedroom-apartments-now/6946333060.html,2019-08-26,17:03,$585,"Anderson, MO",True,None,2,None
Missouri,joplin,joplin,apa,6946396775,6721032137,1 Bedroom apartments rent based on income-utilities paid,https://joplin.craigslist.org/apa/d/freistatt-1-bedroom-apartments-rent/6946396775.html,2019-08-26,17:02,$450,Freistatt,True,None,1,None
Missouri,joplin,joplin,apa,6946418414,6737961303,1 Bedroom apartments rent based on income,https://joplin.craigslist.org/apa/d/lamar-1-bedroom-apartments-rent-based/6946418414.html,2019-08-26,17:01,$345,LAMAR,True,None,1,None
Missouri,joplin,joplin,apa,6946423787,6889397587,1 Bedroom apartments rent based on income,https://joplin.craigslist.org/apa/d/monett-1-bedroom-apartments-rent-based/6946423787.html,2019-08-26,17:01,$365,Monett,True,None,1,None
Missouri,joplin,joplin,apa,6946425909,6818630430,1 Bedroom apartments rent based on income,https://joplin.craigslist.org/apa/d/monett-1-bedroom-apartments-rent-based/6946425909.html,2019-08-26,17:01,$384,MONETT,True,None,1,None
Missouri,joplin,joplin,apa,6946431047,6738070869,"2 Bedrooms available now NOEL, MO",https://joplin.craigslist.org/apa/d/noel-2-bedrooms-available-now-noel-mo/6946431047.html,2019-08-26,17:00,$470,NOEL,True,None,2,None
Missouri,joplin,joplin,apa,6946459818,6738097679,2 Bedroom apartment now available rent based on income,https://joplin.craigslist.org/apa/d/pineville-2-bedroom-apartment-now/6946459818.html,2019-08-26,17:00,$515,"Pineville, MO",True,None,2,None
Missouri,joplin,joplin,apa,6946475181,6830181245,1 Bedroom apartments All utilities paid,https://joplin.craigslist.org/apa/d/wheaton-1-bedroom-apartments-all/6946475181.html,2019-08-26,16:59,$453,Wheaton,True,None,1,None
Missouri,joplin,joplin,apa,6965207719,4809423638,Neosho Bed & Bath Motel,https://joplin.craigslist.org/apa/d/neosho-bed-bath-motel/6965207719.html,2019-08-26,15:01,$130,Neosho,True,None,1,None
Missouri,joplin,joplin,apa,6965132601,None,Joplin Plaza,https://joplin.craigslist.org/apa/d/joplin-joplin-plaza/6965132601.html,2019-08-26,13:41,$1850,None,True,None,2,1195ft2
Missouri,joplin,joplin,apa,6946578448,4371763820,814 S. Forest Duplex,https://joplin.craigslist.org/apa/d/814-forest-duplex/6946578448.html,2019-08-26,10:42,$675,"Joplin, MO",True,None,2,None
Missouri,joplin,joplin,apa,6964270755,None,Furnished Florida Home,https://joplin.craigslist.org/apa/d/bradenton-furnished-florida-home/6964270755.html,2019-08-25,10:15,$2600,BRADENTON,False,None,3,None
Missouri,joplin,joplin,apa,6947573507,None,The ABCs of Apartment Searching.... Sunday Open House 12pm to 4pm,https://joplin.craigslist.org/apa/d/joplin-the-abcs-of-apartment-searching/6947573507.html,2019-08-25,08:41,$600,"Joplin, MO",True,None,3,1187ft2
Missouri,joplin,joplin,apa,6964171833,None,This home ready for a new family.,https://joplin.craigslist.org/apa/d/joplin-this-home-ready-for-new-family/6964171833.html,2019-08-25,06:20,$840,Joplin,True,None,3,2042ft2
Missouri,joplin,joplin,apa,6964051452,None,small cabin for rent in noel,https://joplin.craigslist.org/apa/d/noel-small-cabin-for-rent-in-noel/6964051452.html,2019-08-24,19:31,$155,noel,False,None,None,None
Missouri,joplin,joplin,apa,6964025500,None,Quiet. Like new. Secure neighborhood. Efficient,https://joplin.craigslist.org/apa/d/joplin-quiet-like-new-secure/6964025500.html,2019-08-24,18:39,$750,JOPLIN,True,None,2,1133ft2
Missouri,joplin,joplin,apa,6964013475,None,"Spacious, new looking, quiet, good neighborhood",https://joplin.craigslist.org/apa/d/webb-city-spacious-new-looking-quiet/6964013475.html,2019-08-24,18:15,$775,"Robin Ridge, Webb City",True,None,2,1250ft2
Missouri,joplin,joplin,apa,6963548441,None,For rent,https://joplin.craigslist.org/apa/d/arma-for-rent/6963548441.html,2019-08-24,08:12,$650,"Arma, ks",True,None,3,1300ft2
Missouri,joplin,joplin,apa,6963319945,None,3 bedroom 1 bath house for rent,https://joplin.craigslist.org/apa/d/joplin-3-bedroom-1-bath-house-for-rent/6963319945.html,2019-08-23,18:10,$750,Joplin,True,None,4,1260ft2
Missouri,joplin,joplin,apa,6962899507,None,Nice Country House in Milo for rent 800/month,https://joplin.craigslist.org/apa/d/sheldon-nice-country-house-in-milo-for/6962899507.html,2019-08-23,10:33,$800,"Milo, mo",True,None,None,None
Missouri,joplin,joplin,apa,6962905282,None,3 BR/1.5 BA house w/ fenced backyard,https://joplin.craigslist.org/apa/d/joplin-3-br-15-ba-house-fenced-backyard/6962905282.html,2019-08-23,10:18,$750,Joplin,True,None,3,1400ft2
Missouri,joplin,joplin,apa,6962705560,None,Three bedroom house,https://joplin.craigslist.org/apa/d/riverton-three-bedroom-house/6962705560.html,2019-08-22,22:58,$650,baxter springs,False,None,3,1000ft2
Missouri,joplin,joplin,apa,6962594239,6920463316,Neosho house for rent! 439 Brook,https://joplin.craigslist.org/apa/d/saginaw-neosho-house-for-rent-439-brook/6962594239.html,2019-08-22,18:42,$550,Neosho,False,None,2,None
Missouri,joplin,joplin,apa,6941210820,None,5066 A Raintree Circle & 2500 B N. Loma Linda,https://joplin.craigslist.org/apa/d/joplin-5066-raintree-circle-n-loma-linda/6941210820.html,2019-08-22,16:10,$1250,"Joplin, MO",True,None,3,1800ft2
Missouri,joplin,joplin,apa,6941973963,None,"400 East Elk 6C, 1D, 10D",https://joplin.craigslist.org/apa/d/carthage-400-east-elk-6c-1d-10d/6941973963.html,2019-08-22,16:10,$595,"Carthage, MO",True,None,1,550ft2
Missouri,joplin,joplin,apa,6952216898,6894126220,"Very clean, nice 3 bedroom",https://joplin.craigslist.org/apa/d/carthage-very-clean-nice-3-bedroom/6952216898.html,2019-08-22,14:44,$625,"816 Olive Carthage,MO",False,None,3,None
Missouri,joplin,joplin,apa,6961972493,4199045114,duplex for rent,https://joplin.craigslist.org/apa/d/joplin-duplex-for-rent/6961972493.html,2019-08-21,22:51,$335,"Joplin, MO",False,None,1,700ft2
Missouri,joplin,joplin,apa,6961970758,4199045114,"2 bedroom, 2 bath apartment for rent near WalMart",https://joplin.craigslist.org/apa/d/grove-2-bedroom-2-bath-apartment-for/6961970758.html,2019-08-21,22:45,$450,"Grove, OK",False,None,2,900ft2
Missouri,joplin,joplin,apa,6961969836,4730641722,2 bedroom 2 bath apartment near WalMart,https://joplin.craigslist.org/apa/d/2-bedroom-2-bath-apartment-near-walmart/6961969836.html,2019-08-21,22:42,$450,"Grove, OK",False,None,2,900ft2
Missouri,joplin,joplin,apa,6961546421,None,Joplin Plaza,https://joplin.craigslist.org/apa/d/joplin-joplin-plaza/6961546421.html,2019-08-21,12:24,$850,Joplin,True,None,None,1195ft2
Missouri,joplin,joplin,apa,6942032556,None,Brand New 3 Bedroom 2 Bath Duplex!  Pet Friendly,https://joplin.craigslist.org/apa/d/joplin-brand-new-3-bedroom-2-bath/6942032556.html,2019-08-20,10:10,$995,1105 S Wisconsin,True,None,3,None
Missouri,joplin,joplin,apa,6942942655,None,Elegant Duplex!  Pet Friendly!,https://joplin.craigslist.org/apa/d/joplin-elegant-duplex-pet-friendly/6942942655.html,2019-08-20,10:10,$1195,None,True,None,3,None
Missouri,joplin,joplin,apa,6960580092,6676120827,Senior 1 & 2 Bedroom Apartments Brand New,https://joplin.craigslist.org/apa/d/vinita-senior-1-2-bedroom-apartments/6960580092.html,2019-08-20,08:29,$550,Vinita,True,None,2,None
Missouri,joplin,joplin,apa,6947711017,None,Pet Friendly Downtown Arts District LOFT on Main St. Joplin,https://joplin.craigslist.org/apa/d/joplin-pet-friendly-downtown-arts/6947711017.html,2019-08-20,05:35,$1200,"Joplin, MO",True,None,3,2500ft2
Missouri,joplin,joplin,apa,6960048837,None,Joplin Plaza,https://joplin.craigslist.org/apa/d/joplin-joplin-plaza/6960048837.html,2019-08-19,12:55,$1650,Joplin,True,None,1,995ft2
Missouri,joplin,joplin,apa,6959965064,4337831998,"2BR, Comfy, Cozy Living, Fireplace",https://joplin.craigslist.org/apa/d/nevada-2br-comfy-cozy-living-fireplace/6959965064.html,2019-08-19,11:33,$585,"Apt B 1315 W Austin Nevada, MO",True,None,2,880ft2
Missouri,joplin,joplin,apa,6958862993,None,1 Bedroom Duplex For Rent,https://joplin.craigslist.org/apa/d/joplin-1-bedroom-duplex-for-rent/6958862993.html,2019-08-17,15:30,$650,Joplin,False,None,1,None
