Utah,stgeorge,stgeorge,apa,6992197581,None,1x1 Apartment near South Ogden Nature Park,https://stgeorge.craigslist.org/apa/d/ogden-1x1-apartment-near-south-ogden/6992197581.html,2019-10-03,17:55,$1030,None,True,None,1,937ft2
Utah,stgeorge,stgeorge,apa,6992165587,None,"Great views!  Condo level entry, main floor.  Close to all.",https://stgeorge.craigslist.org/apa/d/saint-george-great-views-condo-level/6992165587.html,2019-10-03,17:00,$1250,"St. George, UT",True,None,2,1150ft2
Utah,stgeorge,stgeorge,apa,6982070041,None,Great condo located near hospital and university,https://stgeorge.craigslist.org/apa/d/saint-george-great-condo-located-near/6982070041.html,2019-10-03,16:43,$1150,"455 S 1100 E #3 St. George, UT",True,None,3,1000ft2
Utah,stgeorge,stgeorge,apa,6992131205,None,Down Town Beauty 4 bed 2 bath Updated home *Pets Allowed*,https://stgeorge.craigslist.org/apa/d/santa-clara-down-town-beauty-4-bed-2/6992131205.html,2019-10-03,16:07,$1750,None,True,None,4,2088ft2
Utah,stgeorge,stgeorge,apa,6992123329,None,Great 4 bedroom condo in Hurricane,https://stgeorge.craigslist.org/apa/d/hildale-great-4-bedroom-condo-in/6992123329.html,2019-10-03,15:56,$1450,None,True,None,4,2434ft2
Utah,stgeorge,stgeorge,apa,6977383881,4598607914,Bluffview Town home w/ garage,https://stgeorge.craigslist.org/apa/d/bluffview-town-home-garage/6977383881.html,2019-10-03,15:49,$1275,"Washington, UT",True,None,3,1320ft2
Utah,stgeorge,stgeorge,apa,6989708140,4495659788,The Flats in St. George,https://stgeorge.craigslist.org/apa/d/the-flats-in-st-george/6989708140.html,2019-10-03,15:49,$1275,"2801 East 450 North, St. George",False,None,3,None
Utah,stgeorge,stgeorge,apa,6989838989,4854133127,Rental - Southgate Town home,https://stgeorge.craigslist.org/apa/d/rental-southgate-town-home/6989838989.html,2019-10-03,15:48,$1255,"2075 S Sir Monte Drive, St. George, UT",False,None,3,1480ft2
Utah,stgeorge,stgeorge,apa,6992073877,None,3 Bedroom Townhouse with Garage,https://stgeorge.craigslist.org/apa/d/washington-3-bedroom-townhouse-with/6992073877.html,2019-10-03,14:50,$1400,Washington,True,None,3,1366ft2
Utah,stgeorge,stgeorge,apa,6992056685,None,Luxury 2x2 Apartment Includes a Private Patio or Balcony!,https://stgeorge.craigslist.org/apa/d/ogden-luxury-2x2-apartment-includes/6992056685.html,2019-10-03,14:29,$1245,None,True,None,2,1312ft2
Utah,stgeorge,stgeorge,apa,6992029873,4288268249,"FURNISHED, SPACIOUS,  PRIVATE, w/FREE UTILITIES",https://stgeorge.craigslist.org/apa/d/furnished-spacious-private-free/6992029873.html,2019-10-03,13:56,$575,Hurricane,True,None,1,600ft2
Utah,stgeorge,stgeorge,apa,6991983422,6971558339,Upstairs Apartment of house in Cedar City,https://stgeorge.craigslist.org/apa/d/cedar-city-upstairs-apartment-of-house/6991983422.html,2019-10-03,13:02,$675,Cedar City,True,None,2,700ft2
Utah,stgeorge,stgeorge,apa,6980796783,None,"Affordable, 2 Story Town Home - Centrally Located!",https://stgeorge.craigslist.org/apa/d/cedar-city-affordable-2-story-town-home/6980796783.html,2019-10-03,12:56,$675,Cedar City,True,None,2,None
Utah,stgeorge,stgeorge,apa,6976556231,None,Dog Friendly Rental in Cedar City!,https://stgeorge.craigslist.org/apa/d/cedar-city-dog-friendly-rental-in-cedar/6976556231.html,2019-10-03,12:56,$1050,534 W 1950 N,True,None,3,None
Utah,stgeorge,stgeorge,apa,6976578911,None,Charming Townhome on the North End of Town,https://stgeorge.craigslist.org/apa/d/cedar-city-charming-townhome-on-the/6976578911.html,2019-10-03,12:56,$1300,Cedar City,True,None,3,None
Utah,stgeorge,stgeorge,apa,6986379765,None,"Charming Two Bedroom, One Bathroom Downstairs Apartment in Cedar City",https://stgeorge.craigslist.org/apa/d/cedar-city-charming-two-bedroom-one/6986379765.html,2019-10-03,12:56,$650,Cedar City,True,None,2,None
Utah,stgeorge,stgeorge,apa,6986438302,None,Twin Home Available in Great Area!,https://stgeorge.craigslist.org/apa/d/cedar-city-twin-home-available-in-great/6986438302.html,2019-10-03,12:55,$1000,Cedar City,True,None,3,None
Utah,stgeorge,stgeorge,apa,6987942769,None,"Large, Single Family Home in Cedar City",https://stgeorge.craigslist.org/apa/d/cedar-city-large-single-family-home-in/6987942769.html,2019-10-03,12:55,$1300,Cedar City,True,None,5,None
Utah,stgeorge,stgeorge,apa,6986566915,None,Beautiful Townhome - Walking Distance to SUU!,https://stgeorge.craigslist.org/apa/d/cedar-city-beautiful-townhome-walking/6986566915.html,2019-10-03,12:55,$1200,Cedar City,True,None,3,None
Utah,stgeorge,stgeorge,apa,6986532606,None,Centrally Located Vintage Home,https://stgeorge.craigslist.org/apa/d/cedar-city-centrally-located-vintage/6986532606.html,2019-10-03,12:55,$850,Cedar City,True,None,2,None
Utah,stgeorge,stgeorge,apa,6986514209,None,"Over-sized four bedroom, 2 bathroom apartment",https://stgeorge.craigslist.org/apa/d/cedar-city-over-sized-four-bedroom-2/6986514209.html,2019-10-03,12:55,$750,Cedar City,True,None,4,None
Utah,stgeorge,stgeorge,apa,6986605344,None,Single Family Home with a Large Yard,https://stgeorge.craigslist.org/apa/d/cedar-city-single-family-home-with/6986605344.html,2019-10-03,12:55,$1150,Cedar City,True,None,3,None
Utah,stgeorge,stgeorge,apa,6986506549,None,"Move In Discount! Pet-Friendly, Single Family Home in Cedar City",https://stgeorge.craigslist.org/apa/d/cedar-city-move-in-discount-pet/6986506549.html,2019-10-03,12:55,$1250,Cedar City,True,None,3,None
Utah,stgeorge,stgeorge,apa,6991942757,6014840052,Beautiful 2 bedroom home & Office,https://stgeorge.craigslist.org/apa/d/beautiful-2-bedroom-home-office/6991942757.html,2019-10-03,12:17,$1350,St. George,True,None,2,1350ft2
Utah,stgeorge,stgeorge,apa,6991914031,5400516631,Why are you still renting???,https://stgeorge.craigslist.org/apa/d/virgin-why-are-you-still-renting/6991914031.html,2019-10-03,12:16,$1500,HURRICANE,True,None,4,2400ft2
Utah,stgeorge,stgeorge,apa,6981901280,None,Live the Uptown urban lifestyle you crave!,https://stgeorge.craigslist.org/apa/d/rockville-live-the-uptown-urban/6981901280.html,2019-10-03,12:11,$1250,"Colorado City, AZ",True,None,2,None
Utah,stgeorge,stgeorge,apa,6988275798,None,This 2 bedroom 2 bath condo in  Colorado City !!,https://stgeorge.craigslist.org/apa/d/rockville-this-2-bedroom-2-bath-condo/6988275798.html,2019-10-03,12:11,$1300,"Hildale St, Colorado City, AZ",True,None,2,None
Utah,stgeorge,stgeorge,apa,6991931816,None,"Near Great Schools, Beautifully Landscaped, Income Restrictions Apply",https://stgeorge.craigslist.org/apa/d/cedar-city-near-great-schools/6991931816.html,2019-10-03,12:05,$650,Cedar City,True,None,2,885ft2
Utah,stgeorge,stgeorge,apa,6973016702,5400516631,Why are you still renting???,https://stgeorge.craigslist.org/apa/d/why-are-you-still-renting/6973016702.html,2019-10-03,11:55,$1800,HURRICANE,True,None,3,1400ft2
Utah,stgeorge,stgeorge,apa,6973017397,5400516631,Why are you still renting?,https://stgeorge.craigslist.org/apa/d/santa-clara-why-are-you-still-renting/6973017397.html,2019-10-03,11:44,$1500,St George,True,None,3,1400ft2
Utah,stgeorge,stgeorge,apa,6976441974,None,3 Bed 2 Bath Home w/2 Car Garage,https://stgeorge.craigslist.org/apa/d/washington-3-bed-2-bath-home-2-car/6976441974.html,2019-10-03,11:08,$1695,Coral Canyon,True,None,3,1900ft2
Utah,stgeorge,stgeorge,apa,6970856689,None,"$200 Discount move in special, 3 bed 2 bath condo w/detached garage",https://stgeorge.craigslist.org/apa/d/ivins-200-discount-move-in-special-3/6970856689.html,2019-10-03,11:08,$995,Ivins,True,None,3,1125ft2
Utah,stgeorge,stgeorge,apa,6976648785,None,3 Bed 2.5 Bath Town Home * Internet Included,https://stgeorge.craigslist.org/apa/d/saint-george-3-bed-25-bath-town-home/6976648785.html,2019-10-03,11:07,$1265,St. George,True,None,3,1480ft2
Utah,stgeorge,stgeorge,apa,6976433948,None,"Beautiful 3 Bed, 2 Bath, 2 Car Garage Home in Stucki Farms",https://stgeorge.craigslist.org/apa/d/saint-george-beautiful-3-bed-2-bath-2/6976433948.html,2019-10-03,11:07,$1925,Washington/ Brio,True,None,3,1814ft2
Utah,stgeorge,stgeorge,apa,6985549286,None,516 N 2200 E,https://stgeorge.craigslist.org/apa/d/saint-george/6985549286.html,2019-10-03,10:18,$1595,SAINT GEORGE,True,None,4,None
Utah,stgeorge,stgeorge,apa,6991780981,None,A 2BR/1.25BA APARTMENT W/ A BREAKFAST BAR IN THE KITCHEN,https://stgeorge.craigslist.org/apa/d/ogden-2br-125ba-apartment-a-breakfast/6991780981.html,2019-10-03,09:21,$1145,None,True,None,2,1204ft2
Utah,stgeorge,stgeorge,apa,6991747866,None,Single father of 2 kids,https://stgeorge.craigslist.org/apa/d/central-single-father-of-2-kids/6991747866.html,2019-10-03,08:41,$1200,None,True,None,None,None
Utah,stgeorge,stgeorge,apa,6980515458,None,ST.GEORGE,https://stgeorge.craigslist.org/apa/d/santa-clara-stgeorge/6980515458.html,2019-10-03,07:42,$900,639 east 700 south,False,None,None,None
Utah,stgeorge,stgeorge,apa,6989798743,6935207664,"Home for Rent in White Sage, Washington Fields",https://stgeorge.craigslist.org/apa/d/washington-home-for-rent-in-white-sage/6989798743.html,2019-10-02,20:34,$1850,Washington,True,None,4,2000ft2
Utah,stgeorge,stgeorge,apa,6991487362,None,$500 OFF LARGEST TWO BEDROOM IMMEDIATE MOVE IN,https://stgeorge.craigslist.org/apa/d/saint-george-500-off-largest-two/6991487362.html,2019-10-02,18:07,$1565,Legacy Ridge Apartments,True,None,2,1084ft2
Utah,stgeorge,stgeorge,apa,6991473084,None,"Professionally Managed Affordable Living, Call for Rental Criteria",https://stgeorge.craigslist.org/apa/d/cedar-city-professionally-managed/6991473084.html,2019-10-02,17:41,$750,Cedar City,True,None,3,1117ft2
Utah,stgeorge,stgeorge,apa,6991460265,None,Single Family Home for Rent,https://stgeorge.craigslist.org/apa/d/saint-george-single-family-home-for-rent/6991460265.html,2019-10-02,17:20,$1650,Bloomington Hills,True,None,3,1500ft2
Utah,stgeorge,stgeorge,apa,6991432841,None,A 1x1 Apartment w/ Contemporary Lighting & a Breakfast Bar!,https://stgeorge.craigslist.org/apa/d/ogden-1x1-apartment-contemporary/6991432841.html,2019-10-02,16:37,$1030,None,True,None,1,937ft2
Utah,stgeorge,stgeorge,apa,6991333815,6956689347,"1265 N Cedar Blvd Cedar City, UT 84720",https://stgeorge.craigslist.org/apa/d/cedar-city-1265-cedar-blvd-cedar-city/6991333815.html,2019-10-02,14:27,$1100,Cedar City UT 84720,True,None,3,None
Utah,stgeorge,stgeorge,apa,6991297719,None,A 1x1 Apartment w/ Contemporary Lighting & a Breakfast Bar!,https://stgeorge.craigslist.org/apa/d/ogden-1x1-apartment-contemporary/6991297719.html,2019-10-02,13:44,$1030,None,True,None,1,None
Utah,stgeorge,stgeorge,apa,6991235093,None,Nice 4 Bedroom Home in Shadow Mtn Area,https://stgeorge.craigslist.org/apa/d/santa-clara-nice-4-bedroom-home-in/6991235093.html,2019-10-02,12:34,$1750,None,True,None,4,2000ft2
Utah,stgeorge,stgeorge,apa,6972308023,None,Newly Built 6 Bed 3.5 Bath Town Home 2 Car Garage,https://stgeorge.craigslist.org/apa/d/washington-newly-built-6-bed-35-bath/6972308023.html,2019-10-02,12:06,$1750,None,True,None,6,2888ft2
Utah,stgeorge,stgeorge,apa,6991197191,None,"Lease Now, Convenient Location, Dishwasher, Affordable, WD Hook Up",https://stgeorge.craigslist.org/apa/d/cedar-city-lease-now-convenient/6991197191.html,2019-10-02,11:53,$650,Cedar City,True,None,2,885ft2
Utah,stgeorge,stgeorge,apa,6991189342,None,Springdale Apartment 2 Bed 2 Bath,https://stgeorge.craigslist.org/apa/d/springdale-springdale-apartment-2-bed-2/6991189342.html,2019-10-02,11:48,$1500,Springdale,True,None,2,1500ft2
Utah,stgeorge,stgeorge,apa,6986266397,None,2924 Overlook Drive,https://stgeorge.craigslist.org/apa/d/saint-george-2924-overlook-drive/6986266397.html,2019-10-02,11:32,$1795,St. George,True,None,5,2051ft2
Utah,stgeorge,stgeorge,apa,6991065986,None,Won't last 4 bedroom 2 bath  stainless fridge Pine Valley Veyo,https://stgeorge.craigslist.org/apa/d/santa-clara-wont-last-4-bedroom-2-bath/6991065986.html,2019-10-02,09:47,$1025,Brian Head   Moccasin,True,None,4,1845ft2
Utah,stgeorge,stgeorge,apa,6991054604,None,3 Bedroom 2 bath house.,https://stgeorge.craigslist.org/apa/d/hildale-3-bedroom-2-bath-house/6991054604.html,2019-10-02,09:23,$1850,Hurricane,True,None,3,1830ft2
Utah,stgeorge,stgeorge,apa,6987815594,None,Student housing Private Rooms available with private bathroom,https://stgeorge.craigslist.org/apa/d/cedar-city-student-housing-private/6987815594.html,2019-10-02,09:22,$350,"519 S 1275 W Cedar City, UT",True,None,None,None
Utah,stgeorge,stgeorge,apa,6987361960,None,"3 bedroom 2 bath 1 car garage, located by Canyon View HS!",https://stgeorge.craigslist.org/apa/d/cedar-city-3-bedroom-2-bath-1-car/6987361960.html,2019-10-02,09:22,$995,"1947 N. 550 West, Cedar City, UT",True,None,3,1232ft2
Utah,stgeorge,stgeorge,apa,6987118758,None,2 bedroom 1.5 bath two story duplex with 1 car garage,https://stgeorge.craigslist.org/apa/d/cedar-city-2-bedroom-15-bath-two-story/6987118758.html,2019-10-02,09:21,$825,1586 East Southern Homestead,True,None,2,890ft2
Utah,stgeorge,stgeorge,apa,6982408979,None,"3 Bedroom 3 Bathroom Apartment, close to SUU!",https://stgeorge.craigslist.org/apa/d/cedar-city-3-bedroom-3-bathroom/6982408979.html,2019-10-02,09:21,$795,"413 South 1275 West #4, Cedar City",True,None,3,1233ft2
Utah,stgeorge,stgeorge,apa,6987702404,None,2 Bedroom/2 Bathroom/1 car garage Dowtown Townhome,https://stgeorge.craigslist.org/apa/d/saint-george-2-bedroom-2-bathroom-1-car/6987702404.html,2019-10-02,08:03,$1000,St. George Downtown,True,None,2,1050ft2
Utah,stgeorge,stgeorge,apa,6990989737,6961397437,2br Apartment for Rent in St. George,https://stgeorge.craigslist.org/apa/d/saint-george-2br-apartment-for-rent-in/6990989737.html,2019-10-02,08:02,$850,None,True,None,None,None
Utah,stgeorge,stgeorge,apa,6978509701,None,ST.GEORGE,https://stgeorge.craigslist.org/apa/d/santa-clara-stgeorge/6978509701.html,2019-10-02,07:47,$1500,1325 west  625  north,False,None,None,None
Utah,stgeorge,stgeorge,apa,6971234618,None,ST.GEORGE dixie downs,https://stgeorge.craigslist.org/apa/d/santa-clara-stgeorge-dixie-downs/6971234618.html,2019-10-02,07:46,$1200,1700 west  2065 north,False,None,None,None
Utah,stgeorge,stgeorge,apa,6986149551,None,st.george,https://stgeorge.craigslist.org/apa/d/santa-clara-stgeorge/6986149551.html,2019-10-02,07:46,$2250,1215 Tee LOOP DRIVE,False,None,None,None
Utah,stgeorge,stgeorge,apa,6971167472,None,apartment/st.george/639 east 700 south,https://stgeorge.craigslist.org/apa/d/santa-clara-apartment-stgeorge-639-east/6971167472.html,2019-10-02,07:01,$900,st.george,False,None,None,800ft2
Utah,stgeorge,stgeorge,apa,6990773546,None,605 Apartment (Large Room Private Bathroom),https://stgeorge.craigslist.org/apa/d/santa-clara-605-apartment-large-room/6990773546.html,2019-10-01,18:33,$639,St.George,True,None,4,1200ft2
Utah,stgeorge,stgeorge,apa,6990749498,6889813217,Brand New 3 bedroom 2 bath Apartments coming soon!,https://stgeorge.craigslist.org/apa/d/cedar-city-brand-new-3-bedroom-2-bath/6990749498.html,2019-10-01,17:51,$950,"576 West 1045 N Building D, Cedar City, UT",True,None,3,None
Utah,stgeorge,stgeorge,apa,6990628389,None,condo for rent  50 yrs.+,https://stgeorge.craigslist.org/apa/d/hildale-condo-for-rent-50-yrs/6990628389.html,2019-10-01,14:58,$1300,Hurricane,False,None,3,1385ft2
Utah,stgeorge,stgeorge,apa,6990536749,4414309690,5 bedroom 3 bath pool home,https://stgeorge.craigslist.org/apa/d/saint-george-5-bedroom-3-bath-pool-home/6990536749.html,2019-10-01,13:06,$2025,Bloomington,True,None,5,3000ft2
Utah,stgeorge,stgeorge,apa,6990527830,None,2 Bedroom 2 Bath Upstairs Unit in Mesquite,https://stgeorge.craigslist.org/apa/d/mesquite-2-bedroom-2-bath-upstairs-unit/6990527830.html,2019-10-01,12:56,$850,"Mesquite Nevada, Rock Springs 2",True,None,2,1192ft2
Utah,stgeorge,stgeorge,apa,6990517592,None,Blackrock Condo,https://stgeorge.craigslist.org/apa/d/santa-clara-blackrock-condo/6990517592.html,2019-10-01,12:45,$1550,St George,True,None,3,1550ft2
Utah,stgeorge,stgeorge,apa,6990494526,None,Newely remodeled Mobile home for rent,https://stgeorge.craigslist.org/apa/d/santa-clara-newely-remodeled-mobile/6990494526.html,2019-10-01,12:20,$975,"St. George, utah",True,None,2,None
Utah,stgeorge,stgeorge,apa,6990420296,None,"Apply Today, Professionally Managed Affordable Community, Playground",https://stgeorge.craigslist.org/apa/d/cedar-city-apply-today-professionally/6990420296.html,2019-10-01,11:02,$650,Cedar City,True,None,2,885ft2
Utah,stgeorge,stgeorge,apa,6970959790,6333058184,3Bedroom/2 Bath/ 2Car Garage Townhome For rent,https://stgeorge.craigslist.org/apa/d/saint-george-3bedroom-2-bath-2car/6970959790.html,2019-10-01,10:52,$1200,Downtown St George,True,None,3,1254ft2
Utah,stgeorge,stgeorge,apa,6990363554,None,4 Bedroom plus den,https://stgeorge.craigslist.org/apa/d/saint-george-4-bedroom-plus-den/6990363554.html,2019-10-01,10:01,$1550,St George,True,None,4,1800ft2
Utah,stgeorge,stgeorge,apa,6990346269,None,Small Family looking for rental home,https://stgeorge.craigslist.org/apa/d/santa-clara-small-family-looking-for/6990346269.html,2019-10-01,09:43,$1000,St george,False,None,None,None
Utah,stgeorge,stgeorge,apa,6990266350,6405960159,4 bedroom 3 car single level in Jedora subdivision,https://stgeorge.craigslist.org/apa/d/saint-george-4-bedroom-3-car-single/6990266350.html,2019-10-01,08:06,$2000,Little Valley,True,None,4,2100ft2
Utah,stgeorge,stgeorge,apa,6990111568,None,3 Bedroom Townhouse,https://stgeorge.craigslist.org/apa/d/cedar-city-3-bedroom-townhouse/6990111568.html,2019-09-30,21:03,$990,Cedar City,True,None,3,1365ft2
Utah,stgeorge,stgeorge,apa,6990099298,None,Three Bedroom Home For Rent,https://stgeorge.craigslist.org/apa/d/saint-george-three-bedroom-home-for-rent/6990099298.html,2019-09-30,20:31,$1300,St. George,True,None,3,1225ft2
Utah,stgeorge,stgeorge,apa,6990069110,None,Completely remodeled 2 bed 1 ba with private yard in downtown StGeorge,https://stgeorge.craigslist.org/apa/d/saint-george-completely-remodeled-2-bed/6990069110.html,2019-09-30,19:20,$1175,St George,True,None,2,975ft2
Utah,stgeorge,stgeorge,apa,6990030385,6788076036,Rooms for rent,https://stgeorge.craigslist.org/apa/d/saint-george-rooms-for-rent/6990030385.html,2019-09-30,18:10,$500,Santa Clara,True,None,3,None
Utah,stgeorge,stgeorge,apa,6974545599,None,House For Rent In Little Valley!!,https://stgeorge.craigslist.org/apa/d/saint-george-house-for-rent-in-little/6974545599.html,2019-09-30,17:54,$2500,Little Valley,True,None,4,None
Utah,stgeorge,stgeorge,apa,6987859510,None,Brand New Townhome Available To Rent Immediately!,https://stgeorge.craigslist.org/apa/d/saint-george-brand-new-townhome/6987859510.html,2019-09-30,17:54,$1650,Blackhawk Townhomes,True,None,3,1734ft2
Utah,stgeorge,stgeorge,apa,6989917076,None,2 bed 2 bath one car garage downtown,https://stgeorge.craigslist.org/apa/d/saint-george-2-bed-2-bath-one-car/6989917076.html,2019-09-30,15:20,$1050,St George,False,None,2,931ft2
Utah,stgeorge,stgeorge,apa,6989882210,None,Darling 3 Bedroom 2.5 Bath Townhome,https://stgeorge.craigslist.org/apa/d/santa-clara-darling-3-bedroom-25-bath/6989882210.html,2019-09-30,14:37,$1175,None,True,None,3,1334ft2
Utah,stgeorge,stgeorge,apa,6989794044,6935207664,"Home for Rent in White Sage, Washington Fields",https://stgeorge.craigslist.org/apa/d/washington-home-for-rent-in-white-sage/6989794044.html,2019-09-30,12:55,$1850,Washington,False,None,4,1900ft2
Utah,stgeorge,stgeorge,apa,6989678262,None,"Available Now, Spacious Layout, Income Restrictions Apply",https://stgeorge.craigslist.org/apa/d/cedar-city-available-now-spacious/6989678262.html,2019-09-30,10:52,$650,Cedar City,True,None,2,885ft2
Utah,stgeorge,stgeorge,apa,6989661355,6707043778,3bd/2bath Washer/Dryer INCLUDED,https://stgeorge.craigslist.org/apa/d/logan-3bd-2bath-washer-dryer-included/6989661355.html,2019-09-30,10:35,$1199,Logan,True,None,3,1236ft2
Utah,stgeorge,stgeorge,apa,6989633125,None,Park model for rent,https://stgeorge.craigslist.org/apa/d/washington-park-model-for-rent/6989633125.html,2019-09-30,10:05,$1000,Hurricane,True,None,1,400ft2
Utah,stgeorge,stgeorge,apa,6989381482,None,Lease for last large room at 605 place,https://stgeorge.craigslist.org/apa/d/saint-george-lease-for-last-large-room/6989381482.html,2019-09-29,20:59,$639,st george,True,None,1,1200ft2
Utah,stgeorge,stgeorge,apa,6989230467,None,Townhome 3 Bedroom 2.5 Bath,https://stgeorge.craigslist.org/apa/d/santa-clara-townhome-3-bedroom-25-bath/6989230467.html,2019-09-29,15:42,$1400,"St George, Utah",True,None,3,1880ft2
Utah,stgeorge,stgeorge,apa,6988984495,4889406501,Blackrock Condos,https://stgeorge.craigslist.org/apa/d/blackrock-condos/6988984495.html,2019-09-29,09:53,$1400,St. George,True,None,3,1405ft2
Utah,stgeorge,stgeorge,apa,6988866873,None,RV SPOT,https://stgeorge.craigslist.org/apa/d/leeds-rv-spot/6988866873.html,2019-09-29,02:11,$375,LEEDS,False,None,None,None
Utah,stgeorge,stgeorge,apa,6988643461,None,Beautiful Remodeled Single Family Home With Hot Tub,https://stgeorge.craigslist.org/apa/d/santa-clara-beautiful-remodeled-single/6988643461.html,2019-09-28,14:53,$1700,St. George,True,None,3,2416ft2
Utah,stgeorge,stgeorge,apa,6988522651,None,"15 Minutes from St. George, Luxury Home for Lease",https://stgeorge.craigslist.org/apa/d/dammeron-valley-15-minutes-from-st/6988522651.html,2019-09-28,12:17,$1295,Dammeron Valley,True,None,2,2100ft2
Utah,stgeorge,stgeorge,apa,6988443433,None,Desert Hills Home 1630E 2450S #286,https://stgeorge.craigslist.org/apa/d/saint-george-desert-hills-home-1630e/6988443433.html,2019-09-28,10:49,$1550,St. George,True,None,3,1799ft2
Utah,stgeorge,stgeorge,apa,6982655312,None,"2 BDR,  2 Bath Condo, Clean, Quiet, Must See!",https://stgeorge.craigslist.org/apa/d/santa-clara-2-bdr-2-bath-condo-clean/6982655312.html,2019-09-28,10:35,$1095,275 South Valley View Drive,True,None,2,1100ft2
Utah,stgeorge,stgeorge,apa,6987984469,None,Perfect View and Spacious Rooms,https://stgeorge.craigslist.org/apa/d/saint-george-perfect-view-and-spacious/6987984469.html,2019-09-27,15:18,$1595,St. George Utah,True,None,2,1084ft2
Utah,stgeorge,stgeorge,apa,6987905313,None,+UT+Home available for rent@@@!!,https://stgeorge.craigslist.org/apa/d/santa-clara-uthome-available-for-rent/6987905313.html,2019-09-27,14:49,$900,"St. George, UT",True,None,2,None
Utah,stgeorge,stgeorge,apa,6987913957,None,Home for rent,https://stgeorge.craigslist.org/apa/d/cedar-city-home-for-rent/6987913957.html,2019-09-27,13:54,$1350,Cedar City,True,None,4,1437ft2
Utah,stgeorge,stgeorge,apa,6976746020,None,Land for Lease,https://stgeorge.craigslist.org/apa/d/saint-george-land-for-lease/6976746020.html,2019-09-27,11:44,$0,ST George Industrial Park,True,None,None,None
Utah,stgeorge,stgeorge,apa,6987666867,None,"Premier Cedar City Affordable Community, Fitness Center and More",https://stgeorge.craigslist.org/apa/d/cedar-city-premier-cedar-city/6987666867.html,2019-09-27,09:25,$650,Cedar City,True,None,2,885ft2
Utah,stgeorge,stgeorge,apa,6987326022,None,Upper level house for rent,https://stgeorge.craigslist.org/apa/d/santa-clara-upper-level-house-for-rent/6987326022.html,2019-09-26,16:51,$1300,St. George Ut,True,None,2,2000ft2
Utah,stgeorge,stgeorge,apa,6987030849,None,"Near Great Schools, Beautifully Landscaped, Income Restrictions Apply",https://stgeorge.craigslist.org/apa/d/cedar-city-near-great-schools/6987030849.html,2019-09-26,10:53,$650,Cedar City,True,None,2,885ft2
Utah,stgeorge,stgeorge,apa,6986891860,None,3 Bed 2 Bath,https://stgeorge.craigslist.org/apa/d/washington-3-bed-2-bath/6986891860.html,2019-09-26,08:10,$1550,Washington,True,None,3,1657ft2
Utah,stgeorge,stgeorge,apa,6986606630,None,Veteran & Mentor/Healer Seeking New Place to Live,https://stgeorge.craigslist.org/apa/d/santa-clara-veteran-mentor-healer/6986606630.html,2019-09-25,16:37,$650,St. George,False,None,1,750ft2
Utah,stgeorge,stgeorge,apa,6986574673,6171307416,Great Furnished Townhome,https://stgeorge.craigslist.org/apa/d/great-furnished-townhome/6986574673.html,2019-09-25,15:51,$1200,green valley,False,None,3,1370ft2
Utah,stgeorge,stgeorge,apa,6986441288,None,very nice unit in a duplex,https://stgeorge.craigslist.org/apa/d/santa-clara-very-nice-unit-in-duplex/6986441288.html,2019-09-25,13:07,$1650,None,True,None,3,None
Utah,stgeorge,stgeorge,apa,6986392451,None,"Amazing 4 bed, 3 bath home, 3 car garage, community pool",https://stgeorge.craigslist.org/apa/d/santa-clara-amazing-4-bed-3-bath-home-3/6986392451.html,2019-09-25,12:14,$1995,St George,True,None,4,2770ft2
Utah,stgeorge,stgeorge,apa,6986328868,None,"Lease Now, Convenient Location, Dishwasher, Affordable, WD Hook Up",https://stgeorge.craigslist.org/apa/d/cedar-city-lease-now-convenient/6986328868.html,2019-09-25,11:06,$650,Cedar City,True,None,2,885ft2
Utah,stgeorge,stgeorge,apa,6986301964,6422590041,3 Bed 2 Bath Apartment,https://stgeorge.craigslist.org/apa/d/cedar-city-3-bed-2-bath-apartment/6986301964.html,2019-09-25,10:38,$750,Cedar,True,None,3,None
Utah,stgeorge,stgeorge,apa,6986292963,4829428023,2 BEDROOM 1 BATH,https://stgeorge.craigslist.org/apa/d/cedar-city-2-bedroom-1-bath/6986292963.html,2019-09-25,10:29,$600,Cedar City,True,None,2,None
Utah,stgeorge,stgeorge,apa,6986283867,4574009621,2 bed 1 bath apartment,https://stgeorge.craigslist.org/apa/d/cedar-city-2-bed-1-bath-apartment/6986283867.html,2019-09-25,10:19,$550,Cedar City,True,None,2,None
Utah,stgeorge,stgeorge,apa,6985997187,None,BRAND NEW home in Desert Crossing,https://stgeorge.craigslist.org/apa/d/saint-george-brand-new-home-in-desert/6985997187.html,2019-09-24,20:34,$1850,Desert Crossing,True,None,4,2300ft2
Utah,stgeorge,stgeorge,apa,6985603318,None,"Apply Today, Professionally Managed Affordable Community, Playground",https://stgeorge.craigslist.org/apa/d/cedar-city-apply-today-professionally/6985603318.html,2019-09-24,11:20,$650,Cedar City,True,None,2,885ft2
Utah,stgeorge,stgeorge,apa,6973665810,None,R004 Evans Ridge,https://stgeorge.craigslist.org/apa/d/washington-r004-evans-ridge/6973665810.html,2019-09-24,11:19,$1050,St. George,True,None,3,1200ft2
Utah,stgeorge,stgeorge,apa,6973677180,None,R189 Slick Rock,https://stgeorge.craigslist.org/apa/d/saint-george-r189-slick-rock/6973677180.html,2019-09-24,11:19,$1425,None,True,None,3,1500ft2
Utah,stgeorge,stgeorge,apa,6973688762,None,R434 Village on the Heights,https://stgeorge.craigslist.org/apa/d/santa-clara-r434-village-on-the-heights/6973688762.html,2019-09-24,11:19,$1495,Santa Clara,True,None,4,2300ft2
Utah,stgeorge,stgeorge,apa,6973727797,None,R445  Northbridge,https://stgeorge.craigslist.org/apa/d/washington-r445-northbridge/6973727797.html,2019-09-24,11:18,$2395,Washington,True,None,4,2800ft2
Utah,stgeorge,stgeorge,apa,6985591945,6919314839,Condo for long term or Seasonal rental in Resort Town,https://stgeorge.craigslist.org/apa/d/brian-head-condo-for-long-term-or/6985591945.html,2019-09-24,11:08,$1400,BRIAN HEAD,True,None,2,1020ft2
Utah,stgeorge,stgeorge,apa,6985572395,None,St.George,https://stgeorge.craigslist.org/apa/d/santa-clara-stgeorge/6985572395.html,2019-09-24,10:48,$900,639 east 700 south,False,None,None,None
Utah,stgeorge,stgeorge,apa,6985532418,None,Furnished 3 bedroom home + bonus room,https://stgeorge.craigslist.org/apa/d/hildale-furnished-3-bedroom-home-bonus/6985532418.html,2019-09-24,10:07,$1500,"Hurricane, UT",True,None,None,2000ft2
Utah,stgeorge,stgeorge,apa,6985469362,None,Beautiful 2 bed 2 1/2 bath new carpet & paint,https://stgeorge.craigslist.org/apa/d/washington-beautiful-2-bed-bath-new/6985469362.html,2019-09-24,08:59,$1600,Washington Green Springs Buena Vista area,True,None,2,2800ft2
Utah,stgeorge,stgeorge,apa,6985348195,6663034382,Basement Apartment for Rent,https://stgeorge.craigslist.org/apa/d/saint-george-basement-apartment-for-rent/6985348195.html,2019-09-24,05:25,$1200,St. George,True,None,2,2200ft2
Utah,stgeorge,stgeorge,apa,6975013194,None,GREAT 4 br home w/ GREAT veiws,https://stgeorge.craigslist.org/apa/d/toquerville-great-4-br-home-great-veiws/6975013194.html,2019-09-24,03:36,$1950,Toquerville,True,None,4,2700ft2
Utah,stgeorge,stgeorge,apa,6985093544,6702384611,Away from it all,https://stgeorge.craigslist.org/apa/d/cedar-city-away-from-it-all/6985093544.html,2019-09-23,15:54,$700,Cedar City,True,None,1,None
Utah,stgeorge,stgeorge,apa,6984962112,None,Super updated 3 bedroom 2bth  spacious kitchen Littlefield Bunkerville,https://stgeorge.craigslist.org/apa/d/cedar-city-super-updated-3-bedroom-2bth/6984962112.html,2019-09-23,15:15,$1200,Toquerville or Hurri,True,None,5,1742ft2
Utah,stgeorge,stgeorge,apa,6984962725,None,Move in ready. Great growing family home.,https://stgeorge.craigslist.org/apa/d/santa-clara-move-in-ready-great-growing/6984962725.html,2019-09-23,14:36,$0,None,False,None,None,None
Utah,stgeorge,stgeorge,apa,6975563534,4793251009,Rental at The Ridge in St. George with Amazing Views!,https://stgeorge.craigslist.org/apa/d/rental-at-the-ridge-in-st-george-with/6975563534.html,2019-09-23,12:12,$1450,876 W 680 N,True,None,3,2500ft2
Utah,stgeorge,stgeorge,apa,6984785202,6858009251,"Rental, House 3 Bed 2 Bath Home for Rent",https://stgeorge.craigslist.org/apa/d/la-verkin-rental-house-3-bed-2-bath/6984785202.html,2019-09-23,10:26,$1500,"173 W 810 S Hurricane, UT",True,None,3,1800ft2
Utah,stgeorge,stgeorge,apa,6984668349,None,YOU WONT JUST WANNA MISS OUT ON THIS BEAUTIFUL HOME,https://stgeorge.craigslist.org/apa/d/saint-george-you-wont-just-wanna-miss/6984668349.html,2019-09-23,09:13,$900,"E 500 S APT 1, St George, UT",True,None,2,895ft2
Utah,stgeorge,stgeorge,apa,6984689285,6950803170,3 Bedroom Townhome,https://stgeorge.craigslist.org/apa/d/washington-3-bedroom-townhome/6984689285.html,2019-09-23,08:48,$1225,"Washington, UT",True,None,3,1350ft2
Utah,stgeorge,stgeorge,apa,6984682641,None,*** NOW ACCEPTING APPLICATIONS FOR OUR WAIT LIST ***,https://stgeorge.craigslist.org/apa/d/santa-clara-now-accepting-applications/6984682641.html,2019-09-23,08:48,$10,None,True,None,None,None
Utah,stgeorge,stgeorge,apa,6984470391,None,2 Bedroom 2 Bathroom Condo for Rent,https://stgeorge.craigslist.org/apa/d/washington-2-bedroom-2-bathroom-condo/6984470391.html,2019-09-22,20:05,$950,"Washington, Utah",True,None,2,900ft2
Utah,stgeorge,stgeorge,apa,6984467049,None,St. George Townhome for Rent,https://stgeorge.craigslist.org/apa/d/saint-george-st-george-townhome-for-rent/6984467049.html,2019-09-22,19:57,$1550,St. George,True,None,3,1735ft2
Utah,stgeorge,stgeorge,apa,6980891830,None,park home,https://stgeorge.craigslist.org/apa/d/mesquite-park-home/6980891830.html,2019-09-22,16:34,$400,Scenic,True,None,None,None
Utah,stgeorge,stgeorge,apa,6983928038,None,5 Bed 3 Bath House For Rent,https://stgeorge.craigslist.org/apa/d/cedar-city-5-bed-3-bath-house-for-rent/6983928038.html,2019-09-21,23:13,$2100,Equestrian Point / Cedar City,True,None,5,None
Utah,stgeorge,stgeorge,apa,6963471316,6833296788,Little Valley Home for rent,https://stgeorge.craigslist.org/apa/d/saint-george-little-valley-home-for-rent/6963471316.html,2019-09-21,14:47,$2195,Little Valley,True,None,4,2519ft2
Utah,stgeorge,stgeorge,apa,6962913800,None,ST.GEORGE HOME(Green Springs),https://stgeorge.craigslist.org/apa/d/santa-clara-stgeorge-homegreen-springs/6962913800.html,2019-09-21,14:09,$2250,1215  Tee Loop,True,None,None,None
Utah,stgeorge,stgeorge,apa,6983275946,6946914856,Nice single family home for rent in Enoch,https://stgeorge.craigslist.org/apa/d/summit-nice-single-family-home-for-rent/6983275946.html,2019-09-20,23:06,$1250,Cedar City,True,None,None,1800ft2
Utah,stgeorge,stgeorge,apa,6983100963,None,4 Bed 3 Bath,https://stgeorge.craigslist.org/apa/d/washington-4-bed-3-bath/6983100963.html,2019-09-20,16:21,$1975,None,True,None,4,None
Utah,stgeorge,stgeorge,apa,6982973785,None,TWO BEDROOM AVAIL NOW $200 OFF MOVE IN COSTS,https://stgeorge.craigslist.org/apa/d/saint-george-two-bedroom-avail-now-200/6982973785.html,2019-09-20,13:44,$1525,Legacy Ridge Apartments,True,None,2,1084ft2
Utah,stgeorge,stgeorge,apa,6961761271,None,"3 bedroom,2 1/2 baths",https://stgeorge.craigslist.org/apa/d/santa-clara-3-bedroom2-1-2-baths/6961761271.html,2019-09-20,07:24,$2250,"Green Springs St.George,Utah",True,None,None,None
Utah,stgeorge,stgeorge,apa,6982560451,None,RV Lot For Rent,https://stgeorge.craigslist.org/apa/d/washington-rv-lot-for-rent/6982560451.html,2019-09-20,02:13,$500,Hurricane,True,None,None,None
Utah,stgeorge,stgeorge,apa,6982448253,None,Home for Lease,https://stgeorge.craigslist.org/apa/d/ivins-home-for-lease/6982448253.html,2019-09-19,18:42,$1575,"Cameo Park, Ivins UT",True,None,3,1500ft2
Utah,stgeorge,stgeorge,apa,6982309113,None,Brand New Desert Canyon Home 4 bed 2 1/2 bath,https://stgeorge.craigslist.org/apa/d/saint-george-brand-new-desert-canyon/6982309113.html,2019-09-19,15:02,$1595,Desert Canyon,True,None,4,1657ft2
Utah,stgeorge,stgeorge,apa,6982302848,None,Beautiful 3 bed Millcreek Springs Townhome,https://stgeorge.craigslist.org/apa/d/washington-beautiful-3-bed-millcreek/6982302848.html,2019-09-19,14:53,$1320,Washington,True,None,3,1384ft2
Utah,stgeorge,stgeorge,apa,6982298146,None,3 bed 2.5 bath Townhome in Little Valley,https://stgeorge.craigslist.org/apa/d/saint-george-3-bed-25-bath-townhome-in/6982298146.html,2019-09-19,14:47,$1425,"Fossil Hills, near Brigham & River Rd",True,None,3,1646ft2
Utah,stgeorge,stgeorge,apa,6982297046,None,1 bdrm Seperate Casita,https://stgeorge.craigslist.org/apa/d/saint-george-1-bdrm-seperate-casita/6982297046.html,2019-09-19,14:46,$1200,st george,False,None,1,850ft2
Utah,stgeorge,stgeorge,apa,6982195400,None,Home,https://stgeorge.craigslist.org/apa/d/santa-clara-home/6982195400.html,2019-09-19,12:44,$1395,St George,False,None,3,1363ft2
Utah,stgeorge,stgeorge,apa,6961865211,None,"Shadow Mountain Home- 4 bd, 2 bth- No Pets",https://stgeorge.craigslist.org/apa/d/santa-clara-shadow-mountain-home-4-bd-2/6961865211.html,2019-09-19,12:06,$1700,St. George,True,None,4,2100ft2
Utah,stgeorge,stgeorge,apa,6982060208,None,3 Bedroom Home,https://stgeorge.craigslist.org/apa/d/santa-clara-3-bedroom-home/6982060208.html,2019-09-19,10:17,$1650,St. George,True,None,3,1328ft2
Utah,stgeorge,stgeorge,apa,6982014860,None,Third floor bedroom suite opens to a huge deck with stunning Downtown,https://stgeorge.craigslist.org/apa/d/chicago-third-floor-bedroom-suite-opens/6982014860.html,2019-09-19,10:02,$3500,st george,True,None,6,None
Utah,stgeorge,stgeorge,apa,6972734016,None,Beautiful home in Hurricane,https://stgeorge.craigslist.org/apa/d/la-verkin-beautiful-home-in-hurricane/6972734016.html,2019-09-19,09:50,$1395,None,True,None,3,1700ft2
Utah,stgeorge,stgeorge,apa,6979842415,None,Large 8 Bedroom with Pool,https://stgeorge.craigslist.org/apa/d/saint-george-large-8-bedroom-with-pool/6979842415.html,2019-09-19,09:50,$3350,Bloomington,True,None,8,3450ft2
Utah,stgeorge,stgeorge,apa,6982011080,None,Third floor bedroom suite opens to a huge deck with stunning Downtown,https://stgeorge.craigslist.org/apa/d/chicago-third-floor-bedroom-suite-opens/6982011080.html,2019-09-19,09:31,$3000,st george,True,None,6,None
Utah,stgeorge,stgeorge,apa,6981901407,None,"This Lower Level Ranch Style 2 Bedroom, 2 Bathroom",https://stgeorge.craigslist.org/apa/d/rockville-this-lower-level-ranch-style/6981901407.html,2019-09-19,07:05,$1450,"Colorado City, AZ",True,None,2,None
Utah,stgeorge,stgeorge,apa,6981731276,None,Clean Comforable & Spacious MOAB Apartment,https://stgeorge.craigslist.org/apa/d/moab-clean-comforable-spacious-moab/6981731276.html,2019-09-18,18:27,$1250,Spanish Valley,True,None,2,1750ft2
Utah,stgeorge,stgeorge,apa,6981386663,None,$500 Off Move In!,https://stgeorge.craigslist.org/apa/d/saint-george-500-off-move-in/6981386663.html,2019-09-18,11:12,$1100,St. George,True,None,3,1100ft2
Utah,stgeorge,stgeorge,apa,6981355007,None,PRIVATE GIRLS ROOM FOR RENt,https://stgeorge.craigslist.org/apa/d/washington-private-girls-room-for-rent/6981355007.html,2019-09-18,10:51,$367,St. George,True,None,6,None
Utah,stgeorge,stgeorge,apa,6981316848,None,Neat and clean 3 beds 2 bath for rent,https://stgeorge.craigslist.org/apa/d/santa-clara-neat-and-clean-3-beds-2/6981316848.html,2019-09-18,09:58,$1100,Milcreek town homes,True,None,3,1500ft2
Utah,stgeorge,stgeorge,apa,6981085818,None,Beautiful newly upgraded home in quiet cul de sac,https://stgeorge.craigslist.org/apa/d/la-verkin-beautiful-newly-upgraded-home/6981085818.html,2019-09-17,22:11,$1880,HURRICANE,True,None,5,2572ft2
Utah,stgeorge,stgeorge,apa,6965119277,None,Brand new home with amazing views for rent,https://stgeorge.craigslist.org/apa/d/santa-clara-brand-new-home-with-amazing/6965119277.html,2019-09-17,19:25,$1895,438 N. Stone Mountain Drive #29,True,None,4,2648ft2
Utah,stgeorge,stgeorge,apa,6965170328,None,Beautifully taken care of home for rent,https://stgeorge.craigslist.org/apa/d/santa-clara-beautifully-taken-care-of/6965170328.html,2019-09-17,19:24,$1795,254 N. Valley View Drive #109,True,None,3,2247ft2
Utah,stgeorge,stgeorge,apa,6965104851,None,New home with amazing views for rent,https://stgeorge.craigslist.org/apa/d/santa-clara-new-home-with-amazing-views/6965104851.html,2019-09-17,19:24,$1795,438 N. Stone Mountain Drive #33,True,None,4,2648ft2
Utah,stgeorge,stgeorge,apa,6980803843,None,3 bed 2 1/2 bath Town Home,https://stgeorge.craigslist.org/apa/d/washington-3-bed-bath-town-home/6980803843.html,2019-09-17,14:01,$1200,None,False,None,3,None
Utah,stgeorge,stgeorge,apa,6980645352,None,Colorado City three-bedroom one-and-a-half bath trailer,https://stgeorge.craigslist.org/apa/d/rockville-colorado-city-three-bedroom/6980645352.html,2019-09-17,11:40,$650,Colorado city,True,None,3,1100ft2
Utah,stgeorge,stgeorge,apa,6980625532,6666473795,645 W Old Hwy #2 Parowan UT,https://stgeorge.craigslist.org/apa/d/parowan-645-old-hwy-2-parowan-ut/6980625532.html,2019-09-17,10:51,$800,Parowan Utah,True,None,2,None
Utah,stgeorge,stgeorge,apa,6980621431,4723425740,1148 Northfield Rd #88,https://stgeorge.craigslist.org/apa/d/1148-northfield-rd-88/6980621431.html,2019-09-17,10:47,$925,"Cedar City, UT",False,None,3,None
Utah,stgeorge,stgeorge,apa,6980599703,6947501215,3789 N Monarch Dr Cedar City UT,https://stgeorge.craigslist.org/apa/d/cedar-city-3789-monarch-dr-cedar-city-ut/6980599703.html,2019-09-17,10:25,$1325,Cedar City UT 84720,True,None,3,None
Utah,stgeorge,stgeorge,apa,6979918613,None,Beautiful home nestled below the Red Rocks of Snow Canyon,https://stgeorge.craigslist.org/apa/d/santa-clara-beautiful-home-nestled/6979918613.html,2019-09-16,11:41,$1500,St. George,True,None,3,1800ft2
Utah,stgeorge,stgeorge,apa,6979894644,None,"Available Now, Spacious Layout, Income Restrictions Apply",https://stgeorge.craigslist.org/apa/d/cedar-city-available-now-spacious/6979894644.html,2019-09-16,11:17,$650,Cedar City,True,None,2,885ft2
Utah,stgeorge,stgeorge,apa,6979894223,None,"Open House Saturday, Come Look and Lease for Added Savings",https://stgeorge.craigslist.org/apa/d/cedar-city-open-house-saturday-come/6979894223.html,2019-09-16,11:16,$750,Cedar City,True,None,3,1117ft2
Utah,stgeorge,stgeorge,apa,6965223619,None,Mobile Home To Buy or to rent,https://stgeorge.craigslist.org/apa/d/cedar-city-mobile-home-to-buy-or-to-rent/6965223619.html,2019-09-16,08:05,$795,Cedar City,True,None,2,None
Utah,stgeorge,stgeorge,apa,6978753308,None,+UT+2 BR Townhouse apt!$!,https://stgeorge.craigslist.org/apa/d/santa-clara-ut2-br-townhouse-apt/6978753308.html,2019-09-14,14:51,$875,"St. George, UT",True,None,2,None
Utah,stgeorge,stgeorge,apa,6959693446,6170221176,1 BEDROOM 1 BATH IN A RESORT SETTING ALL UTILITIES PAID,https://stgeorge.craigslist.org/apa/d/mesquite-1-bedroom-1-bath-in-resort/6959693446.html,2019-09-13,22:17,$995,MESQUITE NV,False,None,1,600ft2
Utah,stgeorge,stgeorge,apa,6959692718,6170221176,1 BEDROOM 1 BATH IN A RESORT SETTING ALL UTILITIES PAID,https://stgeorge.craigslist.org/apa/d/mesquite-1-bedroom-1-bath-in-resort/6959692718.html,2019-09-13,22:17,$995,MESQUITE NV,False,None,1,600ft2
Utah,stgeorge,stgeorge,apa,6959692401,6170221176,1 BEDROOM 1 BATH IN A RESORT SETTING ALL UTILITIES PAID,https://stgeorge.craigslist.org/apa/d/mesquite-1-bedroom-1-bath-in-resort/6959692401.html,2019-09-13,22:16,$995,MESQUITE NV,False,None,1,600ft2
Utah,stgeorge,stgeorge,apa,6959691704,6170221176,1 BEDROOM 1 BATH IN A RESORT SETTING ALL UTILITIES PAID,https://stgeorge.craigslist.org/apa/d/mesquite-1-bedroom-1-bath-in-resort/6959691704.html,2019-09-13,22:14,$995,MESQUITE NV,False,None,1,600ft2
Utah,stgeorge,stgeorge,apa,6958132947,None,TWO BEDROOM PET FRIENDLY APARTMENT,https://stgeorge.craigslist.org/apa/d/saint-george-two-bedroom-pet-friendly/6958132947.html,2019-09-13,11:36,$1365,LEGACY RIDGE,True,None,2,None
Utah,stgeorge,stgeorge,apa,6958142500,None,TWO BEDROOM APARTMENT AVAILABLE OCT 5TH,https://stgeorge.craigslist.org/apa/d/saint-george-two-bedroom-apartment/6958142500.html,2019-09-13,11:36,$1365,Legacy Ridge Apartments,True,None,2,899ft2
Utah,stgeorge,stgeorge,apa,6977873173,None,"Premier Cedar City Affordable Community, Fitness Center and More",https://stgeorge.craigslist.org/apa/d/cedar-city-premier-cedar-city/6977873173.html,2019-09-13,11:09,$650,Cedar City,True,None,2,885ft2
Utah,stgeorge,stgeorge,apa,6977635230,None,SINGLE FAMILY HOUSE,https://stgeorge.craigslist.org/apa/d/saint-george-single-family-house/6977635230.html,2019-09-13,06:02,$1000,St George,True,None,3,None
Utah,stgeorge,stgeorge,apa,6977395645,None,"Look and Lease Today for a Great Deal, Call Today, Affordable",https://stgeorge.craigslist.org/apa/d/cedar-city-look-and-lease-today-for/6977395645.html,2019-09-12,16:22,$750,Cedar City,True,None,3,1117ft2
Utah,stgeorge,stgeorge,apa,6957494321,None,Pet Friendly Townhouse!,https://stgeorge.craigslist.org/apa/d/santa-clara-pet-friendly-townhouse/6957494321.html,2019-09-12,13:59,$1299,St. George,True,None,2,1228ft2
Utah,stgeorge,stgeorge,apa,6977112954,None,"Near Great Schools, Beautifully Landscaped, Income Restrictions Apply",https://stgeorge.craigslist.org/apa/d/cedar-city-near-great-schools/6977112954.html,2019-09-12,10:57,$650,Cedar City,True,None,2,885ft2
Utah,stgeorge,stgeorge,apa,6958422623,6677855217,Student Housing! New private rooms with private bathroom! Close to SUU,https://stgeorge.craigslist.org/apa/d/cedar-city-student-housing-new-private/6958422623.html,2019-09-12,09:01,$425,119 N. 800 W. Building A,True,None,1,100ft2
Utah,stgeorge,stgeorge,apa,6976869428,None,LOGAN SQUARE! Amazing Renovated Studio. CLOSET FITS BED!! Blue Line!!,https://stgeorge.craigslist.org/apa/d/santa-clara-logan-square-amazing/6976869428.html,2019-09-12,04:09,$1400,"St george, UT",True,None,3,None
Utah,stgeorge,stgeorge,apa,6976868949,None,"On-site management, Pet-friendly community, Wi-Fi in lobby",https://stgeorge.craigslist.org/apa/d/santa-clara-on-site-management-pet/6976868949.html,2019-09-12,04:05,$1400,"St george, UT",True,None,3,None
Utah,stgeorge,stgeorge,apa,6976676078,None,"Professionally Managed Affordable Living, Call for Rental Criteria",https://stgeorge.craigslist.org/apa/d/cedar-city-professionally-managed/6976676078.html,2019-09-11,16:49,$750,Cedar City,True,None,3,1117ft2
Utah,stgeorge,stgeorge,apa,6955991235,None,Beautiful New Construction in Cedar City,https://stgeorge.craigslist.org/apa/d/cedar-city-beautiful-new-construction/6955991235.html,2019-09-11,14:08,$1095,Cedar City,True,None,3,None
Utah,stgeorge,stgeorge,apa,6956737693,None,Affordable Housing with Garage!,https://stgeorge.craigslist.org/apa/d/cedar-city-affordable-housing-with/6956737693.html,2019-09-11,14:07,$775,Cedar City,True,None,2,None
Utah,stgeorge,stgeorge,apa,6976365822,None,"Lease Now, Convenient Location, Dishwasher, Affordable, WD Hook Up",https://stgeorge.craigslist.org/apa/d/cedar-city-lease-now-convenient/6976365822.html,2019-09-11,10:53,$650,Cedar City,True,None,2,885ft2
Utah,stgeorge,stgeorge,apa,6976365425,None,"Now Available, Income Restrictions Apply, Close to Schools",https://stgeorge.craigslist.org/apa/d/cedar-city-now-available-income/6976365425.html,2019-09-11,10:52,$750,Cedar City,True,None,3,1117ft2
Utah,stgeorge,stgeorge,apa,6976098812,5523743322,Room For Rent,https://stgeorge.craigslist.org/apa/d/saint-george-room-for-rent/6976098812.html,2019-09-11,00:09,$463,saint george,False,None,2,1000ft2
Utah,stgeorge,stgeorge,apa,6955533526,None,"***AWESOME HOME****AWESOME LOCATION***Cedar City, UT",https://stgeorge.craigslist.org/apa/d/cedar-city-awesome-homeawesome/6955533526.html,2019-09-10,18:57,$650,"456 S 300 W, Cedar City, UT",True,None,2,800ft2
Utah,stgeorge,stgeorge,apa,6955533491,None,"***AWESOME HOME****AWESOME LOCATION***Cedar City, UT",https://stgeorge.craigslist.org/apa/d/cedar-city-awesome-homeawesome/6955533491.html,2019-09-10,18:57,$650,"456 S 300 W, Cedar City, UT",True,None,2,800ft2
Utah,stgeorge,stgeorge,apa,6955533444,None,"***AWESOME HOME****AWESOME LOCATION***Cedar City, UT",https://stgeorge.craigslist.org/apa/d/cedar-city-awesome-homeawesome/6955533444.html,2019-09-10,18:56,$650,"456 S 300 W, Cedar City, UT",True,None,2,800ft2
Utah,stgeorge,stgeorge,apa,6975846187,None,Three Bedroom Townhome,https://stgeorge.craigslist.org/apa/d/saint-george-three-bedroom-townhome/6975846187.html,2019-09-10,15:08,$1200,St. George,True,None,3,1100ft2
Utah,stgeorge,stgeorge,apa,6975819069,None,Small trailer for rent,https://stgeorge.craigslist.org/apa/d/fredonia-small-trailer-for-rent/6975819069.html,2019-09-10,14:36,$300,Fredonia,False,None,1,None
Utah,stgeorge,stgeorge,apa,6975627696,None,"Apply Today, Professionally Managed Affordable Community, Playground",https://stgeorge.craigslist.org/apa/d/cedar-city-apply-today-professionally/6975627696.html,2019-09-10,11:08,$650,Cedar City,True,None,2,885ft2
Utah,stgeorge,stgeorge,apa,6975172393,None,"Great Location, Lease Today, Spacious, Affordable Housing",https://stgeorge.craigslist.org/apa/d/cedar-city-great-location-lease-today/6975172393.html,2019-09-09,17:00,$750,Cedar City,True,None,3,1117ft2
Utah,stgeorge,stgeorge,apa,6975124652,6794638609,Manufactured Home Rent to Own,https://stgeorge.craigslist.org/apa/d/washington-manufactured-home-rent-to-own/6975124652.html,2019-09-09,15:54,$1000,Hurricane,False,None,3,1200ft2
Utah,stgeorge,stgeorge,apa,6974846168,None,"Available Now, Spacious Layout, Income Restrictions Apply",https://stgeorge.craigslist.org/apa/d/cedar-city-available-now-spacious/6974846168.html,2019-09-09,10:55,$650,Cedar City,True,None,2,885ft2
Utah,stgeorge,stgeorge,apa,6974769139,6407278909,TOWNHOME FOR RENT,https://stgeorge.craigslist.org/apa/d/saint-george-townhome-for-rent/6974769139.html,2019-09-09,09:40,$950,ST GEORGE,False,None,2,None
Utah,stgeorge,stgeorge,apa,6974550040,None,4 Bedroom 2 Bathroom Townhouse,https://stgeorge.craigslist.org/apa/d/saint-george-4-bedroom-2-bathroom/6974550040.html,2019-09-08,23:05,$1450,Bloomington,True,None,4,1693ft2
Utah,stgeorge,stgeorge,apa,6974102677,None,BRAND NEW home in Desert Crossing,https://stgeorge.craigslist.org/apa/d/saint-george-brand-new-home-in-desert/6974102677.html,2019-09-08,09:53,$1850,Desert Crossing,True,None,4,2300ft2
Utah,stgeorge,stgeorge,apa,6972937119,None,Vintage at Canyonlands Apartment lease for sale,https://stgeorge.craigslist.org/apa/d/santa-clara-vintage-at-canyonlands/6972937119.html,2019-09-06,13:40,$415,St George,True,None,3,None
Utah,stgeorge,stgeorge,apa,6972775229,None,"Premier Cedar City Affordable Community, Fitness Center and More",https://stgeorge.craigslist.org/apa/d/cedar-city-premier-cedar-city/6972775229.html,2019-09-06,10:52,$650,Cedar City,True,None,2,885ft2
Utah,stgeorge,stgeorge,apa,6972613422,4355510562,furnished Apt for rent,https://stgeorge.craigslist.org/apa/d/saint-george-furnished-apt-for-rent/6972613422.html,2019-09-06,07:57,$1200,Bloomington,True,None,3,1600ft2
Utah,stgeorge,stgeorge,apa,6972326301,None,"Look and Lease Today for a Great Deal, Call Today, Affordable",https://stgeorge.craigslist.org/apa/d/cedar-city-look-and-lease-today-for/6972326301.html,2019-09-05,16:41,$750,Cedar City,True,None,3,1117ft2
Utah,stgeorge,stgeorge,apa,6972145414,None,DOUBLE WIDE TRAILIER IN DIXIE DOWNS,https://stgeorge.craigslist.org/apa/d/santa-clara-double-wide-trailier-in/6972145414.html,2019-09-05,12:56,$1200,ST GEORGE,True,None,3,None
Utah,stgeorge,stgeorge,apa,6972053614,None,Affordable single family home,https://stgeorge.craigslist.org/apa/d/saint-george-affordable-single-family/6972053614.html,2019-09-05,11:41,$1850,"3249 S Little Valley Rd, St George, UT 84790",True,None,4,1800ft2
Utah,stgeorge,stgeorge,apa,6972066205,None,"Near Great Schools, Beautifully Landscaped, Income Restrictions Apply",https://stgeorge.craigslist.org/apa/d/cedar-city-near-great-schools/6972066205.html,2019-09-05,11:31,$650,Cedar City,True,None,2,885ft2
Utah,stgeorge,stgeorge,apa,6972060535,6753058951,Fixed in place 5th wheel trailer in Senior Community,https://stgeorge.craigslist.org/apa/d/washington-fixed-in-place-5th-wheel/6972060535.html,2019-09-05,11:25,$650,Saint George,True,None,1,420ft2
Utah,stgeorge,stgeorge,apa,6972045604,None,FULLY FURNISHED home with multiple short term lease options,https://stgeorge.craigslist.org/apa/d/la-verkin-fully-furnished-home-with/6972045604.html,2019-09-05,11:09,$1500,Hurricane,True,None,3,1200ft2
Utah,stgeorge,stgeorge,apa,6971618489,None,"Professionally Managed Affordable Living, Call for Rental Criteria",https://stgeorge.craigslist.org/apa/d/cedar-city-professionally-managed/6971618489.html,2019-09-04,17:36,$750,Cedar City,True,None,3,1117ft2
Utah,stgeorge,stgeorge,apa,6971333430,None,City  View Luxury Apartments,https://stgeorge.craigslist.org/apa/d/santa-clara-city-view-luxury-apartments/6971333430.html,2019-09-04,11:50,$1190,St. George,True,None,1,800ft2
Utah,stgeorge,stgeorge,apa,6971312382,None,"Lease Now, Convenient Location, Dishwasher, Affordable, WD Hook Up",https://stgeorge.craigslist.org/apa/d/cedar-city-lease-now-convenient/6971312382.html,2019-09-04,11:28,$650,Cedar City,True,None,2,885ft2
Utah,stgeorge,stgeorge,apa,6971311714,None,"Now Available, Income Restrictions Apply, Close to Schools",https://stgeorge.craigslist.org/apa/d/cedar-city-now-available-income/6971311714.html,2019-09-04,11:28,$750,Cedar City,True,None,3,1117ft2
Utah,stgeorge,stgeorge,apa,6970517709,None,"Apply Today, Professionally Managed Affordable Community, Playground",https://stgeorge.craigslist.org/apa/d/cedar-city-apply-today-professionally/6970517709.html,2019-09-03,11:00,$650,Cedar City,True,None,2,885ft2
Utah,stgeorge,stgeorge,apa,6970517291,None,"Great Location, Lease Today, Spacious, Affordable Housing",https://stgeorge.craigslist.org/apa/d/cedar-city-great-location-lease-today/6970517291.html,2019-09-03,10:59,$750,Cedar City,True,None,3,1117ft2
Utah,stgeorge,stgeorge,apa,6969612645,None,Furnished 3 Bed 2 Bath Beautiful Short Term Only,https://stgeorge.craigslist.org/apa/d/la-verkin-furnished-3-bed-2-bath/6969612645.html,2019-09-02,05:29,$1950,La Verkin,True,None,3,1500ft2
Utah,stgeorge,stgeorge,apa,6969611574,None,Short term 1 or 2 months Beautifully Furnished,https://stgeorge.craigslist.org/apa/d/la-verkin-short-term-1-or-2-months/6969611574.html,2019-09-02,05:23,$1950,La Verkin,True,None,3,1500ft2
Utah,stgeorge,stgeorge,apa,6968166144,None,Incredible! Why rent when you can own?,https://stgeorge.craigslist.org/apa/d/saint-george-incredible-why-rent-when/6968166144.html,2019-08-30,15:02,$1050,St George,True,None,3,1157ft2
Utah,stgeorge,stgeorge,apa,6968015999,None,"Premier Cedar City Affordable Community, Fitness Center and More",https://stgeorge.craigslist.org/apa/d/cedar-city-premier-cedar-city/6968015999.html,2019-08-30,12:05,$650,Cedar City,True,None,2,885ft2
Utah,stgeorge,stgeorge,apa,6967552780,None,"Look and Lease Today for a Great Deal, Call Today, Affordable",https://stgeorge.craigslist.org/apa/d/cedar-city-look-and-lease-today-for/6967552780.html,2019-08-29,17:17,$750,Cedar City,True,None,3,1117ft2
Utah,stgeorge,stgeorge,apa,6961895891,None,Red Rock ridge student housing,https://stgeorge.craigslist.org/apa/d/saint-george-red-rock-ridge-student/6961895891.html,2019-08-29,10:56,$396,St George,True,None,1,None
Utah,stgeorge,stgeorge,apa,6967246724,None,"Near Great Schools, Beautifully Landscaped, Income Restrictions Apply",https://stgeorge.craigslist.org/apa/d/cedar-city-near-great-schools/6967246724.html,2019-08-29,10:54,$650,Cedar City,True,None,2,885ft2
Utah,stgeorge,stgeorge,apa,6967245809,None,"Professionally Managed Affordable Living, Call for Rental Criteria",https://stgeorge.craigslist.org/apa/d/cedar-city-professionally-managed/6967245809.html,2019-08-29,10:54,$750,Cedar City,True,None,3,1117ft2
Utah,stgeorge,stgeorge,apa,6967010831,None,"WIFI, Ne***Remodeled One Level Ranch Southside off Dimond+WIFI,",https://stgeorge.craigslist.org/apa/d/hildale-wifi-neremodeled-one-level/6967010831.html,2019-08-29,01:57,$1050,"Hurricane, UT",True,None,4,2720ft2
Utah,stgeorge,stgeorge,apa,6967010776,None,"WIFI, Ne*** Remodeled One Level Ranch Southside off Dimond+WIFI,",https://stgeorge.craigslist.org/apa/d/hildale-wifi-ne-remodeled-one-level/6967010776.html,2019-08-29,01:56,$1050,"Hurricane, UT",True,None,4,2720ft2
Utah,stgeorge,stgeorge,apa,6967009478,None,"West Davis Nice Hurricane, UT for rent 2019-2019",https://stgeorge.craigslist.org/apa/d/hildale-west-davis-nice-hurricane-ut/6967009478.html,2019-08-29,01:43,$750,"Hurricane, UT",True,None,3,1300ft2
Utah,stgeorge,stgeorge,apa,6967009391,None,"WIFI, Ne***Newly Remodeled One Level Ranch Southside off Dimond+WIFI,",https://stgeorge.craigslist.org/apa/d/hildale-wifi-nenewly-remodeled-one/6967009391.html,2019-08-29,01:42,$750,"Hurricane, UT",True,None,3,1300ft2
Utah,stgeorge,stgeorge,apa,6966758161,None,Wow! Why rent when mortgages are ON SALE! Learn more!,https://stgeorge.craigslist.org/apa/d/hildale-wow-why-rent-when-mortgages-are/6966758161.html,2019-08-28,15:10,$1200,"Hurricane, UT",True,None,2,1100ft2
Utah,stgeorge,stgeorge,apa,6953126532,None,Wow! Why rent when mortgages are ON SALE! Check this out,https://stgeorge.craigslist.org/apa/d/cedar-city-wow-why-rent-when-mortgages/6953126532.html,2019-08-28,15:03,$900,Cedar City,True,None,2,1400ft2
Utah,stgeorge,stgeorge,apa,6966537105,None,"Lease Now, Convenient Location, Dishwasher, Affordable, WD Hook Up",https://stgeorge.craigslist.org/apa/d/cedar-city-lease-now-convenient/6966537105.html,2019-08-28,10:58,$650,Cedar City,True,None,2,885ft2
Utah,stgeorge,stgeorge,apa,6945160174,4854133127,Windsor Drive Duplex home w/garage-Available Now,https://stgeorge.craigslist.org/apa/d/windsor-drive-duplex-home-garage/6945160174.html,2019-08-27,16:53,$1350,"350 N. Windsor Drive, Washington, Utah",True,None,3,1886ft2
Utah,stgeorge,stgeorge,apa,6966084022,None,"Now Available, Income Restrictions Apply, Close to Schools",https://stgeorge.craigslist.org/apa/d/cedar-city-now-available-income/6966084022.html,2019-08-27,16:34,$750,Cedar City,True,None,3,1117ft2
Utah,stgeorge,stgeorge,apa,6965939124,None,Winter haven park 55 & older  senior  community,https://stgeorge.craigslist.org/apa/d/washington-winter-haven-park-55-older/6965939124.html,2019-08-27,13:34,$650,Washington,False,None,1,500ft2
Utah,stgeorge,stgeorge,apa,6965807421,None,"Apply Today, Professionally Managed Affordable Community, Playground",https://stgeorge.craigslist.org/apa/d/cedar-city-apply-today-professionally/6965807421.html,2019-08-27,11:12,$650,Cedar City,True,None,2,885ft2
Utah,stgeorge,stgeorge,apa,6965363317,None,"Great Location, Lease Today, Spacious, Affordable Housing",https://stgeorge.craigslist.org/apa/d/cedar-city-great-location-lease-today/6965363317.html,2019-08-26,17:16,$750,Cedar City,True,None,3,1117ft2
Utah,stgeorge,stgeorge,apa,6965050251,None,"Available Now, Spacious Layout, Income Restrictions Apply",https://stgeorge.craigslist.org/apa/d/cedar-city-available-now-spacious/6965050251.html,2019-08-26,11:18,$650,Cedar City,True,None,2,885ft2
Utah,stgeorge,stgeorge,apa,6965049223,None,"Open House Saturday, Come Look and Lease for Added Savings",https://stgeorge.craigslist.org/apa/d/cedar-city-open-house-saturday-come/6965049223.html,2019-08-26,11:17,$750,Cedar City,True,None,3,1117ft2
Utah,stgeorge,stgeorge,apa,6945923762,None,Brand New Construction In Great Location!,https://stgeorge.craigslist.org/apa/d/cedar-city-brand-new-construction-in/6945923762.html,2019-08-26,10:34,$1095,Cedar City,True,None,3,None
Utah,stgeorge,stgeorge,apa,6952239242,6946711865,Walking Distance to SUU!,https://stgeorge.craigslist.org/apa/d/cedar-city-walking-distance-to-suu/6952239242.html,2019-08-26,10:34,$1200,Cedar City,True,None,3,None
Utah,stgeorge,stgeorge,apa,6964109984,None,Tiled bathrooms..tiled basement.,https://stgeorge.craigslist.org/apa/d/santa-clara-tiled-bathroomstiled/6964109984.html,2019-08-24,21:34,$0,None,False,None,None,None
Utah,stgeorge,stgeorge,apa,6963205358,None,"Complete with a nice kitchen, and a nice bathroom.",https://stgeorge.craigslist.org/apa/d/santa-clara-complete-with-nice-kitchen/6963205358.html,2019-08-23,15:17,$0,None,False,None,None,None
Utah,stgeorge,stgeorge,apa,6962992445,None,"Premier Cedar City Affordable Community, Fitness Center and More",https://stgeorge.craigslist.org/apa/d/cedar-city-premier-cedar-city/6962992445.html,2019-08-23,10:49,$650,Cedar City,True,None,2,885ft2
Utah,stgeorge,stgeorge,apa,6951028774,None,TWO BEDROOM BLOW OUT,https://stgeorge.craigslist.org/apa/d/saint-george-two-bedroom-blow-out/6951028774.html,2019-08-23,10:39,$1400,SAINT GEORGE,True,None,2,1056ft2
Utah,stgeorge,stgeorge,apa,6962255072,None,"Near Great Schools, Beautifully Landscaped, Income Restrictions Apply",https://stgeorge.craigslist.org/apa/d/cedar-city-near-great-schools/6962255072.html,2019-08-22,10:44,$650,Cedar City,True,None,2,885ft2
Utah,stgeorge,stgeorge,apa,6961541042,None,"Lease Now, Convenient Location, Dishwasher, Affordable, WD Hook Up",https://stgeorge.craigslist.org/apa/d/cedar-city-lease-now-convenient/6961541042.html,2019-08-21,11:18,$650,Cedar City,True,None,2,885ft2
Utah,stgeorge,stgeorge,apa,6960894660,None,Red rock ridge contract,https://stgeorge.craigslist.org/apa/d/saint-george-red-rock-ridge-contract/6960894660.html,2019-08-20,13:13,$396,St george,False,None,1,None
Utah,stgeorge,stgeorge,apa,6960790178,None,"Apply Today, Professionally Managed Affordable Community, Playground",https://stgeorge.craigslist.org/apa/d/cedar-city-apply-today-professionally/6960790178.html,2019-08-20,11:24,$650,Cedar City,True,None,2,885ft2
Utah,stgeorge,stgeorge,apa,6960748682,None,Vintage at Tabernacle Womens Private Room,https://stgeorge.craigslist.org/apa/d/santa-clara-vintage-at-tabernacle/6960748682.html,2019-08-20,10:42,$609,Dixie State University,False,None,1,None
Utah,stgeorge,stgeorge,apa,6960006968,None,"Available Now, Spacious Layout, Income Restrictions Apply",https://stgeorge.craigslist.org/apa/d/cedar-city-available-now-spacious/6960006968.html,2019-08-19,11:14,$650,Cedar City,True,None,2,885ft2
Utah,stgeorge,stgeorge,apa,6959971225,None,Large Pet Friendly House - Sept rent paid!,https://stgeorge.craigslist.org/apa/d/ivins-large-pet-friendly-house-sept/6959971225.html,2019-08-19,10:39,$2050,None,True,None,None,None
Utah,stgeorge,stgeorge,apa,6884798239,6170221176,1 BEDROOM 1 BATH IN A RESORT SETTING ALL UTILITIES PAID,https://stgeorge.craigslist.org/apa/d/mesquite-1-bedroom-1-bath-in-resort/6884798239.html,2019-06-07,23:03,$995,MESQUITE NV,False,None,1,600ft2
Utah,stgeorge,stgeorge,apa,6884798135,6170221176,1 BEDROOM 1 BATH IN A RESORT SETTING ALL UTILITIES PAID,https://stgeorge.craigslist.org/apa/d/mesquite-1-bedroom-1-bath-in-resort/6884798135.html,2019-06-07,23:03,$995,MESQUITE NV,False,None,1,600ft2
Utah,stgeorge,stgeorge,apa,6884796515,6170221176,1 BEDROOM 1 BATH IN A RESORT SETTING ALL UTILITIES PAID,https://stgeorge.craigslist.org/apa/d/mesquite-1-bedroom-1-bath-in-resort/6884796515.html,2019-06-07,23:03,$995,MESQUITE NV,False,None,1,600ft2
