Illinois,lasalle,lasalle,apa,6973608147,None,4 bedroom 2 bath Big yard,https://lasalle.craigslist.org/apa/d/gill-4-bedroom-2-bath-big-yard/6973608147.html,2019-10-03,13:10,$1213,Severance   Keenesburg,True,None,5,1646ft2
Illinois,lasalle,lasalle,apa,6991743326,6707041355,4br/2ba house in Peru,https://lasalle.craigslist.org/apa/d/peru-4br-2ba-house-in-peru/6991743326.html,2019-10-03,09:41,$1150,"623 calhoun, Peru, IL",True,None,4,None
Illinois,lasalle,lasalle,apa,6989944811,6082914041,Updated 1br in LaSalle,https://lasalle.craigslist.org/apa/d/peru-updated-1br-in-lasalle/6989944811.html,2019-10-03,09:35,$575,"621 Gooding St, LaSalle, IL",True,None,1,None
Illinois,lasalle,lasalle,apa,6979115825,6643973941,Rehabbed Large 4BR/2BA Home in Great Peru Location,https://lasalle.craigslist.org/apa/d/peru-rehabbed-large-4br-2ba-home-in/6979115825.html,2019-10-03,09:35,$1200,"1710 6th St, Peru, IL",True,None,4,None
Illinois,lasalle,lasalle,apa,6981256902,None,"1st MONTH FREE! Washer/Dryer, Tons of amenities!",https://lasalle.craigslist.org/apa/d/peru-1st-month-free-washer-dryer-tons/6981256902.html,2019-10-03,08:20,$875,"378 Carlene Dr La Salle, IL",True,None,3,None
Illinois,lasalle,lasalle,apa,6989816009,6174970904,Garden Level 2-Bedroom Available NOW!,https://lasalle.craigslist.org/apa/d/garden-level-2-bedroom-available-now/6989816009.html,2019-10-02,15:03,$775,Ottawa,True,None,2,None
Illinois,lasalle,lasalle,apa,6991280844,None,Apartment for Rent,https://lasalle.craigslist.org/apa/d/oglesby-apartment-for-rent/6991280844.html,2019-10-02,14:33,$600,Oglesby IL,True,None,2,None
Illinois,lasalle,lasalle,apa,6979879885,6643973941,Rehabbed Large 4BR/2BA Home in Great Peru Location,https://lasalle.craigslist.org/apa/d/peru-rehabbed-large-4br-2ba-home-in/6979879885.html,2019-10-02,13:41,$1200,"1710 6th St, Peru, IL",True,None,4,None
Illinois,lasalle,lasalle,apa,6991175167,None,Cozy 1 Bedroom Apartment,https://lasalle.craigslist.org/apa/d/dalzell-cozy-1-bedroom-apartment/6991175167.html,2019-10-02,12:31,$550,Ladd,True,None,1,None
Illinois,lasalle,lasalle,apa,6984926500,6939570638,3bdr 1.5 bath Ranch home,https://lasalle.craigslist.org/apa/d/earlville-3bdr-15-bath-ranch-home/6984926500.html,2019-10-02,10:41,$1,Mendota,False,None,3,None
Illinois,lasalle,lasalle,apa,6984926918,6939563522,4 bedrooms- 2.5 baths,https://lasalle.craigslist.org/apa/d/mendota-4-bedrooms-25-baths/6984926918.html,2019-10-02,10:41,$1,Mendota,False,None,4,None
Illinois,lasalle,lasalle,apa,6984927318,6748113497,Beautiful large home,https://lasalle.craigslist.org/apa/d/mendota-beautiful-large-home/6984927318.html,2019-10-02,10:40,$1,Mendota,False,None,4,2500ft2
Illinois,lasalle,lasalle,apa,6984927570,6105366665,Spacious efficiency,https://lasalle.craigslist.org/apa/d/spacious-efficiency/6984927570.html,2019-10-02,10:40,$1,Mendota,False,None,None,None
Illinois,lasalle,lasalle,apa,6984928008,6177745606,Furnished 1 Bedroom all utilities included,https://lasalle.craigslist.org/apa/d/mendota-furnished-1-bedroom-all/6984928008.html,2019-10-02,10:39,$1,Mendota,False,None,1,None
Illinois,lasalle,lasalle,apa,6991026881,None,2 bedroom house for rent,https://lasalle.craigslist.org/apa/d/oglesby-2-bedroom-house-for-rent/6991026881.html,2019-10-02,10:09,$800,Oglesby IL,True,None,2,None
Illinois,lasalle,lasalle,apa,6969660022,6790120776,Great Quite Place to Live Get in Before Fall And It is Almost Here,https://lasalle.craigslist.org/apa/d/putnam-great-quite-place-to-live-get-in/6969660022.html,2019-10-01,17:59,$685,12 Hemlock Dr. (Lake Thunderbird) Putnam,True,None,2,800ft2
Illinois,lasalle,lasalle,apa,6969690981,None,Nice Little Home in Spring Valley,https://lasalle.craigslist.org/apa/d/spring-valley-nice-little-home-in/6969690981.html,2019-10-01,17:59,$675,229 W 6th. St Spring Valley Il,True,None,1,900ft2
Illinois,lasalle,lasalle,apa,6969680191,None,Do You Want to Rent In Mendota,https://lasalle.craigslist.org/apa/d/mendota-do-you-want-to-rent-in-mendota/6969680191.html,2019-10-01,17:59,$810,105 3rd. St Mendota Il,True,None,3,1000ft2
Illinois,lasalle,lasalle,apa,6990414328,None,2 bedroom Amboy for rent 550 month,https://lasalle.craigslist.org/apa/d/amboy-2-bedroom-amboy-for-rent-550-month/6990414328.html,2019-10-01,13:36,$550,None,False,None,None,None
Illinois,lasalle,lasalle,apa,6990501973,4428507988,"NEWER RANCH, 2BDRM, 2BA, 2CAR, APPLI.",https://lasalle.craigslist.org/apa/d/newer-ranch-2bdrm-2ba-2car-appli/6990501973.html,2019-10-01,13:28,$995,Marseilles,False,None,2,1160ft2
Illinois,lasalle,lasalle,apa,6990286754,None,"Beautiful 'home with Fireplace, Good Natural Light, Hardwood Floor",https://lasalle.craigslist.org/apa/d/ottawa-beautiful-home-with-fireplace/6990286754.html,2019-10-01,11:05,$580,chicago,True,None,2,1050ft2
Illinois,lasalle,lasalle,apa,6990307326,6693514183,"Updated 4 Br, 3 Bath South Ottawa Ranch Coming Soon!",https://lasalle.craigslist.org/apa/d/ottawa-updated-4-br-3-bath-south-ottawa/6990307326.html,2019-10-01,09:58,$1600,Ottawa,True,None,4,None
Illinois,lasalle,lasalle,apa,6981256361,None,"1st MONTH FREE! Washer/Dryer, Tons of amenities!",https://lasalle.craigslist.org/apa/d/peru-1st-month-free-washer-dryer-tons/6981256361.html,2019-10-01,08:42,$875,"378 Carlene Dr La Salle, IL",True,None,3,None
Illinois,lasalle,lasalle,apa,6989945033,6082914041,Updated 1br in LaSalle,https://lasalle.craigslist.org/apa/d/peru-updated-1br-in-lasalle/6989945033.html,2019-09-30,17:38,$575,"621 Gooding St, LaSalle, IL",True,None,1,None
Illinois,lasalle,lasalle,apa,6989962665,None,Desperately seeking living quarters,https://lasalle.craigslist.org/apa/d/spring-valley-desperately-seeking/6989962665.html,2019-09-30,17:22,$250,Spring Valley,True,None,None,None
Illinois,lasalle,lasalle,apa,6970013624,6707041355,4br/2ba house in Peru,https://lasalle.craigslist.org/apa/d/peru-4br-2ba-house-in-peru/6970013624.html,2019-09-30,16:58,$1150,"623 calhoun, Peru, IL",True,None,4,None
Illinois,lasalle,lasalle,apa,6979116082,6643973941,Rehabbed Large 4BR/2BA Home in Great Peru Location,https://lasalle.craigslist.org/apa/d/peru-rehabbed-large-4br-2ba-home-in/6979116082.html,2019-09-30,16:58,$1200,"1710 6th St, Peru, IL",True,None,4,None
Illinois,lasalle,lasalle,apa,6989596954,None,Large fenced back yard.,https://lasalle.craigslist.org/apa/d/ottawa-large-fenced-back-yard/6989596954.html,2019-09-30,11:49,$0,None,False,None,None,None
Illinois,lasalle,lasalle,apa,6985120255,None,New 2bedroom home for Rent,https://lasalle.craigslist.org/apa/d/mendota-new-2bedroom-home-for-rent/6985120255.html,2019-09-30,09:49,$850,Mendota,True,None,2,1000ft2
Illinois,lasalle,lasalle,apa,6985133215,None,Beautiful 3 bedroom renovated Home for Rent,https://lasalle.craigslist.org/apa/d/mendota-beautiful-3-bedroom-renovated/6985133215.html,2019-09-30,09:48,$1200,Mendota,True,None,3,2000ft2
Illinois,lasalle,lasalle,apa,6975574176,None,3BR/1BA Single Family Home For Rent in LaSalle,https://lasalle.craigslist.org/apa/d/peru-3br-1ba-single-family-home-for/6975574176.html,2019-09-30,06:54,$997,None,True,None,3,1100ft2
Illinois,lasalle,lasalle,apa,6989298912,None,One bedroom house for rent,https://lasalle.craigslist.org/apa/d/peru-one-bedroom-house-for-rent/6989298912.html,2019-09-29,18:45,$700,"Peru, Illinois",False,None,1,None
Illinois,lasalle,lasalle,apa,6989285545,None,3 bedroom home for rent,https://lasalle.craigslist.org/apa/d/ottawa-3-bedroom-home-for-rent/6989285545.html,2019-09-29,18:39,$1450,None,True,None,None,None
Illinois,lasalle,lasalle,apa,6989188204,None,"Lower 2 bedroom, 1 bath apartment for rent in Amboy, Illinois.",https://lasalle.craigslist.org/apa/d/amboy-lower-2-bedroom-1-bath-apartment/6989188204.html,2019-09-29,15:42,$525,TimberCreek Drive,True,None,2,750ft2
Illinois,lasalle,lasalle,apa,6976195611,6944568103,3BD 2.5 bath,https://lasalle.craigslist.org/apa/d/waterman-3bd-25-bath/6976195611.html,2019-09-29,12:03,$1650,WATERMAN,True,None,3,1957ft2
Illinois,lasalle,lasalle,apa,6988808569,None,918 West Washington Street,https://lasalle.craigslist.org/apa/d/ottawa-918-west-washington-street/6988808569.html,2019-09-28,21:26,$875,Ottawa,False,None,2,1000ft2
Illinois,lasalle,lasalle,apa,6988776403,None,ROOMS FOR RENT AND APARTMENT,https://lasalle.craigslist.org/apa/d/spring-valley-rooms-for-rent-and/6988776403.html,2019-09-28,19:54,$1,springvalley,False,None,1,None
Illinois,lasalle,lasalle,apa,6983449605,None,Very nice apt,https://lasalle.craigslist.org/apa/d/streator-very-nice-apt/6983449605.html,2019-09-28,14:16,$800,Streator,True,None,2,1700ft2
Illinois,lasalle,lasalle,apa,6968452796,None,4 bedroom 2 bath Pet friendly current,https://lasalle.craigslist.org/apa/d/mead-4-bedroom-2-bath-pet-friendly/6968452796.html,2019-09-28,06:36,$1125,Eaton or Windsor,False,None,4,2022ft2
Illinois,lasalle,lasalle,apa,6988164536,None,"Small town, nice 2 bedroom",https://lasalle.craigslist.org/apa/d/leland-small-town-nice-2-bedroom/6988164536.html,2019-09-27,21:38,$625,Leland,True,None,2,800ft2
Illinois,lasalle,lasalle,apa,6970646382,4891480139,1-Bedroom Ottawa Apt  (completely remodeled buildings),https://lasalle.craigslist.org/apa/d/ottawa-1-bedroom-ottawa-apt-completely/6970646382.html,2019-09-27,18:53,$725,Ottawa,True,None,1,None
Illinois,lasalle,lasalle,apa,6980885248,6195150061,"Spacious 2 Bedroom Apt., E. Union St.",https://lasalle.craigslist.org/apa/d/earlville-spacious-2-bedroom-apt-union/6980885248.html,2019-09-27,13:03,$670,Earlville,True,None,2,800ft2
Illinois,lasalle,lasalle,apa,6987669519,None,Private driveway parking/street parking.,https://lasalle.craigslist.org/apa/d/ottawa-private-driveway-parking-street/6987669519.html,2019-09-27,10:44,$0,None,False,None,None,None
Illinois,lasalle,lasalle,apa,6987532311,6960060689,Apartment for rent,https://lasalle.craigslist.org/apa/d/peru-apartment-for-rent/6987532311.html,2019-09-27,06:58,$450,Lasalle Illinois,True,None,None,None
Illinois,lasalle,lasalle,apa,6987200110,None,1 BR Upstairs $475.,https://lasalle.craigslist.org/apa/d/ottawa-1-br-upstairs-475/6987200110.html,2019-09-26,15:02,$475,Ottawa,True,None,1,None
Illinois,lasalle,lasalle,apa,6987189536,6853737403,1 bedroom house,https://lasalle.craigslist.org/apa/d/streator-1-bedroom-house/6987189536.html,2019-09-26,14:49,$450,Streator,False,None,None,None
Illinois,lasalle,lasalle,apa,6981446872,None,1 bedroom apt. LaSalle $412,https://lasalle.craigslist.org/apa/d/peru-1-bedroom-apt-lasalle-412/6981446872.html,2019-09-26,09:29,$412,Downtown LaSalle,True,None,1,350ft2
Illinois,lasalle,lasalle,apa,6982151803,None,Beautiful Newly Remodeled Duplex,https://lasalle.craigslist.org/apa/d/minooka-beautiful-newly-remodeled-duplex/6982151803.html,2019-09-26,06:10,$1300,Minooka,True,None,2,1500ft2
Illinois,lasalle,lasalle,apa,6986710606,6262944593,2302 1st street Peru 3BR house for rent,https://lasalle.craigslist.org/apa/d/st-street-peru-3br-house-for-rent/6986710606.html,2019-09-25,20:49,$725,Peru,True,None,3,1400ft2
Illinois,lasalle,lasalle,apa,6966692335,None,4 bedroom 2 baths Quiet location !,https://lasalle.craigslist.org/apa/d/severance-4-bedroom-2-baths-quiet/6966692335.html,2019-09-25,17:40,$975,Erie or Platteville,True,None,5,1882ft2
Illinois,lasalle,lasalle,apa,6986520306,4698167502,Spacious Condo 3-4 BD 3.5 baths,https://lasalle.craigslist.org/apa/d/la-salle-spacious-condo-3-4-bd-35-baths/6986520306.html,2019-09-25,15:41,$1500,LaSalle,True,None,3,3100ft2
Illinois,lasalle,lasalle,apa,6968176559,None,Newly redone 2 bed w comp room/office,https://lasalle.craigslist.org/apa/d/ottawa-newly-redone-2-bed-comp-room/6968176559.html,2019-09-25,12:51,$960,"Ottawa, IL",False,None,3,1100ft2
Illinois,lasalle,lasalle,apa,6965946983,6564787607,1ST FLOOR  One Bedroom Available Now!,https://lasalle.craigslist.org/apa/d/ottawa-1st-floor-one-bedroom-available/6965946983.html,2019-09-25,12:25,$675,1200 Germania Drive,True,None,1,750ft2
Illinois,lasalle,lasalle,apa,6986211532,None,Residential Apartment for Rent,https://lasalle.craigslist.org/apa/d/ottawa-residential-apartment-for-rent/6986211532.html,2019-09-25,10:00,$1200,None,True,None,2,635ft2
Illinois,lasalle,lasalle,apa,6965676624,6707041355,4br/2ba house in Peru,https://lasalle.craigslist.org/apa/d/peru-4br-2ba-house-in-peru/6965676624.html,2019-09-25,07:43,$1150,"623 calhoun, Peru, IL",True,None,4,None
Illinois,lasalle,lasalle,apa,6965683346,6082914041,Updated 1br in LaSalle,https://lasalle.craigslist.org/apa/d/peru-updated-1br-in-lasalle/6965683346.html,2019-09-25,07:42,$575,"621 Gooding St, LaSalle, IL",True,None,1,None
Illinois,lasalle,lasalle,apa,6986021912,6386027554,Large House for rent on Main Street,https://lasalle.craigslist.org/apa/d/princeton-large-house-for-rent-on-main/6986021912.html,2019-09-24,22:47,$975,"Princeton, IL",False,None,4,None
Illinois,lasalle,lasalle,apa,6985398072,6707660844,Apartment for rent,https://lasalle.craigslist.org/apa/d/lostant-apartment-for-rent/6985398072.html,2019-09-24,08:40,$0,Lostant,False,None,2,None
Illinois,lasalle,lasalle,apa,6985398471,4815287935,Nice 2 bedroom apartment for rent,https://lasalle.craigslist.org/apa/d/nice-2-bedroom-apartment-for-rent/6985398471.html,2019-09-24,08:26,$0,Peru,False,None,2,None
Illinois,lasalle,lasalle,apa,6985397635,4815282278,2bedroom/2bath apartment,https://lasalle.craigslist.org/apa/d/2bedroom-2bath-apartment/6985397635.html,2019-09-24,08:24,$999,Peru,False,None,2,None
Illinois,lasalle,lasalle,apa,6984990993,None,3 bedroom/1 bathroom,https://lasalle.craigslist.org/apa/d/marseilles-3-bedroom-1-bathroom/6984990993.html,2019-09-23,14:54,$900,Marseilles,False,None,None,None
Illinois,lasalle,lasalle,apa,6984975520,6126595631,Peru Studio Apartment,https://lasalle.craigslist.org/apa/d/peru-studio-apartment/6984975520.html,2019-09-23,14:37,$505,2402 Marquette Rd,False,None,None,None
Illinois,lasalle,lasalle,apa,6965668212,4627073911,Lanark Manor Apartments,https://lasalle.craigslist.org/apa/d/lanark-manor-apartments/6965668212.html,2019-09-23,10:08,$0,401 W Hanabarger Street,False,None,2,None
Illinois,lasalle,lasalle,apa,6980553085,4981995688,Country Meadows Apartments,https://lasalle.craigslist.org/apa/d/country-meadows-apartments/6980553085.html,2019-09-23,10:07,$0,504 Plaza Dr,False,None,2,None
Illinois,lasalle,lasalle,apa,6984698139,6556160987,2 Br Apartment For Rent,https://lasalle.craigslist.org/apa/d/peru-2-br-apartment-for-rent/6984698139.html,2019-09-23,09:58,$695,2404 Marquette Rd.,False,None,2,None
Illinois,lasalle,lasalle,apa,6984695561,None,3 Bedroom - 2 bath Home for Rent,https://lasalle.craigslist.org/apa/d/peru-3-bedroom-2-bath-home-for-rent/6984695561.html,2019-09-23,09:55,$1150,"Peru, IL",True,None,3,None
Illinois,lasalle,lasalle,apa,6984601558,None,3-4 bedroom single family home,https://lasalle.craigslist.org/apa/d/peru-3-4-bedroom-single-family-home/6984601558.html,2019-09-23,07:47,$900,"LaSalle, IL",True,None,4,1200ft2
Illinois,lasalle,lasalle,apa,6984454164,None,rural farmhouse for rent,https://lasalle.craigslist.org/apa/d/minooka-rural-farmhouse-for-rent/6984454164.html,2019-09-22,20:26,$950,"minoka, il",False,None,2,None
Illinois,lasalle,lasalle,apa,6965568974,None,Ottawa 4 bedrooms for rent,https://lasalle.craigslist.org/apa/d/ottawa-ottawa-4-bedrooms-for-rent/6965568974.html,2019-09-22,01:38,$1,Ottawa,True,None,None,None
Illinois,lasalle,lasalle,apa,6982505750,None,2 BDRM LOFT...  ALL UTILITIES INCLUDED,https://lasalle.craigslist.org/apa/d/peru-2-bdrm-loft-all-utilities-included/6982505750.html,2019-09-19,22:05,$750,DOWN TOWN LASALLE,True,None,2,None
Illinois,lasalle,lasalle,apa,6982476892,None,SPACIOUS APARTMENT,https://lasalle.craigslist.org/apa/d/peru-spacious-apartment/6982476892.html,2019-09-19,20:45,$575,Peru,True,None,2,None
Illinois,lasalle,lasalle,apa,6982106388,None,3 bedroom 2 bath duplex,https://lasalle.craigslist.org/apa/d/marseilles-3-bedroom-2-bath-duplex/6982106388.html,2019-09-19,12:07,$1150,Marseilles,True,None,3,None
Illinois,lasalle,lasalle,apa,6981139804,None,"Great location, if you looking for quiet and private place",https://lasalle.craigslist.org/apa/d/peru-great-location-if-you-looking-for/6981139804.html,2019-09-18,07:41,$1500,la salle co,True,None,2,None
Illinois,lasalle,lasalle,apa,6981140966,None,"Great location, if you looking for quiet and private place",https://lasalle.craigslist.org/apa/d/peru-great-location-if-you-looking-for/6981140966.html,2019-09-18,07:03,$1600,la salle co,True,None,3,None
Illinois,lasalle,lasalle,apa,6980973815,None,Looking for a House/Apt to Rent,https://lasalle.craigslist.org/apa/d/ottawa-looking-for-house-apt-to-rent/6980973815.html,2019-09-17,18:52,$600,None,False,None,None,None
Illinois,lasalle,lasalle,apa,6965603358,6609944390,Ottawa 1 BR-Includes All Utilities,https://lasalle.craigslist.org/apa/d/ottawa-ottawa-1-br-includes-all/6965603358.html,2019-09-16,08:08,$650,Ottawa IL,True,None,1,None
Illinois,lasalle,lasalle,apa,6978293247,None,Apartment s for rent,https://lasalle.craigslist.org/apa/d/mendota-apartment-for-rent/6978293247.html,2019-09-13,23:24,$700,Mendota,True,None,None,None
Illinois,lasalle,lasalle,apa,6977631072,None,One bedroom Apt,https://lasalle.craigslist.org/apa/d/peru-one-bedroom-apt/6977631072.html,2019-09-13,06:48,$450,Peru,False,None,1,None
Illinois,lasalle,lasalle,apa,6955938591,4844219500,1-month free rent -Remodeled 2-Bedroom Apt in Ottawa with New flooring,https://lasalle.craigslist.org/apa/d/ottawa-1-month-free-rent-remodeled-2/6955938591.html,2019-09-12,07:21,$845,Ottawa,True,None,2,900ft2
Illinois,lasalle,lasalle,apa,6976791167,None,1 & 2 BEDROOMS NOW AVAILABLE,https://lasalle.craigslist.org/apa/d/peru-1-2-bedrooms-now-available/6976791167.html,2019-09-11,21:31,$0,Peru,True,None,1,None
Illinois,lasalle,lasalle,apa,6976582647,None,2 BED ROOM AMBOY 495 PER MONTH,https://lasalle.craigslist.org/apa/d/amboy-2-bed-room-amboy-495-per-month/6976582647.html,2019-09-11,15:46,$495,AMBOY il,False,None,None,None
Illinois,lasalle,lasalle,apa,6976486940,6972369306,"2 bed, 1 bath apartment in Princeton",https://lasalle.craigslist.org/apa/d/princeton-2-bed-1-bath-apartment-in/6976486940.html,2019-09-11,13:57,$550,Princeton,True,None,2,None
Illinois,lasalle,lasalle,apa,6975316988,None,Very clean 1 B 1 B apartment,https://lasalle.craigslist.org/apa/d/princeton-very-clean-1-1-apartment/6975316988.html,2019-09-09,22:54,$500,Princeton,True,None,1,None
Illinois,lasalle,lasalle,apa,6974991182,None,Small town living,https://lasalle.craigslist.org/apa/d/compton-small-town-living/6974991182.html,2019-09-09,14:22,$850,Compton Illinois,True,None,4,1800ft2
Illinois,lasalle,lasalle,apa,6974948518,None,Last upper apartment!,https://lasalle.craigslist.org/apa/d/sandwich-last-upper-apartment/6974948518.html,2019-09-09,13:37,$826,"Sandwich, IL",True,None,2,1200ft2
Illinois,lasalle,lasalle,apa,6974887727,None,"$549 / 3br - 1432ft2 - Gorgeous 3 Bed, 2 Bath close to Townhouse - AVA",https://lasalle.craigslist.org/apa/d/peru-549-3br-ft2-gorgeous-3-bed-2-bath/6974887727.html,2019-09-09,12:47,$549,None,False,None,None,1432ft2
Illinois,lasalle,lasalle,apa,6974503308,None,Large 2 bedroom apt for Rent,https://lasalle.craigslist.org/apa/d/streator-large-2-bedroom-apt-for-rent/6974503308.html,2019-09-08,21:23,$825,Streator IL,True,None,2,1700ft2
Illinois,lasalle,lasalle,apa,6971301321,None,1 BR upstairs apt. Marseilles. For rent,https://lasalle.craigslist.org/apa/d/marseilles-1-br-upstairs-apt-marseilles/6971301321.html,2019-09-07,06:57,$550,"Marseilles, il",False,None,None,None
Illinois,lasalle,lasalle,apa,6973112553,None,House for rent,https://lasalle.craigslist.org/apa/d/wedron-house-for-rent/6973112553.html,2019-09-06,18:23,$590,North of  Ottawa,False,None,1,None
Illinois,lasalle,lasalle,apa,6972860479,None,Last upper 2 bedroom apartment!,https://lasalle.craigslist.org/apa/d/sandwich-last-upper-2-bedroom-apartment/6972860479.html,2019-09-06,13:19,$826,"Sandwich, IL",True,None,2,1200ft2
Illinois,lasalle,lasalle,apa,6951963225,None,4 bedroom 2 bath Big yard,https://lasalle.craigslist.org/apa/d/timnath-4-bedroom-2-bath-big-yard/6951963225.html,2019-09-06,12:21,$1213,Frederick or Greeley,True,None,4,2070ft2
Illinois,lasalle,lasalle,apa,6953337497,None,"3 bedroom 2 bathrooms Big yard ,",https://lasalle.craigslist.org/apa/d/ault-3-bedroom-2-bathrooms-big-yard/6953337497.html,2019-09-06,12:21,$1250,Platteville or Eaton,True,None,3,1333ft2
Illinois,lasalle,lasalle,apa,6972718530,None,Executive Home,https://lasalle.craigslist.org/apa/d/peru-executive-home/6972718530.html,2019-09-06,10:55,$2500,Peru,False,None,3,2200ft2
Illinois,lasalle,lasalle,apa,6972703593,None,3 bedroom Apartment,https://lasalle.craigslist.org/apa/d/princeton-3-bedroom-apartment/6972703593.html,2019-09-06,10:40,$950,"Princeton, IL",True,None,3,None
Illinois,lasalle,lasalle,apa,6972693758,None,4 BDRM House,https://lasalle.craigslist.org/apa/d/peru-4-bdrm-house/6972693758.html,2019-09-06,10:30,$1300,La Salle,True,None,4,None
Illinois,lasalle,lasalle,apa,6972687918,None,2 BR Furnished,https://lasalle.craigslist.org/apa/d/peru-2-br-furnished/6972687918.html,2019-09-06,10:23,$1300,La Salle,True,None,2,None
Illinois,lasalle,lasalle,apa,6972677300,None,One Bedroom Apartment,https://lasalle.craigslist.org/apa/d/peru-one-bedroom-apartment/6972677300.html,2019-09-06,10:12,$695,La Salle,True,None,1,None
Illinois,lasalle,lasalle,apa,6971641319,None,For Rent 2 Bedroom Apt. $650,https://lasalle.craigslist.org/apa/d/peru-for-rent-2-bedroom-apt-650/6971641319.html,2019-09-04,19:14,$650,Peru,True,None,2,None
Illinois,lasalle,lasalle,apa,6971506626,None,Going fast!,https://lasalle.craigslist.org/apa/d/sandwich-going-fast/6971506626.html,2019-09-04,16:03,$826,"Sandwich, IL",True,None,2,1200ft2
Illinois,lasalle,lasalle,apa,6958654327,5609553471,4 BR/1.5 Bath house to SHARE,https://lasalle.craigslist.org/apa/d/4-br-15-bath-house-to-share/6958654327.html,2019-09-01,12:01,$650,"Ottawa, IL.",True,None,4,1600ft2
Illinois,lasalle,lasalle,apa,6958656330,5609553471,4 BR/1.5 Bath house to SHARE,https://lasalle.craigslist.org/apa/d/4-br-15-bath-house-to-share/6958656330.html,2019-09-01,12:01,$650,"Ottawa, IL.",True,None,4,1600ft2
Illinois,lasalle,lasalle,apa,6969005052,None,House for rent,https://lasalle.craigslist.org/apa/d/mendota-house-for-rent/6969005052.html,2019-08-31,22:33,$1000,Mendota,True,None,3,2600ft2
Illinois,lasalle,lasalle,apa,6968776538,None,2 bedroom/1 bath apartment for rent,https://lasalle.craigslist.org/apa/d/marseilles-2-bedroom-1-bath-apartment/6968776538.html,2019-08-31,14:41,$650,Marseilles,False,None,2,None
Illinois,lasalle,lasalle,apa,6952714647,6753378364,Apartment and houses in La Salle,https://lasalle.craigslist.org/apa/d/peru-apartment-and-houses-in-la-salle/6952714647.html,2019-08-31,13:35,$1,La Salle County,False,None,5,None
Illinois,lasalle,lasalle,apa,6968263423,None,1 bedroom apartment,https://lasalle.craigslist.org/apa/d/spring-valley-1-bedroom-apartment/6968263423.html,2019-08-30,18:50,$600,spring valley,False,None,1,600ft2
Illinois,lasalle,lasalle,apa,6967780073,None,Privately-Owned Condo: CLEAN-Pool-Hot Tub-Balcony-Great Location!,https://lasalle.craigslist.org/apa/d/pompano-beach-privately-owned-condo/6967780073.html,2019-08-30,08:22,$1000,"Coral Springs, FL – (Near CS Mall)",True,None,1,None
Illinois,lasalle,lasalle,apa,6964918674,None,Privately-Owned Condo: CLEAN-Pool-Hot Tub-Balcony-Great Location!,https://lasalle.craigslist.org/apa/d/coral-springs-privately-owned-condo/6964918674.html,2019-08-30,08:20,$1000,"Coral Springs, FL – (Near CS Mall)",True,None,1,None
Illinois,lasalle,lasalle,apa,6966303160,None,Privately-Owned Condo: CLEAN-Pool-Hot Tub-Balcony-Great Location!,https://lasalle.craigslist.org/apa/d/pompano-beach-privately-owned-condo/6966303160.html,2019-08-30,08:20,$1000,"Coral Springs, FL – (Near CS Mall)",True,None,1,None
Illinois,lasalle,lasalle,apa,6964266021,None,Privately-Owned Condo - Pool - Hot Tub – CLEAN - Great Location!,https://lasalle.craigslist.org/apa/d/coral-springs-privately-owned-condo/6964266021.html,2019-08-30,08:20,$1000,"Coral Springs, FL – (Near CS Mall)",True,None,1,None
Illinois,lasalle,lasalle,apa,6959198715,None,Privately-Owned Condo: CLEAN-Pool-Hot Tub-Balcony-Great Location!,https://lasalle.craigslist.org/apa/d/coral-springs-privately-owned-condo/6959198715.html,2019-08-30,08:20,$1000,"Coral Springs, FL - near CS Mall",True,None,1,None
Illinois,lasalle,lasalle,apa,6959755766,None,Privately-Owned Condo - Pool - Hot Tub – CLEAN - Great Location!,https://lasalle.craigslist.org/apa/d/coral-springs-privately-owned-condo/6959755766.html,2019-08-30,08:20,$1000,"Coral Springs, FL – (Near CS Mall)",True,None,1,None
Illinois,lasalle,lasalle,apa,6960577165,None,Privately-Owned Condo - Pool - Hot Tub – CLEAN - Great Location!,https://lasalle.craigslist.org/apa/d/coral-springs-privately-owned-condo/6960577165.html,2019-08-30,08:20,$1000,"Coral Springs, FL – (Near CS Mall)",True,None,1,None
Illinois,lasalle,lasalle,apa,6958505650,None,Privately-Owned Condo - Pool - Hot Tub – CLEAN - Great Location!,https://lasalle.craigslist.org/apa/d/coral-springs-privately-owned-condo/6958505650.html,2019-08-30,08:20,$1000,"Coral Springs, FL – (Near CS Mall)",True,None,1,None
Illinois,lasalle,lasalle,apa,6967059315,None,Privately-Owned Condo - Pool - Hot Tub – CLEAN - Great Location!,https://lasalle.craigslist.org/apa/d/pompano-beach-privately-owned-condo/6967059315.html,2019-08-29,07:41,$1000,"Coral Springs, FL – (Near CS Mall)",True,None,1,None
Illinois,lasalle,lasalle,apa,6967058230,None,Privately-Owned Condo: CLEAN-Pool-Hot Tub-Balcony-Great Location!,https://lasalle.craigslist.org/apa/d/coral-springs-privately-owned-condo/6967058230.html,2019-08-29,07:39,$1000,"Coral Springs, FL – (Near CS Mall)",True,None,1,None
Illinois,lasalle,lasalle,apa,6962830535,None,Privately-Owned Condo - Pool - Hot Tub – CLEAN - Great Location!,https://lasalle.craigslist.org/apa/d/coral-springs-privately-owned-condo/6962830535.html,2019-08-29,07:37,$1000,"Coral Springs, FL – (Near CS Mall)",True,None,1,None
Illinois,lasalle,lasalle,apa,6961351153,None,Privately-Owned Condo - Pool - Hot Tub – CLEAN - Great Location!,https://lasalle.craigslist.org/apa/d/coral-springs-privately-owned-condo/6961351153.html,2019-08-29,07:37,$1000,"Coral Springs, FL – (Near CS Mall)",True,None,1,None
Illinois,lasalle,lasalle,apa,6957812825,None,Privately-Owned Condo - Pool - Hot Tub – CLEAN - Great Location!,https://lasalle.craigslist.org/apa/d/coral-springs-privately-owned-condo/6957812825.html,2019-08-29,07:36,$1000,"Coral Springs, FL – (Near CS Mall)",True,None,1,None
Illinois,lasalle,lasalle,apa,6964263000,None,Privately-Owned Condo - Pool - Hot Tub – CLEAN - Great Location!,https://lasalle.craigslist.org/apa/d/coral-springs-privately-owned-condo/6964263000.html,2019-08-29,07:36,$1000,"Coral Springs, FL – (Near CS Mall)",True,None,1,None
Illinois,lasalle,lasalle,apa,6964923623,None,Privately-Owned Condo: CLEAN-Pool-Hot Tub-Balcony-Great Location!,https://lasalle.craigslist.org/apa/d/coral-springs-privately-owned-condo/6964923623.html,2019-08-29,07:36,$1000,"Coral Springs, FL – (Near CS Mall)",True,None,1,None
Illinois,lasalle,lasalle,apa,6966720222,None,One Apartment Left!!!!,https://lasalle.craigslist.org/apa/d/sandwich-one-apartment-left/6966720222.html,2019-08-28,15:23,$826,"Sandwich, IL",True,None,2,1200ft2
Illinois,lasalle,lasalle,apa,6965208019,None,The apartments are a must see!,https://lasalle.craigslist.org/apa/d/sandwich-the-apartments-are-must-see/6965208019.html,2019-08-26,15:01,$826,"Sandwich, Il",True,None,2,1200ft2
Illinois,lasalle,lasalle,apa,6965160394,None,3 bedroom house,https://lasalle.craigslist.org/apa/d/spring-valley-3-bedroom-house/6965160394.html,2019-08-26,14:50,$900,spring valley,False,None,3,1300ft2
Illinois,lasalle,lasalle,apa,6962830109,None,"Room, Room and more room!",https://lasalle.craigslist.org/apa/d/sandwich-room-room-and-more-room/6962830109.html,2019-08-23,08:44,$826,"Sandwich, IL",True,None,2,1200ft2
Illinois,lasalle,lasalle,apa,6962123369,None,Very nice 1 bedroom apt,https://lasalle.craigslist.org/apa/d/streator-very-nice-1-bedroom-apt/6962123369.html,2019-08-22,09:27,$550,Streator,False,None,None,None
Illinois,lasalle,lasalle,apa,6961699786,None,2 Apartments with balcony!,https://lasalle.craigslist.org/apa/d/sandwich-2-apartments-with-balcony/6961699786.html,2019-08-21,15:09,$826,"Sandwich, IL",True,None,2,1200ft2
Illinois,lasalle,lasalle,apa,6961198009,None,For Rent,https://lasalle.craigslist.org/apa/d/mendota-for-rent/6961198009.html,2019-08-20,21:59,$100,None,False,None,2,None
Illinois,lasalle,lasalle,apa,6959899523,None,You have to see these apartments!,https://lasalle.craigslist.org/apa/d/sandwich-you-have-to-see-these/6959899523.html,2019-08-19,10:28,$826,"Sandwich, IL",True,None,2,1200ft2
