Montana,greatfalls,greatfalls,apa,6985283626,None,2 bedroom BASEMENT apartment,https://greatfalls.craigslist.org/apa/d/great-falls-2-bedroom-basement-apartment/6985283626.html,2019-10-03,16:04,$575,Great falls,True,None,2,800ft2
Montana,greatfalls,greatfalls,apa,6992116352,None,House for rent or sale,https://greatfalls.craigslist.org/apa/d/simms-house-for-rent-or-sale/6992116352.html,2019-10-03,15:46,$700,"Simms, Montana",True,None,3,1400ft2
Montana,greatfalls,greatfalls,apa,6991954034,None,Introducing Great new Savings with Extended Stay America Great Falls,https://greatfalls.craigslist.org/apa/d/great-falls-introducing-great-new/6991954034.html,2019-10-03,12:30,$750,Great Falls,True,None,None,None
Montana,greatfalls,greatfalls,apa,6977993056,6238760760,"Very Large, Affordable 3 BD !! $500 MOVE-IN SPECIAL !!",https://greatfalls.craigslist.org/apa/d/great-falls-very-large-affordable-3-bd/6977993056.html,2019-10-03,11:12,$897,Great Falls,True,None,3,None
Montana,greatfalls,greatfalls,apa,6989691151,6968008820,"Large 2 BD, Nice Neighborhood! Pet Friendly !! $250 MOVE-IN SPECIAL !!",https://greatfalls.craigslist.org/apa/d/great-falls-large-2-bd-nice/6989691151.html,2019-10-03,11:11,$777,Great Falls,True,None,2,875ft2
Montana,greatfalls,greatfalls,apa,6977992715,5850340284,Modern & Energy Efficient! Nice Neighborhood! Pet Friendly !,https://greatfalls.craigslist.org/apa/d/great-falls-modern-energy-efficient/6977992715.html,2019-10-03,11:11,$697,Great Falls,True,None,1,None
Montana,greatfalls,greatfalls,apa,6976651469,None,$750 2-bedroom house with small garage,https://greatfalls.craigslist.org/apa/d/great-falls-bedroom-house-with-small/6976651469.html,2019-10-03,09:38,$750,Great Falls,True,None,2,None
Montana,greatfalls,greatfalls,apa,6991760125,None,"Warm home with dish washer, w/d hookups or free onsite laundry!",https://greatfalls.craigslist.org/apa/d/great-falls-warm-home-with-dish-washer/6991760125.html,2019-10-03,08:56,$694,None,True,None,2,None
Montana,greatfalls,greatfalls,apa,6991756631,None,two bedroom apartment for one bedroom price and wont last long!,https://greatfalls.craigslist.org/apa/d/great-falls-two-bedroom-apartment-for/6991756631.html,2019-10-03,08:52,$694,None,True,None,2,None
Montana,greatfalls,greatfalls,apa,6991754877,None,"Playground, basketball court and close to schools! Apply today!",https://greatfalls.craigslist.org/apa/d/great-falls-playground-basketball-court/6991754877.html,2019-10-03,08:50,$694,None,True,None,2,None
Montana,greatfalls,greatfalls,apa,6991752569,None,State of the art gym and free onsite laundry! schedule today!,https://greatfalls.craigslist.org/apa/d/great-falls-state-of-the-art-gym-and/6991752569.html,2019-10-03,08:47,$694,None,True,None,2,None
Montana,greatfalls,greatfalls,apa,6991749051,None,Ground Floor and ready today! Ask about G602,https://greatfalls.craigslist.org/apa/d/great-falls-ground-floor-and-ready/6991749051.html,2019-10-03,08:42,$694,None,True,None,1,None
Montana,greatfalls,greatfalls,apa,6991568205,4890651482,1-BR East Side,https://greatfalls.craigslist.org/apa/d/great-falls-1-br-east-side/6991568205.html,2019-10-02,21:11,$530,Great Falls,True,None,1,565ft2
Montana,greatfalls,greatfalls,apa,6986729894,6273803168,"Quiet three bedroom, two bath 1,400 +/- sq ft mfg home w/garage",https://greatfalls.craigslist.org/apa/d/vaughn-quiet-three-bedroom-two-bath-sq/6986729894.html,2019-10-02,18:46,$1400,Vaughn,True,None,3,1400ft2
Montana,greatfalls,greatfalls,apa,6991464692,None,Current rate will not last! Call today to schedule a tour,https://greatfalls.craigslist.org/apa/d/great-falls-current-rate-will-not-last/6991464692.html,2019-10-02,17:27,$694,None,True,None,2,None
Montana,greatfalls,greatfalls,apa,6991401301,None,Belt Great Schools 3 bedroom 1.5 bath refined french doors Fort Shaw,https://greatfalls.craigslist.org/apa/d/great-falls-belt-great-schools-3/6991401301.html,2019-10-02,16:58,$925,Simms   Floweree,True,None,3,2052ft2
Montana,greatfalls,greatfalls,apa,6991426403,None,Only 1 ground floor apartment left! Call today to tour!,https://greatfalls.craigslist.org/apa/d/great-falls-only-1-ground-floor/6991426403.html,2019-10-02,16:27,$694,None,True,None,1,None
Montana,greatfalls,greatfalls,apa,6991412780,None,Unbeatable 2-bedroom Rates! Call today to tour your new home!,https://greatfalls.craigslist.org/apa/d/great-falls-unbeatable-2-bedroom-rates/6991412780.html,2019-10-02,16:08,$694,None,True,None,2,None
Montana,greatfalls,greatfalls,apa,6991398680,None,"FREE On-Site Laundry, Fitness Center, WiFi and more! Call today!",https://greatfalls.craigslist.org/apa/d/great-falls-free-on-site-laundry/6991398680.html,2019-10-02,15:55,$694,None,True,None,2,None
Montana,greatfalls,greatfalls,apa,6985381654,6256142862,Upscale one bedroom #202,https://greatfalls.craigslist.org/apa/d/great-falls-upscale-one-bedroom-202/6985381654.html,2019-10-02,15:42,$800,415 Central Ave,False,None,1,800ft2
Montana,greatfalls,greatfalls,apa,6980713294,6372271064,Large 3 bed 1 bath upper level of Duplex,https://greatfalls.craigslist.org/apa/d/great-falls-large-3-bed-1-bath-upper/6980713294.html,2019-10-02,15:20,$950,Great Falls,True,None,3,1500ft2
Montana,greatfalls,greatfalls,apa,6991232187,None,3 bedrooms 2 baths Coming SOON!!1 RESERVE yours now!!!,https://greatfalls.craigslist.org/apa/d/great-falls-3-bedrooms-2-baths-coming/6991232187.html,2019-10-02,12:30,$966,Great Falls,True,None,3,1138ft2
Montana,greatfalls,greatfalls,apa,6991230487,None,2 Bedroom RockCress Commons,https://greatfalls.craigslist.org/apa/d/great-falls-2-bedroom-rockcress-commons/6991230487.html,2019-10-02,12:28,$840,Rockcress Commons,True,None,2,778ft2
Montana,greatfalls,greatfalls,apa,6991227714,None,A few Ground floor 1 bedroom Left,https://greatfalls.craigslist.org/apa/d/great-falls-few-ground-floor-1-bedroom/6991227714.html,2019-10-02,12:26,$705,great Falls,True,None,1,570ft2
Montana,greatfalls,greatfalls,apa,6991223516,None,2 LAST minute opens one bedroom Rockcress Commons,https://greatfalls.craigslist.org/apa/d/great-falls-2-last-minute-opens-one/6991223516.html,2019-10-02,12:21,$574,Great Falls,False,None,1,570ft2
Montana,greatfalls,greatfalls,apa,6988753281,None,Brady Nicely remodeled 4 bedroom 2 baths sleek top rated schools Stock,https://greatfalls.craigslist.org/apa/d/neihart-brady-nicely-remodeled-4/6988753281.html,2019-10-02,11:38,$895,Floweree or Cascade,True,None,3,1113ft2
Montana,greatfalls,greatfalls,apa,6985325895,None,Monarch Clean area 4 bedroom 2 bth  finished basement Raynesford,https://greatfalls.craigslist.org/apa/d/ulm-monarch-clean-area-4-bedroom-2-bth/6985325895.html,2019-10-02,11:38,$895,Power   Black Eagle,True,None,3,1257ft2
Montana,greatfalls,greatfalls,apa,6981449361,6238760760,Large 3 BD! Affordable !! $500 MOVE-IN SPECIAL !!,https://greatfalls.craigslist.org/apa/d/large-3-bd-affordable-500-move-in/6981449361.html,2019-10-02,11:17,$897,Great Falls,True,None,3,None
Montana,greatfalls,greatfalls,apa,6977117946,5850340284,Modern & Energy Efficient! Nice Neighborhood! Pet Friendly !,https://greatfalls.craigslist.org/apa/d/great-falls-modern-energy-efficient/6977117946.html,2019-10-02,11:17,$697,None,True,None,1,None
Montana,greatfalls,greatfalls,apa,6991161704,6969379486,"Spacious, Modern Apartment! Pet Friendly !! $250 MOVE-IN SPECIAL !!",https://greatfalls.craigslist.org/apa/d/great-falls-spacious-modern-apartment/6991161704.html,2019-10-02,11:16,$777,Great Falls,True,None,2,875ft2
Montana,greatfalls,greatfalls,apa,6978524602,6863210580,Remodeled 2 Bedroom Duplex,https://greatfalls.craigslist.org/apa/d/great-falls-remodeled-2-bedroom-duplex/6978524602.html,2019-10-02,09:43,$800,GREAT FALLS,True,None,None,None
Montana,greatfalls,greatfalls,apa,6982577605,None,Large corner lot with fenced yard in a convenient location.  ===>,https://greatfalls.craigslist.org/apa/d/great-falls-large-corner-lot-with/6982577605.html,2019-10-02,02:54,$550,Great-Falls--,True,None,2,944ft2
Montana,greatfalls,greatfalls,apa,6988955340,None,2 BEDROOM APARTMENT,https://greatfalls.craigslist.org/apa/d/cascade-2-bedroom-apartment/6988955340.html,2019-10-01,17:19,$650,CASCADE,True,None,2,None
Montana,greatfalls,greatfalls,apa,6990541388,4008587858,House for Rent,https://greatfalls.craigslist.org/apa/d/house-for-rent/6990541388.html,2019-10-01,13:11,$1375,Great Falls,True,None,4,1900ft2
Montana,greatfalls,greatfalls,apa,6980681454,6238760760,"Large 3 BD / 2 Bath, Pet Friendly !! $500 MOVE-IN SPECIAL !!",https://greatfalls.craigslist.org/apa/d/large-3-bd-2-bath-pet-friendly-500-move/6980681454.html,2019-10-01,12:02,$897,Great Falls,True,None,3,None
Montana,greatfalls,greatfalls,apa,6980681044,6968676190,"Spacious, Great Neighborhood! Pet Friendly !! $250 MOVE-IN SPECIAL !!",https://greatfalls.craigslist.org/apa/d/great-falls-spacious-great-neighborhood/6980681044.html,2019-10-01,12:02,$777,Great Falls,True,None,2,875ft2
Montana,greatfalls,greatfalls,apa,6978596006,5850340284,"Modern, Spacious Apartment ! Pet Friendly !",https://greatfalls.craigslist.org/apa/d/modern-spacious-apartment-pet-friendly/6978596006.html,2019-10-01,12:02,$697,Great Falls,True,None,1,None
Montana,greatfalls,greatfalls,apa,6990418792,None,Small house wanted,https://greatfalls.craigslist.org/apa/d/great-falls-small-house-wanted/6990418792.html,2019-10-01,11:01,$800,Great Falls,False,None,1,None
Montana,greatfalls,greatfalls,apa,6990408750,None,Warm apt home and you pay 1 bedroom price for a 2 bedroom,https://greatfalls.craigslist.org/apa/d/great-falls-warm-apt-home-and-you-pay-1/6990408750.html,2019-10-01,10:50,$694,None,True,None,2,None
Montana,greatfalls,greatfalls,apa,6990406941,None,$100 off of your rent - Reduced to $694 per month for 2 bedroom,https://greatfalls.craigslist.org/apa/d/great-falls-100-off-of-your-rent/6990406941.html,2019-10-01,10:48,$694,None,True,None,2,None
Montana,greatfalls,greatfalls,apa,6990403257,None,$199 deferred and $201 at Move In Deposit with REDUCED RENT,https://greatfalls.craigslist.org/apa/d/great-falls-199-deferred-and-201-at/6990403257.html,2019-10-01,10:44,$694,None,True,None,2,None
Montana,greatfalls,greatfalls,apa,6990400687,None,$694 for 2 bedroom! Special $199 deposit deferred!,https://greatfalls.craigslist.org/apa/d/great-falls-694-for-2-bedroom-special/6990400687.html,2019-10-01,10:41,$694,None,True,None,2,None
Montana,greatfalls,greatfalls,apa,6990354115,None,"Cozy one bed, one bath home! $199 deferred deposit!",https://greatfalls.craigslist.org/apa/d/great-falls-cozy-one-bed-one-bath-home/6990354115.html,2019-10-01,09:51,$694,None,True,None,1,None
Montana,greatfalls,greatfalls,apa,6990319847,6826296119,Award Winning Historic Clark Condominium (Remodeled: 1 bed + 1 office),https://greatfalls.craigslist.org/apa/d/great-falls-award-winning-historic/6990319847.html,2019-10-01,09:13,$800,"212 4th Ave North, Great Falls MT",True,None,1,968ft2
Montana,greatfalls,greatfalls,apa,6975690203,6826296119,Award Winning Historic Clark Condominium (Remodeled: 1 bed + 1 office),https://greatfalls.craigslist.org/apa/d/great-falls-award-winning-historic/6975690203.html,2019-10-01,09:12,$750,"212 4th Ave North, Great Falls MT",True,None,1,750ft2
Montana,greatfalls,greatfalls,apa,6990231747,None,"2 Bedroom, 2 Bathroom, newly remodeled apt for rent in great falls $39",https://greatfalls.craigslist.org/apa/d/great-falls-2-bedroom-2-bathroom-newly/6990231747.html,2019-10-01,07:13,$399,great falls,False,None,2,None
Montana,greatfalls,greatfalls,apa,6990032939,None,Ground floor 1-bedroom unit available! Call today!,https://greatfalls.craigslist.org/apa/d/great-falls-ground-floor-1-bedroom-unit/6990032939.html,2019-09-30,18:12,$694,None,True,None,2,None
Montana,greatfalls,greatfalls,apa,6990030434,None,2-bedroom only $694! Call today to schedule a tour!,https://greatfalls.craigslist.org/apa/d/great-falls-2-bedroom-only-694-call/6990030434.html,2019-09-30,18:07,$694,None,True,None,2,None
Montana,greatfalls,greatfalls,apa,6989827474,None,4 Bedroom 1 Bath House,https://greatfalls.craigslist.org/apa/d/great-falls-4-bedroom-1-bath-house/6989827474.html,2019-09-30,13:33,$1300,Great Falls,True,None,4,None
Montana,greatfalls,greatfalls,apa,6989527073,None,Spacey brand new 3bed room house! Absolutely Reconstructed!,https://greatfalls.craigslist.org/apa/d/great-falls-spacey-brand-new-3bed-room/6989527073.html,2019-09-30,09:05,$560,great falls,True,None,2,820ft2
Montana,greatfalls,greatfalls,apa,6989262339,None,2 bedroom 1 bath house for rent,https://greatfalls.craigslist.org/apa/d/ethridge-2-bedroom-1-bath-house-for-rent/6989262339.html,2019-09-29,16:37,$600,cutbank,False,None,2,None
Montana,greatfalls,greatfalls,apa,6988885317,None,Three bedroom two bath,https://greatfalls.craigslist.org/apa/d/ulm-three-bedroom-two-bath/6988885317.html,2019-09-29,05:36,$1450,2 miles south of Ulm Montana,False,None,3,2300ft2
Montana,greatfalls,greatfalls,apa,6969500341,6040804783,Must see efficient apartment,https://greatfalls.craigslist.org/apa/d/lewistown-must-see-efficient-apartment/6969500341.html,2019-09-28,14:16,$400,"Lewistown, Mt",True,None,1,None
Montana,greatfalls,greatfalls,apa,6988348346,None,Spacey brand new 3bed room house! Absolutely Reconstructed!,https://greatfalls.craigslist.org/apa/d/great-falls-spacey-brand-new-3bed-room/6988348346.html,2019-09-28,10:23,$600,great falls,True,None,3,905ft2
Montana,greatfalls,greatfalls,apa,6988284207,None,River Run Apartments,https://greatfalls.craigslist.org/apa/d/great-falls-river-run-apartments/6988284207.html,2019-09-28,07:13,$25,Great Falls,True,None,None,None
Montana,greatfalls,greatfalls,apa,6976320824,5204598098,Nice 2 bdrm Apt in 4 plex near Benefis,https://greatfalls.craigslist.org/apa/d/great-falls-nice-2-bdrm-apt-in-4-plex/6976320824.html,2019-09-27,20:38,$775,1604 Sand Ct,True,None,2,900ft2
Montana,greatfalls,greatfalls,apa,6983743883,None,Nice 1 Bedroom Apt with Bonus Room,https://greatfalls.craigslist.org/apa/d/great-falls-nice-1-bedroom-apt-with/6983743883.html,2019-09-27,13:44,$600,"317 14th St S, Great Falls",True,None,1,700ft2
Montana,greatfalls,greatfalls,apa,6987779441,None,Pay 1 bedroom price for a 2 bedroom,https://greatfalls.craigslist.org/apa/d/great-falls-pay-1-bedroom-price-for-2/6987779441.html,2019-09-27,11:23,$694,None,True,None,2,None
Montana,greatfalls,greatfalls,apa,6987776736,None,$100 off of your rent - Reduced to $694 per month for 2 bedroom,https://greatfalls.craigslist.org/apa/d/great-falls-100-off-of-your-rent/6987776736.html,2019-09-27,11:20,$694,None,True,None,2,None
Montana,greatfalls,greatfalls,apa,6987774809,None,199 deferred and $201 at Move In Deposit with REDUCED RENT,https://greatfalls.craigslist.org/apa/d/great-falls-199-deferred-and-201-at/6987774809.html,2019-09-27,11:18,$694,None,True,None,None,None
Montana,greatfalls,greatfalls,apa,6987772932,None,$694 for 2 bedroom! Special $199 deposit deferred!,https://greatfalls.craigslist.org/apa/d/great-falls-694-for-2-bedroom-special/6987772932.html,2019-09-27,11:16,$694,None,True,None,2,None
Montana,greatfalls,greatfalls,apa,6987765630,None,"one bed, one bath home! $199 deferred deposit!",https://greatfalls.craigslist.org/apa/d/great-falls-one-bed-one-bath-home-199/6987765630.html,2019-09-27,11:09,$694,None,True,None,1,None
Montana,greatfalls,greatfalls,apa,6987596980,None,Spacey brand new 3bed room house! Absolutely Reconstructed!,https://greatfalls.craigslist.org/apa/d/great-falls-spacey-brand-new-3bed-room/6987596980.html,2019-09-27,09:27,$600,great falls,True,None,3,960ft2
Montana,greatfalls,greatfalls,apa,6987504558,None,Sun River Won't last 3 bedroom 1.5 bath splendid great room Monarch,https://greatfalls.craigslist.org/apa/d/great-falls-sun-river-wont-last-3/6987504558.html,2019-09-27,04:31,$975,Raynesford   Sand Coulee,True,None,5,1457ft2
Montana,greatfalls,greatfalls,apa,6987336524,6738639981,3 bedroom home,https://greatfalls.craigslist.org/apa/d/geraldine-3-bedroom-home/6987336524.html,2019-09-26,17:08,$600,Geraldine,False,None,3,1100ft2
Montana,greatfalls,greatfalls,apa,6978544202,None,cozy 1bedroom full basement complete renovation,https://greatfalls.craigslist.org/apa/d/great-falls-cozy-1bedroom-full-basement/6978544202.html,2019-09-26,16:40,$775,"805 3rd avenue S.W. Great falls, Montana",True,None,1,1000ft2
Montana,greatfalls,greatfalls,apa,6986892251,None,Spacey brand new 3bed room house! Absolutely Reconstructed!,https://greatfalls.craigslist.org/apa/d/great-falls-spacey-brand-new-3bed-room/6986892251.html,2019-09-26,09:44,$640,great falls,True,None,2,990ft2
Montana,greatfalls,greatfalls,apa,6986660615,None,3 Bed 1 Bath Home,https://greatfalls.craigslist.org/apa/d/great-falls-3-bed-1-bath-home/6986660615.html,2019-09-25,18:07,$1100,None,True,None,3,None
Montana,greatfalls,greatfalls,apa,6986657720,None,3+ Bed 2 Bath Home,https://greatfalls.craigslist.org/apa/d/great-falls-3-bed-2-bath-home/6986657720.html,2019-09-25,18:02,$1100,None,True,None,None,None
Montana,greatfalls,greatfalls,apa,6986313746,4403907799,708 House for Rent,https://greatfalls.craigslist.org/apa/d/708-house-for-rent/6986313746.html,2019-09-25,10:50,$900,708 6th Street North,True,None,2,None
Montana,greatfalls,greatfalls,apa,6986308130,4834254012,Lincoln Apartments 1 bedroom For Rent,https://greatfalls.craigslist.org/apa/d/lincoln-apartments-1-bedroom-for-rent/6986308130.html,2019-09-25,10:44,$575,Lincoln Apartments,True,None,1,None
Montana,greatfalls,greatfalls,apa,6986303468,4834219561,600 7th Ave. N- 1 Bed Apt. For Rent,https://greatfalls.craigslist.org/apa/d/600-7th-ave-1-bed-apt-for-rent/6986303468.html,2019-09-25,10:39,$650,600 7th Avenue N.,True,None,2,None
Montana,greatfalls,greatfalls,apa,6986301124,4888876156,Longfellow Apartments,https://greatfalls.craigslist.org/apa/d/longfellow-apartments/6986301124.html,2019-09-25,10:37,$575,1201 6th Avenue South,True,None,1,None
Montana,greatfalls,greatfalls,apa,6986297085,4834247673,Toy Apartments 1 bedroom,https://greatfalls.craigslist.org/apa/d/toy-apartments-1-bedroom/6986297085.html,2019-09-25,10:33,$575,The Toy Apartments,True,None,1,None
Montana,greatfalls,greatfalls,apa,6986243562,None,Pay 1 bedroom price for a 2 bedroom,https://greatfalls.craigslist.org/apa/d/great-falls-pay-1-bedroom-price-for-2/6986243562.html,2019-09-25,09:35,$694,None,True,None,2,None
Montana,greatfalls,greatfalls,apa,6986241668,None,$100 off of your rent - Reduced to $694 per month for 2 bedroom,https://greatfalls.craigslist.org/apa/d/great-falls-100-off-of-your-rent/6986241668.html,2019-09-25,09:33,$694,None,True,None,2,None
Montana,greatfalls,greatfalls,apa,6986239259,None,199 deferred and $201 at Move In Deposit with REDUCED RENT,https://greatfalls.craigslist.org/apa/d/great-falls-199-deferred-and-201-at/6986239259.html,2019-09-25,09:31,$694,None,True,None,2,None
Montana,greatfalls,greatfalls,apa,6986237064,None,$694 for 2 bedroom! Special $199 deposit deferred!,https://greatfalls.craigslist.org/apa/d/great-falls-694-for-2-bedroom-special/6986237064.html,2019-09-25,09:28,$694,None,True,None,2,None
Montana,greatfalls,greatfalls,apa,6986234750,None,"one bed, one bath home! $199 deferred deposit!",https://greatfalls.craigslist.org/apa/d/great-falls-one-bed-one-bath-home-199/6986234750.html,2019-09-25,09:26,$694,None,True,None,1,None
Montana,greatfalls,greatfalls,apa,6965738619,None,Absolutely renovated house in a gorgeous area and school!,https://greatfalls.craigslist.org/apa/d/great-falls-absolutely-renovated-house/6965738619.html,2019-09-25,07:28,$620,great falls,True,None,2,990ft2
Montana,greatfalls,greatfalls,apa,6985824652,None,For rent!,https://greatfalls.craigslist.org/apa/d/great-falls-for-rent/6985824652.html,2019-09-24,15:29,$625,Great Falls,True,None,1,None
Montana,greatfalls,greatfalls,apa,6985820881,None,"For rent 1 bedroom, 1 bath",https://greatfalls.craigslist.org/apa/d/great-falls-for-rent-1-bedroom-1-bath/6985820881.html,2019-09-24,15:25,$625,"Great Falls, MT",True,None,1,None
Montana,greatfalls,greatfalls,apa,6985508736,None,$694 for 2 bedroom! Special $199 deposit deferred!,https://greatfalls.craigslist.org/apa/d/great-falls-694-for-2-bedroom-special/6985508736.html,2019-09-24,09:42,$694,None,True,None,2,None
Montana,greatfalls,greatfalls,apa,6985506547,None,199 deferred and $201 at Move In Deposit with REDUCED RENT,https://greatfalls.craigslist.org/apa/d/great-falls-199-deferred-and-201-at/6985506547.html,2019-09-24,09:40,$694,None,True,None,2,None
Montana,greatfalls,greatfalls,apa,6985504051,None,$100 off of your rent - Reduced to $694 per month for 2 bedroom,https://greatfalls.craigslist.org/apa/d/great-falls-100-off-of-your-rent/6985504051.html,2019-09-24,09:37,$694,None,True,None,2,None
Montana,greatfalls,greatfalls,apa,6985500498,None,2 bdrm 8-plex,https://greatfalls.craigslist.org/apa/d/great-falls-2-bdrm-8-plex/6985500498.html,2019-09-24,09:33,$600,Great Falls,True,None,2,840ft2
Montana,greatfalls,greatfalls,apa,6985471822,None,Pay 1 bedroom price for a 2 bedroom,https://greatfalls.craigslist.org/apa/d/great-falls-pay-1-bedroom-price-for-2/6985471822.html,2019-09-24,09:02,$694,None,True,None,2,None
Montana,greatfalls,greatfalls,apa,6985469733,None,"one bed, one bath home! $199 deferred deposit!",https://greatfalls.craigslist.org/apa/d/great-falls-one-bed-one-bath-home-199/6985469733.html,2019-09-24,09:00,$694,None,True,None,1,None
Montana,greatfalls,greatfalls,apa,6985385159,None,"Formal entry, living room, formal dining room.",https://greatfalls.craigslist.org/apa/d/great-falls-formal-entry-living-room/6985385159.html,2019-09-24,08:22,$0,None,False,None,None,None
Montana,greatfalls,greatfalls,apa,6964156551,None,PSA Fake Rentals Part 2,https://greatfalls.craigslist.org/apa/d/great-falls-psa-fake-rentals-part-2/6964156551.html,2019-09-23,15:52,$0,Great Falls,True,None,None,None
Montana,greatfalls,greatfalls,apa,6975158085,None,2-Bedroom Apartment for Rent,https://greatfalls.craigslist.org/apa/d/great-falls-2-bedroom-apartment-for-rent/6975158085.html,2019-09-23,14:33,$725,10th Ave South,True,None,2,700ft2
Montana,greatfalls,greatfalls,apa,6984922451,None,$694 for 2 bedroom! Special $199 deposit deferred!,https://greatfalls.craigslist.org/apa/d/great-falls-694-for-2-bedroom-special/6984922451.html,2019-09-23,12:41,$694,None,True,None,2,None
Montana,greatfalls,greatfalls,apa,6984910311,None,$199 deferred and $201 at Move In Deposit with REDUCED RENT,https://greatfalls.craigslist.org/apa/d/great-falls-199-deferred-and-201-at/6984910311.html,2019-09-23,12:29,$694,None,True,None,2,None
Montana,greatfalls,greatfalls,apa,6984908502,None,$100 off of your rent - Reduced to $694 per month for 2 bedroom,https://greatfalls.craigslist.org/apa/d/great-falls-100-off-of-your-rent/6984908502.html,2019-09-23,12:28,$694,None,True,None,2,None
Montana,greatfalls,greatfalls,apa,6984906684,None,Pay 1 bedroom price for a 2 bedroom,https://greatfalls.craigslist.org/apa/d/great-falls-pay-1-bedroom-price-for-2/6984906684.html,2019-09-23,12:26,$694,None,True,None,2,None
Montana,greatfalls,greatfalls,apa,6984904331,None,Convenient Location! $199 deferred deposit!,https://greatfalls.craigslist.org/apa/d/great-falls-convenient-location-199/6984904331.html,2019-09-23,12:23,$694,None,True,None,1,None
Montana,greatfalls,greatfalls,apa,6978036701,6555101630,2 Bed - Rent to Own Manufactured Home,https://greatfalls.craigslist.org/apa/d/conrad-2-bed-rent-to-own-manufactured/6978036701.html,2019-09-23,10:52,$525,Conrad,True,None,2,None
Montana,greatfalls,greatfalls,apa,6984656012,None,"IN Great Falls We Have A Great 3 Bedroom, on the 1rst fl. For You!",https://greatfalls.craigslist.org/apa/d/great-falls-in-great-falls-we-have/6984656012.html,2019-09-23,08:15,$900,Great Falls,True,None,None,None
Montana,greatfalls,greatfalls,apa,6984632420,None,3 Bedroom 2 Bath Home,https://greatfalls.craigslist.org/apa/d/great-falls-3-bedroom-2-bath-home/6984632420.html,2019-09-23,07:38,$1200,Great Falls,True,None,3,None
Montana,greatfalls,greatfalls,apa,6984137238,None,Apartment for rent East End Great Falls,https://greatfalls.craigslist.org/apa/d/malta-apartment-for-rent-east-end-great/6984137238.html,2019-09-22,11:39,$650,None,True,None,2,None
Montana,greatfalls,greatfalls,apa,6984090840,None,Apartment for rent East End Great Falls,https://greatfalls.craigslist.org/apa/d/malta-apartment-for-rent-east-end-great/6984090840.html,2019-09-22,11:05,$650,None,True,None,None,None
Montana,greatfalls,greatfalls,apa,6984124776,None,2 Bedroom  Apartment near College and Shopping,https://greatfalls.craigslist.org/apa/d/great-falls-2-bedroom-apartment-near/6984124776.html,2019-09-22,10:46,$725,Great Falls,True,None,2,740ft2
Montana,greatfalls,greatfalls,apa,6973081436,None,Newly  remodeled /2 bedroom-3 bath,https://greatfalls.craigslist.org/apa/d/great-falls-newly-remodeled-2-bedroom-3/6973081436.html,2019-09-22,08:26,$1200,West/Central Great Falls,True,None,2,2100ft2
Montana,greatfalls,greatfalls,apa,6984033977,None,1ba apartment,https://greatfalls.craigslist.org/apa/d/belt-1ba-apartment/6984033977.html,2019-09-22,08:22,$550,Belt,False,None,2,None
Montana,greatfalls,greatfalls,apa,6983581114,None,W0W! AWESOME3 BDRM IN NEW HOUSE!,https://greatfalls.craigslist.org/apa/d/great-falls-w0w-awesome3-bdrm-in-new/6983581114.html,2019-09-21,13:12,$620,great falls,True,None,3,605ft2
Montana,greatfalls,greatfalls,apa,6983599399,4815464335,Spacious 2 bed/2bath duplex on SW Side,https://greatfalls.craigslist.org/apa/d/spacious-2-bed-2bath-duplex-on-sw-side/6983599399.html,2019-09-21,12:08,$950,208 Huffman Ave,True,None,2,1300ft2
Montana,greatfalls,greatfalls,apa,6983197668,5717736483,$800/2 Bedroom Nature Lovers Dream Apt w/Fireplace & Pool,https://greatfalls.craigslist.org/apa/d/bedroom-nature-lovers-dream-apt/6983197668.html,2019-09-20,19:06,$800,1375 13th Ave SW,True,None,2,875ft2
Montana,greatfalls,greatfalls,apa,6982623873,None,W0W! AWESOME3 BDRM IN NEW HOUSE!,https://greatfalls.craigslist.org/apa/d/great-falls-w0w-awesome3-bdrm-in-new/6982623873.html,2019-09-20,08:33,$610,great falls,True,None,2,1080ft2
Montana,greatfalls,greatfalls,apa,6982426262,None,$694 for 2 bedroom! Special $199 deposit deferred!,https://greatfalls.craigslist.org/apa/d/great-falls-694-for-2-bedroom-special/6982426262.html,2019-09-19,17:59,$694,None,True,None,2,None
Montana,greatfalls,greatfalls,apa,6982421360,None,$199 deferred and $201 at Move In Deposit with REDUCED RENT,https://greatfalls.craigslist.org/apa/d/great-falls-199-deferred-and-201-at/6982421360.html,2019-09-19,17:50,$694,None,True,None,2,None
Montana,greatfalls,greatfalls,apa,6982414711,None,$100 off of your rent - Reduced to $694 per month for 2 bedroom apt,https://greatfalls.craigslist.org/apa/d/great-falls-100-off-of-your-rent/6982414711.html,2019-09-19,17:39,$694,None,True,None,2,None
Montana,greatfalls,greatfalls,apa,6982411765,None,Pay 1 bedroom price for a 2 bedroom,https://greatfalls.craigslist.org/apa/d/great-falls-pay-1-bedroom-price-for-2/6982411765.html,2019-09-19,17:34,$694,None,True,None,2,None
Montana,greatfalls,greatfalls,apa,6982408971,None,Convenient Location! $199 deferred deposit!,https://greatfalls.craigslist.org/apa/d/great-falls-convenient-location-199/6982408971.html,2019-09-19,17:29,$694,None,True,None,1,None
Montana,greatfalls,greatfalls,apa,6982342562,None,2 bedroom / 1 bathroom in a great part of town!,https://greatfalls.craigslist.org/apa/d/great-falls-2-bedroom-1-bathroom-in/6982342562.html,2019-09-19,15:46,$675,Great Falls,True,None,2,600ft2
Montana,greatfalls,greatfalls,apa,6982152723,None,Very Nice,https://greatfalls.craigslist.org/apa/d/great-falls-very-nice/6982152723.html,2019-09-19,11:57,$900,Great Falls,False,None,2,None
Montana,greatfalls,greatfalls,apa,6981953553,None,W0W! AWESOME3 BDRM IN NEW HOUSE!,https://greatfalls.craigslist.org/apa/d/great-falls-w0w-awesome3-bdrm-in-new/6981953553.html,2019-09-19,09:07,$500,great falls,True,None,2,1060ft2
Montana,greatfalls,greatfalls,apa,6981829971,None,Remodeled 1 bedroom apartment,https://greatfalls.craigslist.org/apa/d/great-falls-remodeled-1-bedroom/6981829971.html,2019-09-18,23:05,$625,Great Falls,True,None,1,None
Montana,greatfalls,greatfalls,apa,6981797673,6900926292,"Spacious 4 bed, 2 baths Rent to Own or regular rent 2300sf, fenced yar",https://greatfalls.craigslist.org/apa/d/great-falls-spacious-4-bed-2-baths-rent/6981797673.html,2019-09-18,21:02,$1450,Valley View,True,None,4,2300ft2
Montana,greatfalls,greatfalls,apa,6963725599,None,Snatch up this Studio! ( 5-101 ),https://greatfalls.craigslist.org/apa/d/great-falls-snatch-up-this-studio/6963725599.html,2019-09-18,16:34,$800,Great Falls MT,True,None,None,479ft2
Montana,greatfalls,greatfalls,apa,6977332113,None,"2-3 bedroom house, 1 bath",https://greatfalls.craigslist.org/apa/d/great-falls-2-3-bedroom-house-1-bath/6977332113.html,2019-09-18,11:29,$1100,"Great Falls, MT",False,None,2,None
Montana,greatfalls,greatfalls,apa,6981334634,None,$694 for 2 bedroom! Special $199 deposit deferred!,https://greatfalls.craigslist.org/apa/d/great-falls-694-for-2-bedroom-special/6981334634.html,2019-09-18,10:17,$694,None,True,None,2,None
Montana,greatfalls,greatfalls,apa,6981332169,None,$199 deferred and $201 at Move In Deposit with REDUCED RENT,https://greatfalls.craigslist.org/apa/d/great-falls-199-deferred-and-201-at/6981332169.html,2019-09-18,10:14,$694,None,True,None,2,None
Montana,greatfalls,greatfalls,apa,6981328177,None,$100 off of your rent - Reduced to $694 per month for 2 bedroom apt,https://greatfalls.craigslist.org/apa/d/great-falls-100-off-of-your-rent/6981328177.html,2019-09-18,10:10,$694,None,True,None,2,None
Montana,greatfalls,greatfalls,apa,6981316027,None,Pay 1 bedroom price for a 2 bedroom -,https://greatfalls.craigslist.org/apa/d/great-falls-pay-1-bedroom-price-for-2/6981316027.html,2019-09-18,09:57,$694,None,True,None,2,None
Montana,greatfalls,greatfalls,apa,6981306079,None,Convenient Location! $199 deferred deposit!,https://greatfalls.craigslist.org/apa/d/great-falls-convenient-location-199/6981306079.html,2019-09-18,09:46,$694,None,True,None,1,None
Montana,greatfalls,greatfalls,apa,6963565266,6232855152,Shelby -  One Bedroom,https://greatfalls.craigslist.org/apa/d/shelby-one-bedroom/6963565266.html,2019-09-17,23:47,$400,Shelby,False,None,1,None
Montana,greatfalls,greatfalls,apa,6980358909,4557290603,Large 1 bdrm w/Washing machine,https://greatfalls.craigslist.org/apa/d/great-falls-large-1-bdrm-washing-machine/6980358909.html,2019-09-16,23:46,$525,None,True,None,1,None
Montana,greatfalls,greatfalls,apa,6980019020,6806818008,One bedroom in security sixplex,https://greatfalls.craigslist.org/apa/d/great-falls-one-bedroom-in-security/6980019020.html,2019-09-16,13:25,$560,"1110 1st ave north #2 Great falls, MT",True,None,1,None
Montana,greatfalls,greatfalls,apa,6960671426,None,2 Bedroom apt near college and shopping,https://greatfalls.craigslist.org/apa/d/great-falls-2-bedroom-apt-near-college/6960671426.html,2019-09-16,13:11,$725,Great Falls,True,None,2,740ft2
Montana,greatfalls,greatfalls,apa,6979840527,None,3 Bedroom 1 Bath Mobile Home,https://greatfalls.craigslist.org/apa/d/great-falls-3-bedroom-1-bath-mobile-home/6979840527.html,2019-09-16,10:21,$700,Great Falls,True,None,3,None
Montana,greatfalls,greatfalls,apa,6979810315,None,3 Bedroom 2 Bath Home,https://greatfalls.craigslist.org/apa/d/laurel-3-bedroom-2-bath-home/6979810315.html,2019-09-16,09:51,$900,Laurel,True,None,3,None
Montana,greatfalls,greatfalls,apa,6979464692,None,Acreage for Rent,https://greatfalls.craigslist.org/apa/d/chinook-acreage-for-rent/6979464692.html,2019-09-15,17:27,$750,Chinook,True,None,3,None
Montana,greatfalls,greatfalls,apa,6977536154,None,"3 bedroom, newley renovated",https://greatfalls.craigslist.org/apa/d/shelby-3-bedroom-newley-renovated/6977536154.html,2019-09-15,16:16,$650,Shelby,True,None,3,1200ft2
Montana,greatfalls,greatfalls,apa,6979300294,None,"Nice 3 Bedroom House, Some Pets Accepted",https://greatfalls.craigslist.org/apa/d/great-falls-nice-3-bedroom-house-some/6979300294.html,2019-09-15,13:10,$1000,Great Falls,True,None,3,1200ft2
Montana,greatfalls,greatfalls,apa,6979267927,None,3 bedroom,https://greatfalls.craigslist.org/apa/d/great-falls-3-bedroom/6979267927.html,2019-09-15,12:25,$750,great falls,False,None,3,980ft2
Montana,greatfalls,greatfalls,apa,6979190233,6957282701,1818 12th Ave South,https://greatfalls.craigslist.org/apa/d/great-falls-th-ave-south/6979190233.html,2019-09-15,10:34,$675,Great Falls,True,None,2,None
Montana,greatfalls,greatfalls,apa,6978842051,None,Convenient Location! $199 deferred deposit!,https://greatfalls.craigslist.org/apa/d/great-falls-convenient-location-199/6978842051.html,2019-09-14,16:07,$694,None,True,None,1,None
Montana,greatfalls,greatfalls,apa,6978839155,None,Pay 1 bedroom price for a 2 bedroom,https://greatfalls.craigslist.org/apa/d/great-falls-pay-1-bedroom-price-for-2/6978839155.html,2019-09-14,16:03,$694,None,True,None,2,None
Montana,greatfalls,greatfalls,apa,6978837576,None,$100 off of your rent - Reduced to $694 per month for 2 bedroom apt,https://greatfalls.craigslist.org/apa/d/great-falls-100-off-of-your-rent/6978837576.html,2019-09-14,16:00,$694,None,True,None,2,None
Montana,greatfalls,greatfalls,apa,6978836181,None,$199 deferred and $201 at Move In Deposit with REDUCED RENT,https://greatfalls.craigslist.org/apa/d/great-falls-199-deferred-and-201-at/6978836181.html,2019-09-14,15:58,$694,None,True,None,2,None
Montana,greatfalls,greatfalls,apa,6978832877,None,$694 for 2 bedroom! Special $199 deposit deferred!,https://greatfalls.craigslist.org/apa/d/great-falls-694-for-2-bedroom-special/6978832877.html,2019-09-14,15:53,$694,None,True,None,2,None
Montana,greatfalls,greatfalls,apa,6978688738,None,Condo for rent,https://greatfalls.craigslist.org/apa/d/great-falls-condo-for-rent/6978688738.html,2019-09-14,12:43,$850,None,False,None,2,950ft2
Montana,greatfalls,greatfalls,apa,6978213242,None,$694 for 2 bedroom! Special $199 deposit deferred!,https://greatfalls.craigslist.org/apa/d/great-falls-694-for-2-bedroom-special/6978213242.html,2019-09-13,17:56,$694,None,True,None,2,None
Montana,greatfalls,greatfalls,apa,6978211851,None,$199 deferred and $201 at Move In Deposit with REDUCED RENT,https://greatfalls.craigslist.org/apa/d/great-falls-199-deferred-and-201-at/6978211851.html,2019-09-13,17:53,$694,None,True,None,None,None
Montana,greatfalls,greatfalls,apa,6978210714,None,$100 off of your rent - Reduced to $694 per month for 2 bedroom apt,https://greatfalls.craigslist.org/apa/d/great-falls-100-off-of-your-rent/6978210714.html,2019-09-13,17:51,$694,None,True,None,2,None
Montana,greatfalls,greatfalls,apa,6978208429,None,Pay 1 bedroom price for a 2 bedroom,https://greatfalls.craigslist.org/apa/d/great-falls-pay-1-bedroom-price-for-2/6978208429.html,2019-09-13,17:48,$59405,None,True,None,2,None
Montana,greatfalls,greatfalls,apa,6978206340,None,Convenient Location! $199 deferred deposit!,https://greatfalls.craigslist.org/apa/d/great-falls-convenient-location-199/6978206340.html,2019-09-13,17:44,$59405,None,True,None,1,None
Montana,greatfalls,greatfalls,apa,6977972172,None,Updated 1 bedroom apartment,https://greatfalls.craigslist.org/apa/d/great-falls-updated-1-bedroom-apartment/6977972172.html,2019-09-13,12:51,$625,1215 5th Ave S,True,None,None,None
Montana,greatfalls,greatfalls,apa,6977551531,None,One bedroom apt in old victorian house,https://greatfalls.craigslist.org/apa/d/one-bedroom-apt-in-old-victorian-house/6977551531.html,2019-09-12,21:32,$600,1123 1st ave south,True,None,1,None
Montana,greatfalls,greatfalls,apa,6977546406,None,Rented,https://greatfalls.craigslist.org/apa/d/rented/6977546406.html,2019-09-12,21:16,$950,802 6th ave north great falls mt,True,None,None,None
Montana,greatfalls,greatfalls,apa,6976309313,None,Pay 1 bedroom price for a 2 bedroom,https://greatfalls.craigslist.org/apa/d/great-falls-pay-1-bedroom-price-for-2/6976309313.html,2019-09-11,09:54,$694,None,True,None,2,None
Montana,greatfalls,greatfalls,apa,6976306135,None,$100 off of your rent - Reduced to $694 per month for 2 bedroom apt,https://greatfalls.craigslist.org/apa/d/great-falls-100-off-of-your-rent/6976306135.html,2019-09-11,09:51,$694,None,True,None,2,None
Montana,greatfalls,greatfalls,apa,6976303978,None,$199 deferred and $201 at Move In Deposit with REDUCED RENT,https://greatfalls.craigslist.org/apa/d/great-falls-199-deferred-and-201-at/6976303978.html,2019-09-11,09:49,$694,None,True,None,2,None
Montana,greatfalls,greatfalls,apa,6976301346,None,$199 deferred Deposit and $694 RENT!,https://greatfalls.craigslist.org/apa/d/great-falls-199-deferred-deposit-and/6976301346.html,2019-09-11,09:46,$694,None,True,None,2,None
Montana,greatfalls,greatfalls,apa,6976298117,None,Ground Floor Apartment for rent! Ground floor and $50 off Sept Rent,https://greatfalls.craigslist.org/apa/d/great-falls-ground-floor-apartment-for/6976298117.html,2019-09-11,09:42,$694,None,True,None,1,None
Montana,greatfalls,greatfalls,apa,6975724631,None,RESERVE NOW!!! New Construction... Coming Soon,https://greatfalls.craigslist.org/apa/d/great-falls-reserve-now-new/6975724631.html,2019-09-10,12:49,$705,great Falls,True,None,1,570ft2
Montana,greatfalls,greatfalls,apa,6975720670,None,RESERVE NOW!!! New Construction... Coming Soon,https://greatfalls.craigslist.org/apa/d/great-falls-reserve-now-new/6975720670.html,2019-09-10,12:45,$966,Great Falls,True,None,3,1138ft2
Montana,greatfalls,greatfalls,apa,6975659971,None,$199 deferred Deposit and $694 RENT!,https://greatfalls.craigslist.org/apa/d/great-falls-199-deferred-deposit-and/6975659971.html,2019-09-10,11:42,$694,None,True,None,2,None
Montana,greatfalls,greatfalls,apa,6975636022,None,$694 for 2 bedroom! Special $199 deposit deferred!,https://greatfalls.craigslist.org/apa/d/great-falls-694-for-2-bedroom-special/6975636022.html,2019-09-10,11:16,$694,None,True,None,2,None
Montana,greatfalls,greatfalls,apa,6975631995,None,2 bedroom for the price of 1 bedroom,https://greatfalls.craigslist.org/apa/d/great-falls-2-bedroom-for-the-price-of/6975631995.html,2019-09-10,11:12,$694,None,True,None,2,None
Montana,greatfalls,greatfalls,apa,6975628601,None,REDUCED TO 1 BEDROOM PRICE!,https://greatfalls.craigslist.org/apa/d/great-falls-reduced-to-1-bedroom-price/6975628601.html,2019-09-10,11:09,$694,None,True,None,2,None
Montana,greatfalls,greatfalls,apa,6975591558,6757870023,Furnished apt,https://greatfalls.craigslist.org/apa/d/cut-bank-furnished-apt/6975591558.html,2019-09-10,10:30,$900,Cut Bank,True,None,None,None
Montana,greatfalls,greatfalls,apa,6960391872,6922936125,Spacious 2 Bedroom Apartment near Malmstrom and Hospital,https://greatfalls.craigslist.org/apa/d/great-falls-spacious-2-bedroom/6960391872.html,2019-09-10,09:37,$725,3345 11 Ave. S,True,None,2,1000ft2
Montana,greatfalls,greatfalls,apa,6955283007,None,1 Bedroom Apartment in quiet area,https://greatfalls.craigslist.org/apa/d/great-falls-1-bedroom-apartment-in/6955283007.html,2019-09-10,09:19,$575,Great Falls,True,None,1,575ft2
Montana,greatfalls,greatfalls,apa,6955282736,None,2 Bedroom Apartment in quiet area,https://greatfalls.craigslist.org/apa/d/great-falls-2-bedroom-apartment-in/6955282736.html,2019-09-10,09:19,$630,Great Falls,True,None,2,675ft2
Montana,greatfalls,greatfalls,apa,6974972057,None,RESERVE NOW!!! New Construction... Coming Soon,https://greatfalls.craigslist.org/apa/d/great-falls-reserve-now-new/6974972057.html,2019-09-09,13:01,$705,Great Falls,True,None,1,570ft2
Montana,greatfalls,greatfalls,apa,6974767589,None,1 bedroom apt.,https://greatfalls.craigslist.org/apa/d/great-falls-1-bedroom-apt/6974767589.html,2019-09-09,09:39,$500,Great Falls,True,None,1,500ft2
Montana,greatfalls,greatfalls,apa,6974629772,None,Spacious 3bd,https://greatfalls.craigslist.org/apa/d/great-falls-spacious-3bd/6974629772.html,2019-09-09,06:47,$1000,Great Falls,True,None,3,2000ft2
Montana,greatfalls,greatfalls,apa,6974009846,5735172004,2 Bedroom 1 Bathroom- $750/ month,https://greatfalls.craigslist.org/apa/d/2-bedroom-1-bathroom-750-month/6974009846.html,2019-09-08,08:54,$750,Baron Arms 14th Ave,True,None,2,910ft2
Montana,greatfalls,greatfalls,apa,6973068042,None,$99 locks you into your new home!,https://greatfalls.craigslist.org/apa/d/great-falls-99-locks-you-into-your-new/6973068042.html,2019-09-06,16:31,$794,None,True,None,2,None
Montana,greatfalls,greatfalls,apa,6960959186,6256142862,Upscale one bedroom,https://greatfalls.craigslist.org/apa/d/upscale-one-bedroom/6960959186.html,2019-09-06,13:05,$665,415 Central Ave #304,True,None,1,800ft2
Montana,greatfalls,greatfalls,apa,6972809377,5927706244,3 Bedroom Large Deluxe...$775,https://greatfalls.craigslist.org/apa/d/3-bedroom-large-deluxe775/6972809377.html,2019-09-06,11:27,$775,None,False,None,3,1075ft2
Montana,greatfalls,greatfalls,apa,6972807639,5927700071,2 Bedroom lg. Quality.... Heat Paid!!,https://greatfalls.craigslist.org/apa/d/great-falls-2-bedroom-lg-quality-heat/6972807639.html,2019-09-06,11:25,$650,#23,False,None,2,911ft2
Montana,greatfalls,greatfalls,apa,6970735390,5238848513,3 Bedroom House,https://greatfalls.craigslist.org/apa/d/great-falls-3-bedroom-house/6970735390.html,2019-09-05,19:03,$1100,None,True,None,3,1300ft2
Montana,greatfalls,greatfalls,apa,6972374755,None,RV lot For Rent $350 per month,https://greatfalls.craigslist.org/apa/d/great-falls-rv-lot-for-rent-350-per/6972374755.html,2019-09-05,18:00,$350,None,True,None,None,None
Montana,greatfalls,greatfalls,apa,6972252190,None,Located near Shopping and Recreation! Tour Today!,https://greatfalls.craigslist.org/apa/d/great-falls-located-near-shopping-and/6972252190.html,2019-09-05,15:00,$694,None,True,None,1,None
Montana,greatfalls,greatfalls,apa,6971910842,None,"Excellent House! with Fireplace, Great Natural Light, Awesome Floors",https://greatfalls.craigslist.org/apa/d/great-falls-excellent-house-with/6971910842.html,2019-09-05,10:22,$630,great falls,True,None,2,985ft2
Montana,greatfalls,greatfalls,apa,6971523600,None,Coming Soon-RESERVE NOW # bed 2 bath,https://greatfalls.craigslist.org/apa/d/great-falls-coming-soon-reserve-now-bed/6971523600.html,2019-09-04,15:24,$966,Great Falls,True,None,3,1138ft2
Montana,greatfalls,greatfalls,apa,6971516555,6936241952,RockCress Commons Coming soon,https://greatfalls.craigslist.org/apa/d/great-falls-rockcress-commons-coming/6971516555.html,2019-09-04,15:15,$705,Great Falls,True,None,1,570ft2
Montana,greatfalls,greatfalls,apa,6971516052,6936765063,RESERVE your NEW 2 BEDROOM NOW!!!!,https://greatfalls.craigslist.org/apa/d/great-falls-reserve-your-new-2-bedroom/6971516052.html,2019-09-04,15:15,$840,Great Falls,True,None,2,778ft2
Montana,greatfalls,greatfalls,apa,6971369239,6900956933,"2 Bed 1 Bath House, laundry with shared fenced yard and off street par",https://greatfalls.craigslist.org/apa/d/great-falls-2-bed-1-bath-house-laundry/6971369239.html,2019-09-04,12:28,$825,Downtown Area,True,None,2,600ft2
Montana,greatfalls,greatfalls,apa,6971171725,None,2 Bed/1 Bath- HAVRE,https://greatfalls.craigslist.org/apa/d/havre-2-bed-1-bath-havre/6971171725.html,2019-09-04,10:50,$500,"Havre, MT",True,None,2,500ft2
Montana,greatfalls,greatfalls,apa,6971272513,None,LARGE DESIRABLE 2-BEDROOM APAERMENT IN 4-PLEX,https://greatfalls.craigslist.org/apa/d/malmstrom-afb-large-desirable-2-bedroom/6971272513.html,2019-09-04,10:47,$725,"Great Falls, Montana",True,None,2,1000ft2
Montana,greatfalls,greatfalls,apa,6971099932,None,Country Guest House for Rent,https://greatfalls.craigslist.org/apa/d/kremlin-country-guest-house-for-rent/6971099932.html,2019-09-04,07:30,$1500,Havre,False,None,3,None
Montana,greatfalls,greatfalls,apa,6970973850,None,4 Bedroom Deluxe Unit,https://greatfalls.craigslist.org/apa/d/malmstrom-afb-4-bedroom-deluxe-unit/6970973850.html,2019-09-03,21:31,$1399,Great Falls,False,None,4,1600ft2
Montana,greatfalls,greatfalls,apa,6970732141,6721078282,NEW RENOVATED BEAUTIFUL SPACIOUS TWO BEDROOM,https://greatfalls.craigslist.org/apa/d/great-falls-new-renovated-beautiful/6970732141.html,2019-09-03,14:47,$875,510 21ST AVE NE UNIT #2,True,None,2,None
Montana,greatfalls,greatfalls,apa,6970711519,5445162100,2 BR RECENTLY RENOVATED APT RIVERVIEW AREA BRICK 4-PLEX,https://greatfalls.craigslist.org/apa/d/great-falls-2-br-recently-renovated-apt/6970711519.html,2019-09-03,14:23,$800,506 21st Ave NE,True,None,2,1000ft2
Montana,greatfalls,greatfalls,apa,6970680247,None,Located near Shopping and Recreation! Tour Today!,https://greatfalls.craigslist.org/apa/d/great-falls-located-near-shopping-and/6970680247.html,2019-09-03,13:47,$694,None,True,None,1,None
Montana,greatfalls,greatfalls,apa,6970677442,None,Beautiful 2 bedroom apt available to tour today!,https://greatfalls.craigslist.org/apa/d/great-falls-beautiful-2-bedroom-apt/6970677442.html,2019-09-03,13:44,$794,None,True,None,2,None
Montana,greatfalls,greatfalls,apa,6970675661,None,$100 Gift Card and $99 holds your new apt Home!,https://greatfalls.craigslist.org/apa/d/great-falls-100-gift-card-and-99-holds/6970675661.html,2019-09-03,13:42,$794,None,True,None,2,None
Montana,greatfalls,greatfalls,apa,6970671978,None,nveniently located 2 bedroom 1 bath! Come take a tour!,https://greatfalls.craigslist.org/apa/d/great-falls-nveniently-located-2/6970671978.html,2019-09-03,13:38,$794,None,True,None,2,None
Montana,greatfalls,greatfalls,apa,6957316584,None,2 BED 1 BATH UPDATED UNIT,https://greatfalls.craigslist.org/apa/d/great-falls-2-bed-1-bath-updated-unit/6957316584.html,2019-09-03,10:56,$875,None,True,None,2,None
Montana,greatfalls,greatfalls,apa,6970410576,6935346459,5 Bedroom 4 Bath House - Pets OK,https://greatfalls.craigslist.org/apa/d/great-falls-5-bedroom-4-bath-house-pets/6970410576.html,2019-09-03,09:10,$2400,Great Falls,True,None,5,None
Montana,greatfalls,greatfalls,apa,6968654239,None,"$99.00 Deposit Down at Application, $100 deferred until Move-In Day",https://greatfalls.craigslist.org/apa/d/great-falls-9900-deposit-down-at/6968654239.html,2019-08-31,11:23,$794,None,True,None,2,None
Montana,greatfalls,greatfalls,apa,6968043246,None,Spacious and Bright Apartment Homes with Private Patios! Call today!,https://greatfalls.craigslist.org/apa/d/great-falls-spacious-and-bright/6968043246.html,2019-08-30,12:34,$794,None,True,None,2,None
Montana,greatfalls,greatfalls,apa,6967967689,None,4 BEDROOM 2 BATHROOM 2 STALL GARAGE AC,https://greatfalls.craigslist.org/apa/d/kremlin-4-bedroom-2-bathroom-2-stall/6967967689.html,2019-08-30,11:12,$1250,"Havre, MT",True,None,4,None
Montana,greatfalls,greatfalls,apa,6967745631,None,2 beds 1 bath 864 sqft,https://greatfalls.craigslist.org/apa/d/great-falls-2-beds-1-bath-864-sqft/6967745631.html,2019-08-30,07:51,$850,"Great Falls, MT",True,None,2,864ft2
Montana,greatfalls,greatfalls,apa,6967616214,None,Move out carpet cleaning,https://greatfalls.craigslist.org/apa/d/great-falls-move-out-carpet-cleaning/6967616214.html,2019-08-29,19:20,$123456,Great Falls,False,None,None,None
Montana,greatfalls,greatfalls,apa,6950207987,None,Black Eagle Great Schools 3 bedroom 2 bath delightful Dining / Family,https://greatfalls.craigslist.org/apa/d/sun-river-black-eagle-great-schools-3/6950207987.html,2019-08-28,07:58,$1190,Dutton or Highwood,True,None,5,1847ft2
Montana,greatfalls,greatfalls,apa,6966068592,None,J407 move in ready at $665/mo! Call today to tour!,https://greatfalls.craigslist.org/apa/d/great-falls-j407-move-in-ready-at-665/6966068592.html,2019-08-27,16:28,$665,None,True,None,1,None
Montana,greatfalls,greatfalls,apa,6966051407,None,Spacious and Bright Apartment Homes with Private Patios! Call today!,https://greatfalls.craigslist.org/apa/d/great-falls-spacious-and-bright/6966051407.html,2019-08-27,15:49,$794,None,True,None,2,None
Montana,greatfalls,greatfalls,apa,6966007935,None,$199 deferred deposit + $50 off August rent! Call for details!,https://greatfalls.craigslist.org/apa/d/great-falls-199-deferred-deposit-50-off/6966007935.html,2019-08-27,14:54,$794,None,True,None,2,None
Montana,greatfalls,greatfalls,apa,6965932574,None,Hurry In for Our $99 Deposit Special! Beautiful 2-Bedroom Available!,https://greatfalls.craigslist.org/apa/d/great-falls-hurry-in-for-our-99-deposit/6965932574.html,2019-08-27,13:26,$794,Great Falls,True,None,2,856ft2
Montana,greatfalls,greatfalls,apa,6965839772,4557290603,Large 1 bdrm w/Washer hook ups,https://greatfalls.craigslist.org/apa/d/great-falls-large-1-bdrm-washer-hook-ups/6965839772.html,2019-08-27,11:46,$495,None,True,None,1,None
Montana,greatfalls,greatfalls,apa,6965794059,6853163745,"Manufactured Home Lot for rent at Trailer Terrace Community, Inc",https://greatfalls.craigslist.org/apa/d/great-falls-manufactured-home-lot-for/6965794059.html,2019-08-27,10:58,$285,"5405 Lower River Rd, Great Falls, MT",True,None,None,None
Montana,greatfalls,greatfalls,apa,6965793687,6853164277,"Manufactured Home Lot for rent at Missouri Meadows Community, Inc",https://greatfalls.craigslist.org/apa/d/great-falls-manufactured-home-lot-for/6965793687.html,2019-08-27,10:57,$315,"Great Falls, MT",True,None,None,None
Montana,greatfalls,greatfalls,apa,6944713070,6846119222,1 and 2 bedroom apartments for rent,https://greatfalls.craigslist.org/apa/d/havre-1-and-2-bedroom-apartments-for/6944713070.html,2019-08-27,07:23,$0,1820 2nd Street,False,None,2,None
Montana,greatfalls,greatfalls,apa,6946965737,None,Three bed Three-bathroom Property Great Falls,https://greatfalls.craigslist.org/apa/d/great-falls-three-bed-three-bathroom/6946965737.html,2019-08-26,07:07,$1016,Wolf Point,False,None,3,1958ft2
Montana,greatfalls,greatfalls,apa,6964713091,6647464959,One bedroom in a old victorian,https://greatfalls.craigslist.org/apa/d/great-falls-one-bedroom-in-old-victorian/6964713091.html,2019-08-25,21:23,$600,1123 1st ave south,True,None,1,1ft2
Montana,greatfalls,greatfalls,apa,6963637859,None,Reduced Rent! Come take a tour in J407 ONLY!,https://greatfalls.craigslist.org/apa/d/great-falls-reduced-rent-come-take-tour/6963637859.html,2019-08-24,09:19,$665,None,True,None,1,None
Montana,greatfalls,greatfalls,apa,6963634919,None,Conveniently located 2 bedroom 1 bath! Come take a tour!,https://greatfalls.craigslist.org/apa/d/great-falls-conveniently-located-2/6963634919.html,2019-08-24,09:16,$794,None,True,None,2,None
Montana,greatfalls,greatfalls,apa,6963632972,None,2-bedroom units available! Call today!,https://greatfalls.craigslist.org/apa/d/great-falls-2-bedroom-units-available/6963632972.html,2019-08-24,09:14,$794,None,True,None,2,None
Montana,greatfalls,greatfalls,apa,6963631094,None,Located near Shopping and Recreation! Tour Today!,https://greatfalls.craigslist.org/apa/d/great-falls-located-near-shopping-and/6963631094.html,2019-08-24,09:11,$794,None,True,None,2,None
Montana,greatfalls,greatfalls,apa,6963629330,None,Ground floor 2-bedroom unit available! Call today!,https://greatfalls.craigslist.org/apa/d/great-falls-ground-floor-2-bedroom-unit/6963629330.html,2019-08-24,09:09,$794,None,True,None,2,None
Montana,greatfalls,greatfalls,apa,6963564937,6232855152,Shelby -  One Bedroom,https://greatfalls.craigslist.org/apa/d/shelby-one-bedroom/6963564937.html,2019-08-24,07:41,$400,Shelby,False,None,1,None
Montana,greatfalls,greatfalls,apa,6963393370,5454063009,Two and Three Bedroom Apartments Available,https://greatfalls.craigslist.org/apa/d/great-falls-two-and-three-bedroom/6963393370.html,2019-08-23,19:23,$535,Great Falls,True,None,2,None
Montana,greatfalls,greatfalls,apa,6963359642,None,2-bedroom units available! Call today!,https://greatfalls.craigslist.org/apa/d/great-falls-2-bedroom-units-available/6963359642.html,2019-08-23,18:16,$794,None,True,None,2,None
Montana,greatfalls,greatfalls,apa,6963358677,None,Conveniently located 2 bedroom 1 bath! Come take a tour!,https://greatfalls.craigslist.org/apa/d/great-falls-conveniently-located-2/6963358677.html,2019-08-23,18:14,$794,None,True,None,2,None
Montana,greatfalls,greatfalls,apa,6963357480,None,Ask for J407! Come and take a tour!,https://greatfalls.craigslist.org/apa/d/great-falls-ask-for-j407-come-and-take/6963357480.html,2019-08-23,18:12,$665,None,True,None,1,None
Montana,greatfalls,greatfalls,apa,6963355835,None,Located near Shopping and Recreation! Tour Today!,https://greatfalls.craigslist.org/apa/d/great-falls-located-near-shopping-and/6963355835.html,2019-08-23,18:09,$794,None,True,None,2,None
Montana,greatfalls,greatfalls,apa,6963354295,None,Ground floor 2-bedroom unit available! Call today!,https://greatfalls.craigslist.org/apa/d/great-falls-ground-floor-2-bedroom-unit/6963354295.html,2019-08-23,18:06,$794,None,True,None,2,None
Montana,greatfalls,greatfalls,apa,6963338354,5585208430,2-Bedroom Duplex Apartment,https://greatfalls.craigslist.org/apa/d/2-bedroom-duplex-apartment/6963338354.html,2019-08-23,17:39,$650,Great Falls,True,None,2,None
Montana,greatfalls,greatfalls,apa,6963084389,None,"Tall ceilings, granite counters.",https://greatfalls.craigslist.org/apa/d/great-falls-tall-ceilings-granite/6963084389.html,2019-08-23,12:45,$0,None,False,None,None,None
Montana,greatfalls,greatfalls,apa,6940594961,None,"1 bedroom, furnished, fenced yard",https://greatfalls.craigslist.org/apa/d/cut-bank-1-bedroom-furnished-fenced-yard/6940594961.html,2019-08-22,07:36,$550,"Cut Bank, Montana",True,None,1,None
Montana,greatfalls,greatfalls,apa,6940580850,None,"Apartments FOR RENT, Chester, MT",https://greatfalls.craigslist.org/apa/d/chester-apartments-for-rent-chester-mt/6940580850.html,2019-08-22,07:33,$550,"Chester, Montana",True,None,2,None
Montana,greatfalls,greatfalls,apa,6940563328,None,4bed 2 bath W/Attached garage,https://greatfalls.craigslist.org/apa/d/cut-bank-4bed-2-bath-attached-garage/6940563328.html,2019-08-22,07:33,$1200,"Cut Bank, Montana",True,None,4,2880ft2
Montana,greatfalls,greatfalls,apa,6961909877,None,Sun River Close to everything 4 bedroom 2 bth  fireplace Great Falls,https://greatfalls.craigslist.org/apa/d/great-falls-sun-river-close-to/6961909877.html,2019-08-21,20:43,$850,Simms or Fort Shaw,True,None,4,1466ft2
Montana,greatfalls,greatfalls,apa,6951059936,None,PSA Fake Rentals,https://greatfalls.craigslist.org/apa/d/great-falls-psa-fake-rentals/6951059936.html,2019-08-21,18:39,$0,Great Falls,True,None,None,None
Montana,greatfalls,greatfalls,apa,6961631808,None,2 bdrm/2 bath,https://greatfalls.craigslist.org/apa/d/great-falls-2-bdrm-2-bath/6961631808.html,2019-08-21,12:53,$1100,by the base,True,None,2,None
Montana,greatfalls,greatfalls,apa,6961623600,None,Ground floor 2-bedroom unit available! Call today!,https://greatfalls.craigslist.org/apa/d/great-falls-ground-floor-2-bedroom-unit/6961623600.html,2019-08-21,12:44,$794,None,True,None,2,None
Montana,greatfalls,greatfalls,apa,6961619206,None,2-bedroom units available! Call today!,https://greatfalls.craigslist.org/apa/d/great-falls-2-bedroom-units-available/6961619206.html,2019-08-21,12:40,$794,None,True,None,2,None
Montana,greatfalls,greatfalls,apa,6961615241,None,Located near Shopping and Recreation! Tour Today!,https://greatfalls.craigslist.org/apa/d/great-falls-located-near-shopping-and/6961615241.html,2019-08-21,12:36,$794,None,True,None,2,None
Montana,greatfalls,greatfalls,apa,6961587124,None,Conveniently located 2 bedroom 1 bath! Come take a tour!,https://greatfalls.craigslist.org/apa/d/great-falls-conveniently-located-2/6961587124.html,2019-08-21,12:06,$794,None,True,None,2,None
Montana,greatfalls,greatfalls,apa,6961571635,None,Ask for J407! Come and take a tour!,https://greatfalls.craigslist.org/apa/d/great-falls-ask-for-j407-come-and-take/6961571635.html,2019-08-21,11:50,$665,None,True,None,1,None
Montana,greatfalls,greatfalls,apa,6961500235,None,1st Floor pet friendly 1 bedroom!   ( 2-109 ),https://greatfalls.craigslist.org/apa/d/great-falls-1st-floor-pet-friendly-1/6961500235.html,2019-08-21,10:36,$1014,Great Falls MT,True,None,1,748ft2
Montana,greatfalls,greatfalls,apa,6939644331,None,3 bed 2 bath -Reserve Now- Few Left,https://greatfalls.craigslist.org/apa/d/great-falls-3-bed-2-bath-reserve-now/6939644331.html,2019-08-21,09:04,$966,Great Falls,True,None,3,1138ft2
Montana,greatfalls,greatfalls,apa,6942125279,None,Best in Town! Coming Soon!! reserve NOW,https://greatfalls.craigslist.org/apa/d/great-falls-best-in-town-coming-soon/6942125279.html,2019-08-21,09:04,$840,Great Falls,True,None,2,778ft2
Montana,greatfalls,greatfalls,apa,6945689199,None,Never lived in BEFORE ..RESERVE now 1 bedroom,https://greatfalls.craigslist.org/apa/d/great-falls-never-lived-in-before/6945689199.html,2019-08-21,09:04,$705,Great Falls,True,None,1,570ft2
Montana,greatfalls,greatfalls,apa,6961244547,None,2 bedroom 1 bath $625,https://greatfalls.craigslist.org/apa/d/shelby-2-bedroom-1-bath-625/6961244547.html,2019-08-20,23:31,$625,Shelby,True,None,2,None
Montana,greatfalls,greatfalls,apa,6961005808,None,3 bed room house for rent,https://greatfalls.craigslist.org/apa/d/choteau-3-bed-room-house-for-rent/6961005808.html,2019-08-20,15:21,$625,Choteau,True,None,3,None
Montana,greatfalls,greatfalls,apa,6956817005,6807568876,Remodeled 1 bedroom Apt,https://greatfalls.craigslist.org/apa/d/great-falls-remodeled-1-bedroom-apt/6956817005.html,2019-08-20,15:19,$650,609 Park Drive N,True,None,1,None
Montana,greatfalls,greatfalls,apa,6960437127,None,One berm apt,https://greatfalls.craigslist.org/apa/d/great-falls-one-berm-apt/6960437127.html,2019-08-19,20:44,$600,Great falls mt,False,None,1,None
Montana,greatfalls,greatfalls,apa,6960126262,None,1224 7th Ave N,https://greatfalls.craigslist.org/apa/d/great-falls-th-ave/6960126262.html,2019-08-19,13:15,$750,"Great Falls, MT",True,None,2,850ft2
Montana,greatfalls,greatfalls,apa,6960076737,None,1 more available! Call today to schedule a tour!,https://greatfalls.craigslist.org/apa/d/great-falls-1-more-available-call-today/6960076737.html,2019-08-19,12:23,$665,None,True,None,1,None
Montana,greatfalls,greatfalls,apa,6960073405,None,Located near Shopping and Recreation! Tour Today!,https://greatfalls.craigslist.org/apa/d/great-falls-located-near-shopping-and/6960073405.html,2019-08-19,12:20,$794,None,True,None,2,None
Montana,greatfalls,greatfalls,apa,6960068814,None,2-bedroom units available! Call today!,https://greatfalls.craigslist.org/apa/d/great-falls-2-bedroom-units-available/6960068814.html,2019-08-19,12:15,$794,None,True,None,2,None
Montana,greatfalls,greatfalls,apa,6960065444,None,Conveniently located by all shopping - tour today!,https://greatfalls.craigslist.org/apa/d/great-falls-conveniently-located-by-all/6960065444.html,2019-08-19,12:12,$787,None,True,None,2,None
Montana,greatfalls,greatfalls,apa,6960062868,None,Reduced and Affordable- ask for F812,https://greatfalls.craigslist.org/apa/d/great-falls-reduced-and-affordable-ask/6960062868.html,2019-08-19,12:09,$787,None,True,None,2,None
