New_Mexico,clovis,clovis,apa,6991888576,None,Now Accepting Applications,https://clovis.craigslist.org/apa/d/clovis-now-accepting-applications/6991888576.html,2019-10-03,11:19,$600,Clovis,True,None,2,None
New_Mexico,clovis,clovis,apa,6991824509,None,Looking for a spacious rental home? Windy Plains has what you need!,https://clovis.craigslist.org/apa/d/clovis-looking-for-spacious-rental-home/6991824509.html,2019-10-03,10:19,$1075,Clovis,True,None,4,1484ft2
New_Mexico,clovis,clovis,apa,6991783016,None,"Handicap Accessible, Energy efficient Appliances, Tech Ready, Garages",https://clovis.craigslist.org/apa/d/clovis-handicap-accessible-energy/6991783016.html,2019-10-03,09:23,$1019,Clovis,True,None,2,984ft2
New_Mexico,clovis,clovis,apa,6991765573,6720098103,1319 S Ave E,https://clovis.craigslist.org/apa/d/portales-1319-ave/6991765573.html,2019-10-03,09:03,$450,None,False,None,None,None
New_Mexico,clovis,clovis,apa,6985902016,None,Close to everything 4 bedroom 2 baths trendy Ceiling Fans Bula Rogers,https://clovis.craigslist.org/apa/d/cannon-afb-close-to-everything-4/6985902016.html,2019-10-02,19:34,$1125,Dora   Melrose,True,None,5,1493ft2
New_Mexico,clovis,clovis,apa,6983266501,6959320610,"PLEASE Donate Usable Mattresses, Box Springs, etc.",https://clovis.craigslist.org/apa/d/clovis-please-donate-usable-mattresses/6983266501.html,2019-10-02,15:52,$0,Clovis/Portales,False,None,None,None
New_Mexico,clovis,clovis,apa,6991380966,None,Single family home,https://clovis.craigslist.org/apa/d/clovis-single-family-home/6991380966.html,2019-10-02,15:39,$2000,Clovis,True,None,4,3500ft2
New_Mexico,clovis,clovis,apa,6991296939,None,3BR AT DISCOUNT PRICE & NO DEPOSIT,https://clovis.craigslist.org/apa/d/clovis-3br-at-discount-price-no-deposit/6991296939.html,2019-10-02,13:44,$1129,Clovis - Raintree,True,None,3,1424ft2
New_Mexico,clovis,clovis,apa,6991280885,None,"Flooring Upgrades, Storage Available, Business Center, Pet Friendly",https://clovis.craigslist.org/apa/d/clovis-flooring-upgrades-storage/6991280885.html,2019-10-02,13:25,$1129,Clovis,True,None,3,1124ft2
New_Mexico,clovis,clovis,apa,6991099420,None,"Move In Specials, Modern Cabinetry, Flooring Upgrades, Pet Friendly",https://clovis.craigslist.org/apa/d/clovis-move-in-specials-modern/6991099420.html,2019-10-02,10:11,$1019,Clovis,True,None,2,984ft2
New_Mexico,clovis,clovis,apa,6989527642,6966726012,1 Bed / 1 Bath Apartment for Rent for $400 Month,https://clovis.craigslist.org/apa/d/clovis-1-bed-1-bath-apartment-for-rent/6989527642.html,2019-10-02,09:22,$400,2120 W 7th #5,True,None,1,None
New_Mexico,clovis,clovis,apa,6989527834,6941902363,1 Bed / 1 Bath Apartment for $450 Month w/ Water Paid,https://clovis.craigslist.org/apa/d/clovis-1-bed-1-bath-apartment-for-450/6989527834.html,2019-10-02,09:22,$450,513 W 7th B,True,None,1,None
New_Mexico,clovis,clovis,apa,6987772460,None,1 Bed / 1 Bath Apartment for $450 Month (701 Ross A),https://clovis.craigslist.org/apa/d/clovis-1-bed-1-bath-apartment-for-450/6987772460.html,2019-10-02,09:21,$450,701 Ross,True,None,1,918ft2
New_Mexico,clovis,clovis,apa,6984726040,6962915890,1 Bed / 1 Bath House for $500 Month (609 Hinkle),https://clovis.craigslist.org/apa/d/clovis-1-bed-1-bath-house-for-500-month/6984726040.html,2019-10-02,09:21,$500,609 Hinkle,True,None,1,680ft2
New_Mexico,clovis,clovis,apa,6984726393,6936123127,2 Bed / 2 Bath Apartment for Rent (1600 S Ave I),https://clovis.craigslist.org/apa/d/portales-2-bed-2-bath-apartment-for/6984726393.html,2019-10-02,09:21,$700,1600 S Ave I #4,True,None,2,990ft2
New_Mexico,clovis,clovis,apa,6979727208,6955233628,1 Bed / 1 Bath Apartment for $450 Month,https://clovis.craigslist.org/apa/d/clovis-1-bed-1-bath-apartment-for-450/6979727208.html,2019-10-02,09:21,$450,701 Ross,True,None,1,918ft2
New_Mexico,clovis,clovis,apa,6979943969,None,1 Bed / 1 Bath Apartment for $510 Month,https://clovis.craigslist.org/apa/d/clovis-1-bed-1-bath-apartment-for-510/6979943969.html,2019-10-02,09:21,$510,1920 W 21st #16,True,None,1,625ft2
New_Mexico,clovis,clovis,apa,6989543472,None,2 Bed / 1.5 Bath Condo Newly Remodeled for $825 Month,https://clovis.craigslist.org/apa/d/clovis-2-bed-15-bath-condo-newly/6989543472.html,2019-10-02,09:21,$825,3522 Adenmor C,True,None,2,1330ft2
New_Mexico,clovis,clovis,apa,6990994579,None,Welcome To Windy Plains!,https://clovis.craigslist.org/apa/d/clovis-welcome-to-windy-plains/6990994579.html,2019-10-02,08:25,$1075,Clovis,True,None,4,1484ft2
New_Mexico,clovis,clovis,apa,6973417564,None,Spacious 3 bedroom 2bth  master suite Broadview Melrose,https://clovis.craigslist.org/apa/d/friona-spacious-3-bedroom-2bth-master/6973417564.html,2019-10-02,00:59,$1265,Causey or Floyd,True,None,3,1654ft2
New_Mexico,clovis,clovis,apa,6971559496,None,A Great or Starter House,https://clovis.craigslist.org/apa/d/clovis-great-or-starter-house/6971559496.html,2019-10-01,17:56,$650,"2029 Gerry Dr, Clovis, NM",True,None,3,None
New_Mexico,clovis,clovis,apa,6990534784,None,"Covered Carports included in rent, Tech Ready, Modern Cabinetry",https://clovis.craigslist.org/apa/d/clovis-covered-carports-included-in/6990534784.html,2019-10-01,13:04,$1129,Clovis,True,None,3,1124ft2
New_Mexico,clovis,clovis,apa,6990348657,None,"3 br/2bath Home, central ac, fireplace, desirable zone!",https://clovis.craigslist.org/apa/d/clovis-3-br-2bath-home-central-ac/6990348657.html,2019-10-01,11:17,$610,clovis,True,None,2,605ft2
New_Mexico,clovis,clovis,apa,6990399354,None,"Granite Counter tops, Full size Washer/Dryer, Tech Ready, Garages",https://clovis.craigslist.org/apa/d/clovis-granite-counter-tops-full-size/6990399354.html,2019-10-01,10:40,$1119,Clovis NM,True,None,2,984ft2
New_Mexico,clovis,clovis,apa,6990348335,None,Homes Available in the Mesa School District,https://clovis.craigslist.org/apa/d/clovis-homes-available-in-the-mesa/6990348335.html,2019-10-01,09:59,$1075,Clovis,True,None,4,1484ft2
New_Mexico,clovis,clovis,apa,6990008243,None,"9 foot Ceilings, Modern Cabinetry, Full size Washer/Dryer, Garages",https://clovis.craigslist.org/apa/d/clovis-9-foot-ceilings-modern-cabinetry/6990008243.html,2019-09-30,17:31,$1019,Clovis,True,None,2,984ft2
New_Mexico,clovis,clovis,apa,6989959793,None,"9 foot Ceilings, Flooring Upgrades, Tech Ready, Pet Friendly, Garages",https://clovis.craigslist.org/apa/d/clovis-9-foot-ceilings-flooring/6989959793.html,2019-09-30,16:18,$1129,Clovis,True,None,3,1124ft2
New_Mexico,clovis,clovis,apa,6978915932,None,Studio Apartment w/Real kitchenette - Includes Utilities & WiFi!!,https://clovis.craigslist.org/apa/d/tucumcari-studio-apartment-real/6978915932.html,2019-09-30,09:56,$350,Tucumcari,True,None,1,240ft2
New_Mexico,clovis,clovis,apa,6989601417,None,"Flooring Upgrades, Granite Counter tops, Full size Washer/Dryer",https://clovis.craigslist.org/apa/d/clovis-flooring-upgrades-granite/6989601417.html,2019-09-30,09:31,$1019,Clovis NM,True,None,2,984ft2
New_Mexico,clovis,clovis,apa,6989549422,None,"Spacious 2 Story, 4 Bedroom Rental Homes at Windy Plains!",https://clovis.craigslist.org/apa/d/clovis-spacious-2-story-4-bedroom/6989549422.html,2019-09-30,08:50,$1075,Clovis,True,None,4,1484ft2
New_Mexico,clovis,clovis,apa,6989329415,6146595475,2 bedroom house 2 blocks from ENMU,https://clovis.craigslist.org/apa/d/2-bedroom-house-2-blocks-from-enmu/6989329415.html,2019-09-29,18:55,$625,"1302 S Ave H Place Portales, NM",False,None,2,None
New_Mexico,clovis,clovis,apa,6988614311,None,"9 foot Ceilings, Gas & BBQ Grills, Energy efficient Appliances",https://clovis.craigslist.org/apa/d/clovis-9-foot-ceilings-gas-bbq-grills/6988614311.html,2019-09-28,14:13,$1129,Clovis,True,None,3,1124ft2
New_Mexico,clovis,clovis,apa,6988430236,None,"Business Center, Flooring Upgrades, Tech Ready, Pool and Spa, Garages",https://clovis.craigslist.org/apa/d/clovis-business-center-flooring/6988430236.html,2019-09-28,10:34,$1019,Clovis NM,True,None,2,984ft2
New_Mexico,clovis,clovis,apa,6988082900,None,"Tech Ready, Handicap Accessible, Fully Equipped Kitchens, Garages",https://clovis.craigslist.org/apa/d/clovis-tech-ready-handicap-accessible/6988082900.html,2019-09-27,17:40,$839,Clovis,True,None,1,642ft2
New_Mexico,clovis,clovis,apa,6988044945,None,"Controlled entry Community, Tech Ready, Great Bedrooms, Pet Friendly",https://clovis.craigslist.org/apa/d/clovis-controlled-entry-community-tech/6988044945.html,2019-09-27,16:40,$1129,Clovis,True,None,3,1124ft2
New_Mexico,clovis,clovis,apa,6987634313,None,"Tech Ready, Fully Equipped Kitchens, Controlled entry Community",https://clovis.craigslist.org/apa/d/clovis-tech-ready-fully-equipped/6987634313.html,2019-09-27,08:48,$1129,Clovis NM,True,None,3,1124ft2
New_Mexico,clovis,clovis,apa,6987607339,None,Make Windy Plains your new home!,https://clovis.craigslist.org/apa/d/clovis-make-windy-plains-your-new-home/6987607339.html,2019-09-27,08:29,$1050,Clovis,True,None,4,1484ft2
New_Mexico,clovis,clovis,apa,6987343786,None,"Excellent Neighborhood, $500 saving with no deposit or admin fee!!",https://clovis.craigslist.org/apa/d/clovis-excellent-neighborhood-500/6987343786.html,2019-09-26,17:20,$1019,Clovis NM,True,None,2,984ft2
New_Mexico,clovis,clovis,apa,6987281927,None,ZERO DEPOSIT!!1 bedroom 1 bath,https://clovis.craigslist.org/apa/d/clovis-zero-deposit1-bedroom-1-bath/6987281927.html,2019-09-26,15:46,$839,Clovis,True,None,2,642ft2
New_Mexico,clovis,clovis,apa,6986914071,None,"Fully Equipped Kitchens, Garages, Flooring Upgrades, Gas & BBQ Grills",https://clovis.craigslist.org/apa/d/clovis-fully-equipped-kitchens-garages/6986914071.html,2019-09-26,08:40,$839,Clovis NM,True,None,1,642ft2
New_Mexico,clovis,clovis,apa,6986894787,None,"Spacious 2 Story, 4 Bedroom Rental Homes at Windy Plains!",https://clovis.craigslist.org/apa/d/clovis-spacious-2-story-4-bedroom/6986894787.html,2019-09-26,08:33,$1050,Clovis,True,None,4,1484ft2
New_Mexico,clovis,clovis,apa,6986603842,None,3 Bedroom available today! No deposit required.,https://clovis.craigslist.org/apa/d/clovis-3-bedroom-available-today-no/6986603842.html,2019-09-25,16:33,$1129,None,True,None,3,1124ft2
New_Mexico,clovis,clovis,apa,6986234339,None,"3 br/2bath Home, central ac, fireplace, desirable zone!",https://clovis.craigslist.org/apa/d/clovis-3-br-2bath-home-central-ac/6986234339.html,2019-09-25,10:23,$530,clovis,True,None,2,600ft2
New_Mexico,clovis,clovis,apa,6986197171,None,Pet Friendly with no security deposit!,https://clovis.craigslist.org/apa/d/clovis-pet-friendly-with-no-security/6986197171.html,2019-09-25,08:42,$1019,Clovis NM,True,None,2,984ft2
New_Mexico,clovis,clovis,apa,6986172830,None,Your new home can be at Windy Plains!,https://clovis.craigslist.org/apa/d/clovis-your-new-home-can-be-at-windy/6986172830.html,2019-09-25,08:32,$1000,Clovis,True,None,4,1390ft2
New_Mexico,clovis,clovis,apa,6985905490,None,Controlled entry Community leasing with no deposit required!,https://clovis.craigslist.org/apa/d/clovis-controlled-entry-community/6985905490.html,2019-09-24,17:29,$1129,Clovis NM,True,None,3,1124ft2
New_Mexico,clovis,clovis,apa,6985722752,None,$500 saving! No deposit or administration fee required!,https://clovis.craigslist.org/apa/d/clovis-500-saving-no-deposit-or/6985722752.html,2019-09-24,13:28,$1019,Clovis NM,True,None,2,984ft2
New_Mexico,clovis,clovis,apa,6985462488,None,Spacious 1484 Sq Ft. Rental Home In Clovis,https://clovis.craigslist.org/apa/d/clovis-spacious-1484-sq-ft-rental-home/6985462488.html,2019-09-24,09:06,$1050,Clovis,True,None,4,1484ft2
New_Mexico,clovis,clovis,apa,6985469248,6884609746,2128 Dove #2,https://clovis.craigslist.org/apa/d/portales-2128-dove-2/6985469248.html,2019-09-24,08:59,$1000,None,True,None,2,None
New_Mexico,clovis,clovis,apa,6985466776,6370665792,108 E 5th Street,https://clovis.craigslist.org/apa/d/portales-108-5th-street/6985466776.html,2019-09-24,08:56,$550,None,False,None,2,None
New_Mexico,clovis,clovis,apa,6985457658,6169729861,301 S. Ave D #5,https://clovis.craigslist.org/apa/d/301-ave-5/6985457658.html,2019-09-24,08:46,$400,None,False,None,1,None
New_Mexico,clovis,clovis,apa,6985457082,None,"24 Hour Fitness Center, Garages with no deposit!!",https://clovis.craigslist.org/apa/d/clovis-24-hour-fitness-center-garages/6985457082.html,2019-09-24,08:45,$1129,Clovis NM,True,None,2,1124ft2
New_Mexico,clovis,clovis,apa,6985453430,6515800735,1717 MLK #A,https://clovis.craigslist.org/apa/d/clovis-1717-mlk/6985453430.html,2019-09-24,08:41,$800,None,True,None,2,None
New_Mexico,clovis,clovis,apa,6985139574,None,ZERO DEPOSIT,https://clovis.craigslist.org/apa/d/clovis-zero-deposit/6985139574.html,2019-09-23,16:57,$1019,Clovis,True,None,2,984ft2
New_Mexico,clovis,clovis,apa,6985101565,None,"No Deposit, No administration Fee total of $500 Savings!",https://clovis.craigslist.org/apa/d/clovis-no-deposit-no-administration-fee/6985101565.html,2019-09-23,16:04,$1129,Clovis,True,None,3,1124ft2
New_Mexico,clovis,clovis,apa,6979403896,None,Newly Updated 1 bed 1 bath home for rent in Clovis $300,https://clovis.craigslist.org/apa/d/clovis-newly-updated-1-bed-1-bath-home/6979403896.html,2019-09-23,12:45,$300,Clovis,True,None,1,None
New_Mexico,clovis,clovis,apa,6984735948,None,Beautiful Gated Community now leasing zero deposit,https://clovis.craigslist.org/apa/d/clovis-beautiful-gated-community-now/6984735948.html,2019-09-23,09:38,$1019,Clovis,True,None,2,984ft2
New_Mexico,clovis,clovis,apa,6984677704,None,Make Windy Plains your new home!,https://clovis.craigslist.org/apa/d/clovis-make-windy-plains-your-new-home/6984677704.html,2019-09-23,08:52,$925,Clovis,True,None,4,1390ft2
New_Mexico,clovis,clovis,apa,6983754410,None,3 bedroom with no deposit!,https://clovis.craigslist.org/apa/d/clovis-3-bedroom-with-no-deposit/6983754410.html,2019-09-21,15:28,$1129,Clovis,True,None,3,1124ft2
New_Mexico,clovis,clovis,apa,6983711229,None,Now offering 2 beds 2 bath with no deposit!,https://clovis.craigslist.org/apa/d/clovis-now-offering-2-beds-2-bath-with/6983711229.html,2019-09-21,14:27,$1019,Clovis NM,True,None,1,984ft2
New_Mexico,clovis,clovis,apa,6983604758,None,"SPACIOUS FLOOR PLANS, BEAUTIFUL APARTMENTS!! STOP BY TODAY!",https://clovis.craigslist.org/apa/d/el-paso-spacious-floor-plans-beautiful/6983604758.html,2019-09-21,12:14,$0,El Paso,True,None,None,None
New_Mexico,clovis,clovis,apa,6983522433,None,Spacious 4 bedroom 2 baths stunning great starter home Rogers Enochs,https://clovis.craigslist.org/apa/d/clovis-spacious-4-bedroom-2-baths/6983522433.html,2019-09-21,12:02,$1200,Lazbuddie or McAlist,True,None,3,1408ft2
New_Mexico,clovis,clovis,apa,6983578032,None,HOME SWEET HOME!! DON'T WAIT ANY LONGER! WE HAVE THE PERFECT HOME!!,https://clovis.craigslist.org/apa/d/el-paso-home-sweet-home-dont-wait-any/6983578032.html,2019-09-21,11:43,$0,El Paso,True,None,None,None
New_Mexico,clovis,clovis,apa,6983577482,None,"BEAUTIFUL APARTMENTS, EXCELLENT LOCATION, AND GREAT PRICES!",https://clovis.craigslist.org/apa/d/el-paso-beautiful-apartments-excellent/6983577482.html,2019-09-21,11:43,$0,El Paso,True,None,None,None
New_Mexico,clovis,clovis,apa,6963945881,None,Charming 3BEDROOM 2 BATHS,https://clovis.craigslist.org/apa/d/clovis-charming-3bedroom-2-baths/6963945881.html,2019-09-21,11:20,$700,"Clovis, NM",True,None,None,1591ft2
New_Mexico,clovis,clovis,apa,6983534344,None,"One bedroom, no deposit!",https://clovis.craigslist.org/apa/d/clovis-one-bedroom-no-deposit/6983534344.html,2019-09-21,10:55,$839,Clovis NM,True,None,1,642ft2
New_Mexico,clovis,clovis,apa,6983140452,None,No deposit or administration fee required! This month only!!,https://clovis.craigslist.org/apa/d/clovis-no-deposit-or-administration-fee/6983140452.html,2019-09-20,17:22,$1129,Clovis NM,True,None,3,1124ft2
New_Mexico,clovis,clovis,apa,6982972408,None,"9 foot Ceilings, Modern Cabinetry, Controlled entry Community",https://clovis.craigslist.org/apa/d/clovis-9-foot-ceilings-modern-cabinetry/6982972408.html,2019-09-20,13:42,$1019,Clovis NM,True,None,2,984ft2
New_Mexico,clovis,clovis,apa,6982755154,None,NOW LEASING for 2020-2021 Academic School Year,https://clovis.craigslist.org/apa/d/portales-now-leasing-for-academic/6982755154.html,2019-09-20,09:55,$395,PORTALES,True,None,4,None
New_Mexico,clovis,clovis,apa,6982722688,None,Trailer for rent,https://clovis.craigslist.org/apa/d/clovis-trailer-for-rent/6982722688.html,2019-09-20,09:20,$675,Clovis NM,False,None,3,None
New_Mexico,clovis,clovis,apa,6982687967,None,"Move In Specials, Gas & BBQ Grills, Sleek Appliances, 9 foot Ceilings",https://clovis.craigslist.org/apa/d/clovis-move-in-specials-gas-bbq-grills/6982687967.html,2019-09-20,08:40,$839,Clovis NM,True,None,1,642ft2
New_Mexico,clovis,clovis,apa,6982674461,None,"Spacious 2 Story, 4 Bedroom Rental Homes at Windy Plains!",https://clovis.craigslist.org/apa/d/clovis-spacious-2-story-4-bedroom/6982674461.html,2019-09-20,08:39,$925,Clovis,True,None,4,1390ft2
New_Mexico,clovis,clovis,apa,6982409422,None,"9 foot Ceilings, Sleek Appliances, Gas & BBQ Grills, Modern Cabinetry",https://clovis.craigslist.org/apa/d/clovis-9-foot-ceilings-sleek-appliances/6982409422.html,2019-09-19,17:30,$1019,Clovis,True,None,2,984ft2
New_Mexico,clovis,clovis,apa,6982402345,None,"Tech Ready, 24 Hour Fitness Center, Pet Friendly, Storage Available",https://clovis.craigslist.org/apa/d/clovis-tech-ready-24-hour-fitness/6982402345.html,2019-09-19,17:18,$1129,Clovis,True,None,3,1124ft2
New_Mexico,clovis,clovis,apa,6982002832,None,Find Your New Home At Windy Plains,https://clovis.craigslist.org/apa/d/clovis-find-your-new-home-at-windy/6982002832.html,2019-09-19,09:18,$925,Clovis,True,None,4,1390ft2
New_Mexico,clovis,clovis,apa,6981973973,None,"Energy efficient Appliances, Pet Friendly, Tech Ready, Garages",https://clovis.craigslist.org/apa/d/clovis-energy-efficient-appliances-pet/6981973973.html,2019-09-19,08:38,$1019,Clovis NM,True,None,2,984ft2
New_Mexico,clovis,clovis,apa,6981970701,None,Now Leasing,https://clovis.craigslist.org/apa/d/portales-now-leasing/6981970701.html,2019-09-19,08:34,$395,PORTALES,True,None,4,None
New_Mexico,clovis,clovis,apa,6981675345,None,Beautiful gated community,https://clovis.craigslist.org/apa/d/clovis-beautiful-gated-community/6981675345.html,2019-09-18,16:52,$839,Clovis NM,True,None,1,642ft2
New_Mexico,clovis,clovis,apa,6977736935,None,Live at San Juan Village!,https://clovis.craigslist.org/apa/d/portales-live-at-san-juan-village/6977736935.html,2019-09-18,14:27,$395,PORTALES,True,None,4,None
New_Mexico,clovis,clovis,apa,6981241391,None,Looking for a spacious rental home? Windy Plains has what you need!,https://clovis.craigslist.org/apa/d/clovis-looking-for-spacious-rental-home/6981241391.html,2019-09-18,08:50,$925,Clovis,True,None,4,1390ft2
New_Mexico,clovis,clovis,apa,6981252468,None,HOUSE FOR RENT,https://clovis.craigslist.org/apa/d/portales-house-for-rent/6981252468.html,2019-09-18,08:45,$1150,State Streets,True,None,4,3000ft2
New_Mexico,clovis,clovis,apa,6981248520,None,Now leasing 3 bedroom for you and your family!,https://clovis.craigslist.org/apa/d/clovis-now-leasing-3-bedroom-for-you/6981248520.html,2019-09-18,08:40,$1129,Clovis NM,True,None,3,1124ft2
New_Mexico,clovis,clovis,apa,6981063143,None,Lease at San Juan,https://clovis.craigslist.org/apa/d/portales-lease-at-san-juan/6981063143.html,2019-09-17,20:58,$485,Portales,False,None,1,None
New_Mexico,clovis,clovis,apa,6980956560,None,"Pet Friendly, Storage Available, Full size Washer/Dryer, Pool and Spa",https://clovis.craigslist.org/apa/d/clovis-pet-friendly-storage-available/6980956560.html,2019-09-17,17:23,$1019,Clovis NM,True,None,2,984ft2
New_Mexico,clovis,clovis,apa,6980698194,None,"Move In Specials, Flooring Upgrades, Pet Friendly, Tech Ready",https://clovis.craigslist.org/apa/d/clovis-move-in-specials-flooring/6980698194.html,2019-09-17,12:05,$1129,Clovis NM,True,None,3,1124ft2
New_Mexico,clovis,clovis,apa,6980539616,None,"Storage Available, Pet Friendly, Controlled entry Community, Garages",https://clovis.craigslist.org/apa/d/clovis-storage-available-pet-friendly/6980539616.html,2019-09-17,09:22,$1019,Clovis NM,True,None,2,984ft2
New_Mexico,clovis,clovis,apa,6980478548,None,4 Bedroom Rental Home Available at Windy Plains,https://clovis.craigslist.org/apa/d/clovis-4-bedroom-rental-home-available/6980478548.html,2019-09-17,08:17,$925,Clovis,True,None,4,1390ft2
New_Mexico,clovis,clovis,apa,6980263123,6308639412,Ready to rent,https://clovis.craigslist.org/apa/d/ready-to-rent/6980263123.html,2019-09-16,18:59,$600,Portales,False,None,3,1250ft2
New_Mexico,clovis,clovis,apa,6980262474,6308623074,721 s ave a,https://clovis.craigslist.org/apa/d/721-ave/6980262474.html,2019-09-16,18:57,$600,Portales,False,None,3,1250ft2
New_Mexico,clovis,clovis,apa,6980261583,6308639412,Ready to rent,https://clovis.craigslist.org/apa/d/portales-ready-to-rent/6980261583.html,2019-09-16,18:55,$600,Portales,False,None,3,1250ft2
New_Mexico,clovis,clovis,apa,6980202485,None,Move in Specials now Available!!,https://clovis.craigslist.org/apa/d/clovis-move-in-specials-now-available/6980202485.html,2019-09-16,17:14,$1019,Clovis,True,None,2,None
New_Mexico,clovis,clovis,apa,6980069332,None,Great move in specials with lots of amenities!!,https://clovis.craigslist.org/apa/d/clovis-great-move-in-specials-with-lots/6980069332.html,2019-09-16,14:20,$839,Clovis,True,None,1,642ft2
New_Mexico,clovis,clovis,apa,6979782577,None,"Granite Counter Tops, Black Appliances, Walk-in Closets and much more!",https://clovis.craigslist.org/apa/d/clovis-granite-counter-tops-black/6979782577.html,2019-09-16,09:21,$1129,Clovis,True,None,3,1124ft2
New_Mexico,clovis,clovis,apa,6979737807,None,Call Windy Plains Your New Home!,https://clovis.craigslist.org/apa/d/clovis-call-windy-plains-your-new-home/6979737807.html,2019-09-16,08:42,$925,Clovis,True,None,4,1390ft2
New_Mexico,clovis,clovis,apa,6978721229,None,"Flooring Upgrades, 24 Hour Fitness Center, Modern Cabinetry, Garages",https://clovis.craigslist.org/apa/d/clovis-flooring-upgrades-24-hour/6978721229.html,2019-09-14,13:22,$1129,Clovis NM,True,None,3,1124ft2
New_Mexico,clovis,clovis,apa,6978197849,None,"New Modern Interiors, Full size Washer/Dryer, Pet Friendly, Garages",https://clovis.craigslist.org/apa/d/clovis-new-modern-interiors-full-size/6978197849.html,2019-09-13,17:30,$1019,Clovis NM,True,None,2,984ft2
New_Mexico,clovis,clovis,apa,6978058215,None,"117 Limestone APT A, Clovis,",https://clovis.craigslist.org/apa/d/clovis-117-limestone-apt-clovis/6978058215.html,2019-09-13,14:25,$800,NM,True,None,2,1100ft2
New_Mexico,clovis,clovis,apa,6978058199,None,"117 Limestone APT A, Clovis,",https://clovis.craigslist.org/apa/d/clovis-117-limestone-apt-clovis/6978058199.html,2019-09-13,14:25,$800,NM,True,None,2,1100ft2
New_Mexico,clovis,clovis,apa,6978058132,None,"117 Limestone APT A, Clovis, NM",https://clovis.craigslist.org/apa/d/clovis-117-limestone-apt-clovis-nm/6978058132.html,2019-09-13,14:25,$800,NM,True,None,2,1100ft2
New_Mexico,clovis,clovis,apa,6978037866,None,Single family house,https://clovis.craigslist.org/apa/d/portales-single-family-house/6978037866.html,2019-09-13,14:02,$600,Portales,True,None,3,None
New_Mexico,clovis,clovis,apa,6977977330,None,Move your family into our beautiful community.,https://clovis.craigslist.org/apa/d/clovis-move-your-family-into-our/6977977330.html,2019-09-13,12:56,$1019,Clovis NM,True,None,2,984ft2
New_Mexico,clovis,clovis,apa,6977773671,None,Lots of amenities and rent specials,https://clovis.craigslist.org/apa/d/clovis-lots-of-amenities-and-rent/6977773671.html,2019-09-13,09:28,$1129,Clovis,True,None,3,1124ft2
New_Mexico,clovis,clovis,apa,6977715773,None,Looking for a spacious rental home? Windy Plains has what you need!,https://clovis.craigslist.org/apa/d/clovis-looking-for-spacious-rental-home/6977715773.html,2019-09-13,08:31,$925,Clovis,True,None,4,1390ft2
New_Mexico,clovis,clovis,apa,6977440414,None,"Gas & BBQ Grills, Move In Specials, Handicap Accessible, Pool and Spa",https://clovis.craigslist.org/apa/d/clovis-gas-bbq-grills-move-in-specials/6977440414.html,2019-09-12,17:31,$1129,Clovis NM,True,None,3,1124ft2
New_Mexico,clovis,clovis,apa,6977404552,None,"Flooring Upgrades, Controlled entry Community, Sleek Appliances",https://clovis.craigslist.org/apa/d/clovis-flooring-upgrades-controlled/6977404552.html,2019-09-12,16:35,$1019,Clovis NM,True,None,2,984ft2
New_Mexico,clovis,clovis,apa,6977402678,6733607699,415 W 6th Street,https://clovis.craigslist.org/apa/d/clovis-415-6th-street/6977402678.html,2019-09-12,16:33,$400,None,False,None,1,None
New_Mexico,clovis,clovis,apa,6977323474,None,"24 Hour Fitness Center, Business Center, Move In Specials, Garages",https://clovis.craigslist.org/apa/d/clovis-24-hour-fitness-center-business/6977323474.html,2019-09-12,14:48,$1129,Clovis NM,True,None,3,1124ft2
New_Mexico,clovis,clovis,apa,6977250235,None,"Storage Available, Modern Cabinetry",https://clovis.craigslist.org/apa/d/clovis-storage-available-modern/6977250235.html,2019-09-12,13:23,$1019,Clovis NM,True,None,2,984ft2
New_Mexico,clovis,clovis,apa,6976992664,None,Homes Available in the Mesa School District,https://clovis.craigslist.org/apa/d/clovis-homes-available-in-the-mesa/6976992664.html,2019-09-12,09:00,$925,Clovis,True,None,4,1390ft2
New_Mexico,clovis,clovis,apa,6976696295,None,"Modern Cabinetry, Garages, Handicap Accessible, Flooring Upgrades",https://clovis.craigslist.org/apa/d/clovis-modern-cabinetry-garages/6976696295.html,2019-09-11,17:21,$1019,Clovis,True,None,2,984ft2
New_Mexico,clovis,clovis,apa,6976416144,None,"New Modern Interiors, Great Bedrooms, 24 Hour Fitness Center, Garages",https://clovis.craigslist.org/apa/d/clovis-new-modern-interiors-great/6976416144.html,2019-09-11,11:44,$1129,Clovis NM,True,None,3,1124ft2
New_Mexico,clovis,clovis,apa,6976264932,None,Windy Plains Rental Home Now Available!,https://clovis.craigslist.org/apa/d/clovis-windy-plains-rental-home-now/6976264932.html,2019-09-11,09:07,$925,Clovis,True,None,4,1390ft2
New_Mexico,clovis,clovis,apa,6975931803,None,"Controlled entry Community, Modern Cabinetry, New Modern Interiors",https://clovis.craigslist.org/apa/d/clovis-controlled-entry-community/6975931803.html,2019-09-10,17:01,$1019,Clovis NM,True,None,2,948ft2
New_Mexico,clovis,clovis,apa,6975892727,None,"Business Center, Pool and Spa, Energy efficient Appliances, Garages",https://clovis.craigslist.org/apa/d/clovis-business-center-pool-and-spa/6975892727.html,2019-09-10,16:06,$1129,Clovis NM,True,None,3,1124ft2
New_Mexico,clovis,clovis,apa,6975832824,None,"Excellent Neighborhood, great small park for kids!",https://clovis.craigslist.org/apa/d/clovis-excellent-neighborhood-great/6975832824.html,2019-09-10,14:52,$1019,Clovis NM,True,None,2,984ft2
New_Mexico,clovis,clovis,apa,6975496044,None,"24 Hour Fitness Center, Garages, Gas & BBQ Grills, Pet Friendly",https://clovis.craigslist.org/apa/d/clovis-24-hour-fitness-center-garages/6975496044.html,2019-09-10,08:46,$1129,Clovis NM,True,None,3,1124ft2
New_Mexico,clovis,clovis,apa,6975471488,None,Make Windy Plains your new home!,https://clovis.craigslist.org/apa/d/clovis-make-windy-plains-your-new-home/6975471488.html,2019-09-10,08:29,$925,Clovis,True,None,4,1390ft2
New_Mexico,clovis,clovis,apa,6975171860,None,"Move In Specials, Covered Carports included in rent, Modern Cabinetry",https://clovis.craigslist.org/apa/d/clovis-move-in-specials-covered/6975171860.html,2019-09-09,16:59,$1019,Clovis,True,None,2,984ft2
New_Mexico,clovis,clovis,apa,6954060753,None,Studio Apartment w/Real kitchenette - Includes Utilities & WiFi!!,https://clovis.craigslist.org/apa/d/tucumcari-studio-apartment-real/6954060753.html,2019-09-09,14:02,$350,Tucumcari,True,None,1,240ft2
New_Mexico,clovis,clovis,apa,6974947650,None,"Granite Counter tops, Handicap Accessible, Pet Friendly",https://clovis.craigslist.org/apa/d/clovis-granite-counter-tops-handicap/6974947650.html,2019-09-09,12:36,$1129,Clovis NM,True,None,3,1124ft2
New_Mexico,clovis,clovis,apa,6974700592,None,Spacious 1390 Sq Ft Rental In Clovis,https://clovis.craigslist.org/apa/d/clovis-spacious-1390-sq-ft-rental-in/6974700592.html,2019-09-09,08:34,$925,Clovis,True,None,4,1390ft2
New_Mexico,clovis,clovis,apa,6974402521,6881597564,575 for 4 weeks Extended Stay at Colonial Heritage,https://clovis.craigslist.org/apa/d/clovis-575-for-4-weeks-extended-stay-at/6974402521.html,2019-09-08,17:01,$575,1501 WEST 7TH STREET,True,None,1,350ft2
New_Mexico,clovis,clovis,apa,6974401809,6881597564,Queen Bed Room in Hotel Setting Available,https://clovis.craigslist.org/apa/d/clovis-queen-bed-room-in-hotel-setting/6974401809.html,2019-09-08,16:59,$575,1501 WEST 7TH STREET,True,None,1,350ft2
New_Mexico,clovis,clovis,apa,6974401225,6881597564,Queen Bed Room in Hotel Setting Available,https://clovis.craigslist.org/apa/d/clovis-queen-bed-room-in-hotel-setting/6974401225.html,2019-09-08,16:58,$575,1501 WEST 7TH STREET,True,None,1,350ft2
New_Mexico,clovis,clovis,apa,6974400042,6881597564,King Bed Room 4 weeks Extended stay in Hotel Setting Available 799.00,https://clovis.craigslist.org/apa/d/clovis-king-bed-room-4-weeks-extended/6974400042.html,2019-09-08,16:56,$799,1501 WEST 7TH STREET,True,None,1,700ft2
New_Mexico,clovis,clovis,apa,6974399688,6881597564,Queen Bed Room in Hotel Setting Available 4 weeksExtended Stay 575.00,https://clovis.craigslist.org/apa/d/clovis-queen-bed-room-in-hotel-setting/6974399688.html,2019-09-08,16:56,$575,1501 WEST 7TH STREET,True,None,1,350ft2
New_Mexico,clovis,clovis,apa,6974399264,6629706625,One Bedroom hotel room King  bed 4 week Extended Stay,https://clovis.craigslist.org/apa/d/clovis-one-bedroom-hotel-room-king-bed/6974399264.html,2019-09-08,16:55,$750,1501 West 7th Street,True,None,1,750ft2
New_Mexico,clovis,clovis,apa,6974398811,6881597564,Queen Bed Room in Hotel Setting Available 4 weeksExtended Stay 575.00,https://clovis.craigslist.org/apa/d/clovis-queen-bed-room-in-hotel-setting/6974398811.html,2019-09-08,16:54,$575,1501 WEST 7TH STREET,True,None,1,350ft2
New_Mexico,clovis,clovis,apa,6973109584,None,"Gas & BBQ Grills, Pool and Spa, Controlled entry Community, Garages",https://clovis.craigslist.org/apa/d/clovis-gas-bbq-grills-pool-and-spa/6973109584.html,2019-09-06,17:19,$1129,Clovis NM,True,None,3,1124ft2
New_Mexico,clovis,clovis,apa,6972971913,None,"Modern Cabinetry, Pool and Spa, Business Center, Pet Friendly",https://clovis.craigslist.org/apa/d/clovis-modern-cabinetry-pool-and-spa/6972971913.html,2019-09-06,14:19,$1129,Clovis NM,True,None,3,1124ft2
New_Mexico,clovis,clovis,apa,6972713879,None,Find Your New Home At Windy Plains,https://clovis.craigslist.org/apa/d/clovis-find-your-new-home-at-windy/6972713879.html,2019-09-06,10:03,$925,Clovis,True,None,4,1390ft2
New_Mexico,clovis,clovis,apa,6972650155,None,"9 foot Ceilings, Flooring Upgrades, Business Center, Garages",https://clovis.craigslist.org/apa/d/clovis-9-foot-ceilings-flooring/6972650155.html,2019-09-06,08:42,$1019,Clovis NM,True,None,2,984ft2
New_Mexico,clovis,clovis,apa,6951917446,None,Nicely remodeled 3 bedroom 1.5bth  in ground pool Rogers Saint Vrain,https://clovis.craigslist.org/apa/d/elida-nicely-remodeled-3-bedroom-15bth/6951917446.html,2019-09-05,20:29,$950,Kenna or Causey,True,None,3,1244ft2
New_Mexico,clovis,clovis,apa,6972211241,None,"9 foot Ceilings, Storage Available, Pet Friendly, Handicap Accessible",https://clovis.craigslist.org/apa/d/clovis-9-foot-ceilings-storage/6972211241.html,2019-09-05,14:10,$1019,Clovis NM,True,None,2,984ft2
New_Mexico,clovis,clovis,apa,6971912891,None,"Tech Ready, Granite Counter tops, Controlled entry Community, Garages",https://clovis.craigslist.org/apa/d/clovis-tech-ready-granite-counter-tops/6971912891.html,2019-09-05,08:44,$1019,Clovis NM,True,None,2,984ft2
New_Mexico,clovis,clovis,apa,6971893089,None,Welcome To Windy Plains!,https://clovis.craigslist.org/apa/d/clovis-welcome-to-windy-plains/6971893089.html,2019-09-05,08:39,$925,Clovis,True,None,4,1390ft2
New_Mexico,clovis,clovis,apa,6971609305,None,"Tech Ready, 24 Hour Fitness Center, Energy efficient Appliances",https://clovis.craigslist.org/apa/d/clovis-tech-ready-24-hour-fitness/6971609305.html,2019-09-04,17:22,$1019,Clovis NM,True,None,2,984ft2
New_Mexico,clovis,clovis,apa,6971378452,6927064929,2 Bedroom Home in Logan  $600.00,https://clovis.craigslist.org/apa/d/logan-2-bedroom-home-in-logan-60000/6971378452.html,2019-09-04,12:37,$600,Logan,True,None,None,None
New_Mexico,clovis,clovis,apa,6971339727,None,"Controlled entry Community, Pool and Spa, Great Bedrooms, Tech Ready",https://clovis.craigslist.org/apa/d/clovis-controlled-entry-community-pool/6971339727.html,2019-09-04,11:56,$1019,Clovis NM,True,None,2,984ft2
New_Mexico,clovis,clovis,apa,6952261615,None,3 Bed / 2 Bath House for $1250 Month,https://clovis.craigslist.org/apa/d/clovis-3-bed-2-bath-house-for-1250-month/6952261615.html,2019-09-04,11:41,$1250,501 John Doe,True,None,3,2382ft2
New_Mexico,clovis,clovis,apa,6971283672,None,"Great Bedrooms, New Modern Interiors, Tech Ready",https://clovis.craigslist.org/apa/d/clovis-great-bedrooms-new-modern/6971283672.html,2019-09-04,10:59,$1019,Clovis NM,True,None,2,984ft2
New_Mexico,clovis,clovis,apa,6971133368,None,"Spacious 2 Story, 4 Bedroom Rental Homes at Windy Plains!",https://clovis.craigslist.org/apa/d/clovis-spacious-2-story-4-bedroom/6971133368.html,2019-09-04,08:24,$925,Clovis,True,None,4,1390ft2
New_Mexico,clovis,clovis,apa,6970857653,None,"Great Bedrooms, 9 foot Ceilings, Garages, Fully Equipped Kitchens",https://clovis.craigslist.org/apa/d/clovis-great-bedrooms-9-foot-ceilings/6970857653.html,2019-09-03,17:34,$1019,Clovis,True,None,2,984ft2
New_Mexico,clovis,clovis,apa,6970670703,None,1009 W 16th,https://clovis.craigslist.org/apa/d/portales-th/6970670703.html,2019-09-03,13:37,$425,Portales,True,None,1,None
New_Mexico,clovis,clovis,apa,6970647318,None,"Garages, Pet Friendly, Gas & BBQ Grills, Storage Available",https://clovis.craigslist.org/apa/d/clovis-garages-pet-friendly-gas-bbq/6970647318.html,2019-09-03,13:11,$1019,Clovis NM,True,None,2,984ft2
New_Mexico,clovis,clovis,apa,6970378813,None,Homes Available in the Mesa School District,https://clovis.craigslist.org/apa/d/clovis-homes-available-in-the-mesa/6970378813.html,2019-09-03,08:44,$925,Clovis,True,None,4,1390ft2
New_Mexico,clovis,clovis,apa,6968211683,None,"Storage Available, New Modern Interiors, Flooring Upgrades, Garages",https://clovis.craigslist.org/apa/d/clovis-storage-available-new-modern/6968211683.html,2019-08-30,16:05,$1019,Clovis NM,True,None,2,984ft2
New_Mexico,clovis,clovis,apa,6968023650,None,House for rent,https://clovis.craigslist.org/apa/d/portales-house-for-rent/6968023650.html,2019-08-30,12:13,$1300,States streets,False,None,4,3000ft2
New_Mexico,clovis,clovis,apa,6967964954,None,"Move In Specials, Gas & BBQ Grills, Sleek Appliances, Great Bedrooms",https://clovis.craigslist.org/apa/d/clovis-move-in-specials-gas-bbq-grills/6967964954.html,2019-08-30,11:09,$1019,Clovis NM,True,None,2,984ft2
New_Mexico,clovis,clovis,apa,6967810413,None,Looking for a spacious rental home? Windy Plains has what you need!,https://clovis.craigslist.org/apa/d/clovis-looking-for-spacious-rental-home/6967810413.html,2019-08-30,08:18,$925,Clovis,True,None,4,1390ft2
New_Mexico,clovis,clovis,apa,6967558497,None,"Controlled entry Community, Pet Friendly, New Modern Interiors",https://clovis.craigslist.org/apa/d/clovis-controlled-entry-community-pet/6967558497.html,2019-08-29,17:27,$1019,Clovis NM,True,None,2,984ft2
New_Mexico,clovis,clovis,apa,6967402020,None,Appliances included!!,https://clovis.craigslist.org/apa/d/clovis-appliances-included/6967402020.html,2019-08-29,13:50,$1019,Clovis NM,True,None,2,984ft2
New_Mexico,clovis,clovis,apa,6967245082,None,Carpet or hard floor!,https://clovis.craigslist.org/apa/d/clovis-carpet-or-hard-floor/6967245082.html,2019-08-29,10:53,$1019,Clovis NM,True,None,2,984ft2
New_Mexico,clovis,clovis,apa,6967116694,None,Make Windy Plains your new home!,https://clovis.craigslist.org/apa/d/clovis-make-windy-plains-your-new-home/6967116694.html,2019-08-29,08:28,$925,Clovis,True,None,4,1390ft2
New_Mexico,clovis,clovis,apa,6966891690,None,"Two bed, one bath $600/mo.",https://clovis.craigslist.org/apa/d/clovis-two-bed-one-bath-600-mo/6966891690.html,2019-08-28,18:38,$600,Clovis,True,None,2,720ft2
New_Mexico,clovis,clovis,apa,6966855188,None,"Business Center, 24 Hour Fitness Center, Flooring Upgrades, Garages",https://clovis.craigslist.org/apa/d/clovis-business-center-24-hour-fitness/6966855188.html,2019-08-28,17:31,$1019,Clovis NM,True,None,2,984ft2
New_Mexico,clovis,clovis,apa,6955728245,6253895793,1 Bedroom Apartment,https://clovis.craigslist.org/apa/d/1-bedroom-apartment/6955728245.html,2019-08-28,14:33,$500,"Clovis, NM",True,None,1,None
New_Mexico,clovis,clovis,apa,6966596936,None,In house gym for residents!!,https://clovis.craigslist.org/apa/d/clovis-in-house-gym-for-residents/6966596936.html,2019-08-28,12:03,$1019,Clovis NM,True,None,2,984ft2
New_Mexico,clovis,clovis,apa,6966469879,None,1122 W. Fir #3,https://clovis.craigslist.org/apa/d/portales-1122-fir-3/6966469879.html,2019-08-28,09:46,$400,None,False,None,1,None
New_Mexico,clovis,clovis,apa,6966411848,None,"Garages, Energy efficient Appliances, Gas & BBQ Grills, Tech Ready",https://clovis.craigslist.org/apa/d/clovis-garages-energy-efficient/6966411848.html,2019-08-28,08:40,$1019,Clovis NM,True,None,2,984ft2
New_Mexico,clovis,clovis,apa,6966398838,None,Your new home can be at Windy Plains!,https://clovis.craigslist.org/apa/d/clovis-your-new-home-can-be-at-windy/6966398838.html,2019-08-28,08:34,$930,Clovis,True,None,4,1390ft2
New_Mexico,clovis,clovis,apa,6966117205,None,"Controlled entry Community, Sleek Appliances, Handicap Accessible",https://clovis.craigslist.org/apa/d/clovis-controlled-entry-community-sleek/6966117205.html,2019-08-27,17:24,$1019,Clovis NM,True,None,2,984ft2
New_Mexico,clovis,clovis,apa,6966088214,None,"9 foot Ceilings, Full size Washer/Dryer, Handicap Accessible, Garages",https://clovis.craigslist.org/apa/d/clovis-9-foot-ceilings-full-size-washer/6966088214.html,2019-08-27,16:40,$1019,Clovis NM,True,None,2,984ft2
New_Mexico,clovis,clovis,apa,6965661762,None,"Spacious 2 Story, 4 Bedroom Rental Homes at Windy Plains!",https://clovis.craigslist.org/apa/d/clovis-spacious-2-story-4-bedroom/6965661762.html,2019-08-27,08:55,$930,Clovis,True,None,4,1390ft2
New_Mexico,clovis,clovis,apa,6965670244,None,Beautiful 2 bedroom 2 bath!,https://clovis.craigslist.org/apa/d/clovis-beautiful-2-bedroom-2-bath/6965670244.html,2019-08-27,08:44,$1019,Clovis NM,True,None,2,989ft2
New_Mexico,clovis,clovis,apa,6965331922,None,Great Rental Specials! Move in now.,https://clovis.craigslist.org/apa/d/clovis-great-rental-specials-move-in-now/6965331922.html,2019-08-26,16:31,$1019,Clovis,True,None,2,984ft2
New_Mexico,clovis,clovis,apa,6965219870,None,Move your family into our beautiful community.,https://clovis.craigslist.org/apa/d/clovis-move-your-family-into-our/6965219870.html,2019-08-26,14:15,$1019,Clovis,True,None,2,849ft2
New_Mexico,clovis,clovis,apa,6965066925,None,Retire Comfortably,https://clovis.craigslist.org/apa/d/friona-retire-comfortably/6965066925.html,2019-08-26,11:42,$1,"Friona, TX",True,None,1,450ft2
New_Mexico,clovis,clovis,apa,6965061501,None,Medicaid Can Cover Your Apartment,https://clovis.craigslist.org/apa/d/friona-medicaid-can-cover-your-apartment/6965061501.html,2019-08-26,11:38,$1,"Friona, TX",True,None,1,450ft2
New_Mexico,clovis,clovis,apa,6964948847,None,Monthly Specials!,https://clovis.craigslist.org/apa/d/clovis-monthly-specials/6964948847.html,2019-08-26,09:38,$1019,Clovis,True,None,2,984ft2
New_Mexico,clovis,clovis,apa,6964903872,None,Make Windy Plains your new home!,https://clovis.craigslist.org/apa/d/clovis-make-windy-plains-your-new-home/6964903872.html,2019-08-26,09:02,$930,Clovis,True,None,4,1390ft2
New_Mexico,clovis,clovis,apa,6946537740,None,3bed room/2bath Property,https://clovis.craigslist.org/apa/d/garita-3bed-room-2bath-property/6946537740.html,2019-08-25,13:49,$1122,Newkirk,False,None,3,1881ft2
New_Mexico,clovis,clovis,apa,6957732184,None,Newly designed 3 bedroom for rent!!,https://clovis.craigslist.org/apa/d/clovis-newly-designed-3-bedroom-for-rent/6957732184.html,2019-08-24,14:36,$700,"Clovis, NM",True,None,3,1612ft2
New_Mexico,clovis,clovis,apa,6963900629,None,"Tech Ready, Pet Friendly, Business Center, Modern Cabinetry, Garages",https://clovis.craigslist.org/apa/d/clovis-tech-ready-pet-friendly-business/6963900629.html,2019-08-24,14:21,$999,Clovis NM,True,None,2,984ft2
New_Mexico,clovis,clovis,apa,6963330542,None,"Energy efficient Appliances, Tech Ready, New Modern Interiors",https://clovis.craigslist.org/apa/d/clovis-energy-efficient-appliances-tech/6963330542.html,2019-08-23,17:27,$999,Clovis NM,True,None,2,989ft2
New_Mexico,clovis,clovis,apa,6963161076,None,"Quiet, gated neighborhood!",https://clovis.craigslist.org/apa/d/clovis-quiet-gated-neighborhood/6963161076.html,2019-08-23,13:47,$999,Clovis NM,True,None,2,989ft2
New_Mexico,clovis,clovis,apa,6962874975,None,"Business Center, Pet Friendly, New Modern Interiors, Garages",https://clovis.craigslist.org/apa/d/clovis-business-center-pet-friendly-new/6962874975.html,2019-08-23,08:43,$999,Clovis NM,True,None,2,989ft2
New_Mexico,clovis,clovis,apa,6962859539,None,Spacious 1390 Sq Ft Rental In Clovis,https://clovis.craigslist.org/apa/d/clovis-spacious-1390-sq-ft-rental-in/6962859539.html,2019-08-23,08:37,$930,Clovis,True,None,4,1390ft2
New_Mexico,clovis,clovis,apa,6962585253,None,"Modern Cabinetry, Handicap Accessible, Sleek Appliances, Garages",https://clovis.craigslist.org/apa/d/clovis-modern-cabinetry-handicap/6962585253.html,2019-08-22,17:27,$999,Clovis NM,True,None,2,989ft2
New_Mexico,clovis,clovis,apa,6962542928,None,"Garages, Business Center, Gas & BBQ Grills, 24 Hour Fitness Center",https://clovis.craigslist.org/apa/d/clovis-garages-business-center-gas-bbq/6962542928.html,2019-08-22,16:21,$999,Clovis NM,True,None,2,989ft2
New_Mexico,clovis,clovis,apa,6962381227,None,"Modern Cabinetry, 24 Hour Fitness Center, Full size Washer/Dryer",https://clovis.craigslist.org/apa/d/clovis-modern-cabinetry-24-hour-fitness/6962381227.html,2019-08-22,13:01,$999,Clovis NM,True,None,2,989ft2
New_Mexico,clovis,clovis,apa,6962143435,None,"Great Bedrooms, Business Center, Full size Washer/Dryer, Tech Ready",https://clovis.craigslist.org/apa/d/clovis-great-bedrooms-business-center/6962143435.html,2019-08-22,08:41,$999,Clovis NM,True,None,2,989ft2
New_Mexico,clovis,clovis,apa,6962127442,None,Call Windy Plains Your New Home!,https://clovis.craigslist.org/apa/d/clovis-call-windy-plains-your-new-home/6962127442.html,2019-08-22,08:38,$1000,Clovis,True,None,4,1390ft2
New_Mexico,clovis,clovis,apa,6961780445,None,Storage Available and Pet Friendly!,https://clovis.craigslist.org/apa/d/clovis-storage-available-and-pet/6961780445.html,2019-08-21,15:46,$999,Clovis NM,True,None,2,984ft2
New_Mexico,clovis,clovis,apa,6961520655,None,Great area!!,https://clovis.craigslist.org/apa/d/clovis-great-area/6961520655.html,2019-08-21,10:57,$999,Clovis NM,True,None,2,984ft2
New_Mexico,clovis,clovis,apa,6961388246,None,Homes Available in the Mesa School District,https://clovis.craigslist.org/apa/d/clovis-homes-available-in-the-mesa/6961388246.html,2019-08-21,08:42,$1000,Clovis,True,None,4,1390ft2
New_Mexico,clovis,clovis,apa,6961097226,None,"Great Bedrooms, Sleek Appliances, Garages, Tech Ready, Pool and Spa",https://clovis.craigslist.org/apa/d/clovis-great-bedrooms-sleek-appliances/6961097226.html,2019-08-20,17:29,$999,Clovis NM,True,None,2,984ft2
New_Mexico,clovis,clovis,apa,6960949488,None,24 Hour Fitness Center for our residents!,https://clovis.craigslist.org/apa/d/clovis-24-hour-fitness-center-for-our/6960949488.html,2019-08-20,14:14,$999,Clovis NM,True,None,2,984ft2
New_Mexico,clovis,clovis,apa,6960614914,None,"Spacious 2 Story, 4 Bedroom Rental Homes at Windy Plains!",https://clovis.craigslist.org/apa/d/clovis-spacious-2-story-4-bedroom/6960614914.html,2019-08-20,08:16,$1000,Clovis,True,None,4,1390ft2
New_Mexico,clovis,clovis,apa,6960609694,None,"Flooring Upgrades, Pool and Spa, 24 Hour Fitness Center, Garages",https://clovis.craigslist.org/apa/d/clovis-flooring-upgrades-pool-and-spa/6960609694.html,2019-08-20,08:09,$999,Clovis NM,True,None,2,984ft2
New_Mexico,clovis,clovis,apa,6960320093,None,Great place to call Home! Great Specials,https://clovis.craigslist.org/apa/d/clovis-great-place-to-call-home-great/6960320093.html,2019-08-19,17:07,$999,Clovis,True,None,2,984ft2
New_Mexico,clovis,clovis,apa,6960233682,None,Lots of Amenities!!!,https://clovis.craigslist.org/apa/d/clovis-lots-of-amenities/6960233682.html,2019-08-19,15:14,$999,Clovis,True,None,2,984ft2
New_Mexico,clovis,clovis,apa,6959919682,None,Full size Washer and Dryer in unit,https://clovis.craigslist.org/apa/d/clovis-full-size-washer-and-dryer-in/6959919682.html,2019-08-19,09:49,$999,Clovis,True,None,None,894ft2
New_Mexico,clovis,clovis,apa,6959850986,None,"Spacious 2 Story, 4 Bedroom Rental Homes at Windy Plains!",https://clovis.craigslist.org/apa/d/clovis-spacious-2-story-4-bedroom/6959850986.html,2019-08-19,08:52,$1000,Clovis,True,None,4,1390ft2
New_Mexico,clovis,clovis,apa,6884910715,6686688568,"Best Tiny Home & RV Park in New Mexico - as low as $235/mo, w/WiFi !!",https://clovis.craigslist.org/apa/d/tucumcari-best-tiny-home-rv-park-in-new/6884910715.html,2019-06-07,17:54,$235,Tucumcari,True,None,None,None
New_Mexico,clovis,clovis,apa,6886008245,6686552153,Studio Apartment w/Real Kitchenette - Includes Utilities and WIFI!!,https://clovis.craigslist.org/apa/d/tucumcari-studio-apartment-real/6886008245.html,2019-06-07,17:53,$350,Tucumcari,True,None,1,None
