Alabama,dothan,dothan,apa,6992112224,6880714760,"""PEANUT PICKIN GOOD"" COME SEE US",https://dothan.craigslist.org/apa/d/dothan-peanut-pickin-good-come-see-us/6992112224.html,2019-10-03,16:59,$695,Dothan,True,None,1,813ft2
Alabama,dothan,dothan,apa,6992114551,6880714760,MOVE IN THIS MONTH!!,https://dothan.craigslist.org/apa/d/dothan-move-in-this-month/6992114551.html,2019-10-03,16:53,$695,Dothan,True,None,1,813ft2
Alabama,dothan,dothan,apa,6992120334,6880694497,WHY PAY EXTENDED STAY PRICES?! MAKE CAMELOT HOME!,https://dothan.craigslist.org/apa/d/dothan-why-pay-extended-stay-prices/6992120334.html,2019-10-03,16:51,$760,DOTHAN,True,None,2,960ft2
Alabama,dothan,dothan,apa,6992063978,None,$1040 / 1365ft2 - FALL IN LOVE AT AVENUE 29 - NEW LOW PRICES,https://dothan.craigslist.org/apa/d/tallahassee-ft2-fall-in-love-at-avenue/6992063978.html,2019-10-03,15:38,$1040,Tallahassee,True,None,None,None
Alabama,dothan,dothan,apa,6992054109,None,2 Bedroom 1 Bathroom for $630,https://dothan.craigslist.org/apa/d/dothan-2-bedroom-1-bathroom-for-630/6992054109.html,2019-10-03,15:26,$630,"Northside-Dothan, AL",True,None,2,960ft2
Alabama,dothan,dothan,apa,6970729308,6873247047,‼️Warning‼️ Pointe South Mobile Home Park,https://dothan.craigslist.org/apa/d/dothan-warning-pointe-south-mobile-home/6970729308.html,2019-10-03,13:36,$0,Dothan Alabama,False,None,None,None
Alabama,dothan,dothan,apa,6991929751,6880714760,NO ADMIN FEE! APPLY TODAY!,https://dothan.craigslist.org/apa/d/dothan-no-admin-fee-apply-today/6991929751.html,2019-10-03,13:25,$760,Dothan,True,None,2,960ft2
Alabama,dothan,dothan,apa,6991901704,6880714760,NO ADMIN FEE! APPLY TODAY!,https://dothan.craigslist.org/apa/d/dothan-no-admin-fee-apply-today/6991901704.html,2019-10-03,12:57,$785,Dothan,True,None,2,1297ft2
Alabama,dothan,dothan,apa,6991901046,6880714760,"""PEANUT PICKIN GOOD"" COME SEE US",https://dothan.craigslist.org/apa/d/dothan-peanut-pickin-good-come-see-us/6991901046.html,2019-10-03,12:44,$790,Dothan,True,None,2,1297ft2
Alabama,dothan,dothan,apa,6985378281,None,3/1 house for rent Dothan,https://dothan.craigslist.org/apa/d/dothan-3-1-house-for-rent-dothan/6985378281.html,2019-10-03,11:49,$750,Dothan,True,None,3,None
Alabama,dothan,dothan,apa,6991843628,6552539290,102 Anthony Drive #4,https://dothan.craigslist.org/apa/d/enterprise-102-anthony-drive-4/6991843628.html,2019-10-03,11:30,$550,"Enterprise, AL",False,None,2,None
Alabama,dothan,dothan,apa,6991840325,6504921067,112 Autumn Way,https://dothan.craigslist.org/apa/d/enterprise-112-autumn-way/6991840325.html,2019-10-03,11:27,$1500,"Enterprise, AL",False,None,3,None
Alabama,dothan,dothan,apa,6991837834,6691049443,488 Griffith,https://dothan.craigslist.org/apa/d/enterprise-488-griffith/6991837834.html,2019-10-03,11:24,$1250,"Enterprise, AL",False,None,3,None
Alabama,dothan,dothan,apa,6991806502,None,2 Bedroom 1 Bath for $630,https://dothan.craigslist.org/apa/d/dothan-2-bedroom-1-bath-for-630/6991806502.html,2019-10-03,10:50,$630,"Dothan, AL",True,None,2,None
Alabama,dothan,dothan,apa,6991796723,6880714760,READY TO MOVE THIS MONTH?,https://dothan.craigslist.org/apa/d/dothan-ready-to-move-this-month/6991796723.html,2019-10-03,10:46,$810,Dothan,True,None,2,1297ft2
Alabama,dothan,dothan,apa,6970823794,6875259379,1 cama / 1 baño disponible ahora!,https://dothan.craigslist.org/apa/d/milton-1-cama-1-bao-disponible-ahora/6970823794.html,2019-10-03,10:44,$710,Milton,True,None,1,641ft2
Alabama,dothan,dothan,apa,6970824369,6875259379,1 cama / 1 baño disponible ahora!,https://dothan.craigslist.org/apa/d/milton-1-cama-1-bao-disponible-ahora/6970824369.html,2019-10-03,10:44,$710,Milton,True,None,1,641ft2
Alabama,dothan,dothan,apa,6975126135,6875259379,1 dormitorio / 1 baño aplica hoy!,https://dothan.craigslist.org/apa/d/milton-1-dormitorio-1-bao-aplica-hoy/6975126135.html,2019-10-03,10:42,$710,Milton,True,None,1,641ft2
Alabama,dothan,dothan,apa,6972686741,6875259379,"¡Una habitación, un baño disponible ahora!",https://dothan.craigslist.org/apa/d/milton-una-habitacin-un-bao-disponible/6972686741.html,2019-10-03,10:39,$710,Milton,True,None,1,641ft2
Alabama,dothan,dothan,apa,6977766934,6875259379,¡Un contrato de arrendamiento de una habitación / un baño ahora!,https://dothan.craigslist.org/apa/d/milton-un-contrato-de-arrendamiento-de/6977766934.html,2019-10-03,10:39,$710,Milton,True,None,1,641ft2
Alabama,dothan,dothan,apa,6970442623,6875259379,1 cama / 1 baño disponible ahora!,https://dothan.craigslist.org/apa/d/milton-1-cama-1-bao-disponible-ahora/6970442623.html,2019-10-03,10:38,$710,Milton,True,None,1,641ft2
Alabama,dothan,dothan,apa,6986849581,4827159584,Like New and Great Price 2 Bedroom Townhome Style,https://dothan.craigslist.org/apa/d/like-new-and-great-price-2-bedroom/6986849581.html,2019-10-03,10:29,$505,Granada Apartments,False,None,2,1163ft2
Alabama,dothan,dothan,apa,6991759632,6880714760,MOVE IN TODAY - TOTALLY RENOVATED,https://dothan.craigslist.org/apa/d/dothan-move-in-today-totally-renovated/6991759632.html,2019-10-03,10:19,$810,Dothan,True,None,2,1297ft2
Alabama,dothan,dothan,apa,6984998728,4825238126,"Beautiful, Clean, and Spacious townhome style Apartment",https://dothan.craigslist.org/apa/d/beautiful-clean-and-spacious-townhome/6984998728.html,2019-10-03,10:18,$640,Granada Apartments,False,None,3,None
Alabama,dothan,dothan,apa,6991762506,6880714760,NO ADMIN FEE! APPLY TODAY!,https://dothan.craigslist.org/apa/d/dothan-no-admin-fee-apply-today/6991762506.html,2019-10-03,10:12,$810,Dothan,True,None,2,1297ft2
Alabama,dothan,dothan,apa,6984999513,4825239502,"$595 Great Floorplan,Clean and Quiet Neighborhood",https://dothan.craigslist.org/apa/d/595-great-floorplanclean-and-quiet/6984999513.html,2019-10-03,10:10,$595,Pointe South Mobile Home Estates Dothan,False,None,2,None
Alabama,dothan,dothan,apa,6990305824,4825239502,"$600 Great Floorplan,Clean and Quiet Neighborhood",https://dothan.craigslist.org/apa/d/600-great-floorplanclean-and-quiet/6990305824.html,2019-10-03,10:09,$600,Pointe South Mobile Home Estates Dothan,False,None,2,None
Alabama,dothan,dothan,apa,6991758401,6880714760,TOTALLY RENOVATED ONE BEDROOM,https://dothan.craigslist.org/apa/d/dothan-totally-renovated-one-bedroom/6991758401.html,2019-10-03,10:09,$695,Dothan,True,None,1,813ft2
Alabama,dothan,dothan,apa,6991759940,6880714760,"""PEANUT PICKIN GOOD"" COME SEE US",https://dothan.craigslist.org/apa/d/dothan-peanut-pickin-good-come-see-us/6991759940.html,2019-10-03,10:07,$810,Dothan,True,None,2,1297ft2
Alabama,dothan,dothan,apa,6991758886,6880714760,FALL IN LOVE WITH YOUR NEW HOME,https://dothan.craigslist.org/apa/d/dothan-fall-in-love-with-your-new-home/6991758886.html,2019-10-03,10:02,$695,Dothan,True,None,2,813ft2
Alabama,dothan,dothan,apa,6991759394,6880714760,SIX (6) MONTH LEASE?? COME SEE US,https://dothan.craigslist.org/apa/d/dothan-six-6-month-lease-come-see-us/6991759394.html,2019-10-03,10:00,$695,Dothan,True,None,1,813ft2
Alabama,dothan,dothan,apa,6976305601,None,Military*Police*Fire DISCOUNTS!,https://dothan.craigslist.org/apa/d/dothan-militarypolicefire-discounts/6976305601.html,2019-10-03,08:27,$595,Dothan,True,None,3,None
Alabama,dothan,dothan,apa,6971889289,6845005120,$595 - $625 3 Bedroom $200 OFF 1ST MONTH RENT!!,https://dothan.craigslist.org/apa/d/dothan-bedroom-200-off-1st-month-rent/6971889289.html,2019-10-03,08:27,$595,"Azalea Place Apartments Dothan, Alabama",True,None,3,None
Alabama,dothan,dothan,apa,6971889609,6850724709,$545 / 2br - $545.00-$560.00 2 Bedroom,https://dothan.craigslist.org/apa/d/dothan-545-2br-bedroom/6971889609.html,2019-10-03,08:27,$0,"Azalea Place Apartments Dothan, Alabama",True,None,2,None
Alabama,dothan,dothan,apa,6991533104,None,Money in hand .. Family in need of houseing in or near Enterprise,https://dothan.craigslist.org/apa/d/enterprise-money-in-hand-family-in-need/6991533104.html,2019-10-02,20:39,$650,Enterprise,False,None,3,None
Alabama,dothan,dothan,apa,6991428370,6880714760,MOVE IN THIS MONTH!!,https://dothan.craigslist.org/apa/d/dothan-move-in-this-month/6991428370.html,2019-10-02,17:43,$695,Dothan,True,None,1,813ft2
Alabama,dothan,dothan,apa,6991422277,6880714760,FALL IN LOVE WITH YOUR NEW HOME,https://dothan.craigslist.org/apa/d/dothan-fall-in-love-with-your-new-home/6991422277.html,2019-10-02,17:31,$695,Dothan,True,None,2,813ft2
Alabama,dothan,dothan,apa,6991423599,6880694497,TOWN HOME AVAILABLE 10/04/2019,https://dothan.craigslist.org/apa/d/dothan-town-home-available/6991423599.html,2019-10-02,17:23,$810,DOTHAN,True,None,2,1297ft2
Alabama,dothan,dothan,apa,6991395975,6880714760,"""PEANUT PICKIN GOOD"" COME SEE US",https://dothan.craigslist.org/apa/d/dothan-peanut-pickin-good-come-see-us/6991395975.html,2019-10-02,16:51,$790,Dothan,True,None,2,1297ft2
Alabama,dothan,dothan,apa,6991393562,4957860197,107 Teal Trail,https://dothan.craigslist.org/apa/d/107-teal-trail/6991393562.html,2019-10-02,16:42,$1200,Dothan,True,None,3,1571ft2
Alabama,dothan,dothan,apa,6991391294,4920431381,"807 McKay #1 Dothan, Al",https://dothan.craigslist.org/apa/d/807-mckay-1-dothan-al/6991391294.html,2019-10-02,16:39,$375,None,True,None,2,None
Alabama,dothan,dothan,apa,6991377961,None,Beautiful Brick Home Available NOW!,https://dothan.craigslist.org/apa/d/blakely-beautiful-brick-home-available/6991377961.html,2019-10-02,16:22,$685,"Blakely, GA",True,None,3,1280ft2
Alabama,dothan,dothan,apa,6991361772,5340451523,820 Shady Lane,https://dothan.craigslist.org/apa/d/820-shady-lane/6991361772.html,2019-10-02,16:02,$1250,Dothan,False,None,3,1955ft2
Alabama,dothan,dothan,apa,6975013142,None,"201 Clark St Columbia, Al",https://dothan.craigslist.org/apa/d/columbia-201-clark-st-columbia-al/6975013142.html,2019-10-02,15:59,$700,None,True,None,3,None
Alabama,dothan,dothan,apa,6983085575,None,"129 Cove Lane Dothan, Al",https://dothan.craigslist.org/apa/d/dothan-129-cove-lane-dothan-al/6983085575.html,2019-10-02,15:59,$725,None,False,None,2,None
Alabama,dothan,dothan,apa,6974986054,None,"116 Bradberry Dr Dothan, Al",https://dothan.craigslist.org/apa/d/dothan-116-bradberry-dr-dothan-al/6974986054.html,2019-10-02,15:58,$1200,None,True,None,3,None
Alabama,dothan,dothan,apa,6975833850,None,7483 S State Hwy 109,https://dothan.craigslist.org/apa/d/slocomb-7483-state-hwy-109/6975833850.html,2019-10-02,15:58,$650,"Slocomb, Al",True,None,3,None
Alabama,dothan,dothan,apa,6974958754,4652606414,"13 E Chadwick Dothan, Al ($99 Move in Special)",https://dothan.craigslist.org/apa/d/13-chadwick-dothan-al-99-move-in-special/6974958754.html,2019-10-02,15:58,$925,None,True,None,3,None
Alabama,dothan,dothan,apa,6973038555,6389604461,"911 Mercury Drive Dothan, Al (99 Move in Special)",https://dothan.craigslist.org/apa/d/dothan-911-mercury-drive-dothan-al-99/6973038555.html,2019-10-02,15:58,$695,None,True,None,4,None
Alabama,dothan,dothan,apa,6975775543,6339544338,506-1 Church St-Ashford,https://dothan.craigslist.org/apa/d/church-st-ashford/6975775543.html,2019-10-02,15:58,$525,None,True,None,2,None
Alabama,dothan,dothan,apa,6974973982,None,"1011 Post Oak Dr Dothan, Al",https://dothan.craigslist.org/apa/d/dothan-1011-post-oak-dr-dothan-al/6974973982.html,2019-10-02,15:58,$650,None,True,None,3,None
Alabama,dothan,dothan,apa,6979952180,None,"102-2 N Pontiac Ave Dothan, Al",https://dothan.craigslist.org/apa/d/dothan-pontiac-ave-dothan-al/6979952180.html,2019-10-02,15:58,$650,None,True,None,2,None
Alabama,dothan,dothan,apa,6971346891,4843861946,"108 Forrest St Geneva, Al (99 Move in Special)",https://dothan.craigslist.org/apa/d/108-forrest-st-geneva-al-99-move-in/6971346891.html,2019-10-02,15:58,$350,Geneva,True,None,2,None
Alabama,dothan,dothan,apa,6978066932,None,805 Memphis St,https://dothan.craigslist.org/apa/d/dothan-805-memphis-st/6978066932.html,2019-10-02,15:58,$600,"Dothan, Al",True,None,3,1000ft2
Alabama,dothan,dothan,apa,6972089341,6352436118,3303 Vista Grande Dr,https://dothan.craigslist.org/apa/d/3303-vista-grande-dr/6972089341.html,2019-10-02,15:58,$800,None,True,None,3,None
Alabama,dothan,dothan,apa,6975837215,None,7455 S State HWY 109,https://dothan.craigslist.org/apa/d/slocomb-7455-state-hwy-109/6975837215.html,2019-10-02,15:58,$550,"SLOCOMB, AL",True,None,2,None
Alabama,dothan,dothan,apa,6985686146,None,209 Pearl St,https://dothan.craigslist.org/apa/d/dothan-209-pearl-st/6985686146.html,2019-10-02,15:58,$850,Dothan,True,None,3,None
Alabama,dothan,dothan,apa,6985753721,None,810 Mandarin Ave,https://dothan.craigslist.org/apa/d/dothan-810-mandarin-ave/6985753721.html,2019-10-02,15:58,$650,Dothan,True,None,3,None
Alabama,dothan,dothan,apa,6986540032,5832598878,229 Fairwood CR,https://dothan.craigslist.org/apa/d/229-fairwood-cr/6986540032.html,2019-10-02,15:58,$595,None,True,None,3,None
Alabama,dothan,dothan,apa,6986541734,None,1003 Dutch St,https://dothan.craigslist.org/apa/d/dothan-1003-dutch-st/6986541734.html,2019-10-02,15:58,$650,"Dothan, Al",True,None,3,None
Alabama,dothan,dothan,apa,6985681939,6972114638,203 Belhaven Dr,https://dothan.craigslist.org/apa/d/dothan-203-belhaven-dr/6985681939.html,2019-10-02,15:58,$1300,Dothan,True,None,3,None
Alabama,dothan,dothan,apa,6972714099,6566598365,107 Naomi Dr,https://dothan.craigslist.org/apa/d/dothan-107-naomi-dr/6972714099.html,2019-10-02,15:58,$495,Dothan,True,None,2,None
Alabama,dothan,dothan,apa,6974997699,None,"485 Sealy Wells Road Cottonwood, Al",https://dothan.craigslist.org/apa/d/cottonwood-485-sealy-wells-road/6974997699.html,2019-10-02,15:58,$575,None,True,None,3,None
Alabama,dothan,dothan,apa,6970575826,None,Home with fenced-in backyard for Rent,https://dothan.craigslist.org/apa/d/dothan-home-with-fenced-in-backyard-for/6970575826.html,2019-10-02,14:58,$1200,"305 Sequoyah, Dothan AL",True,None,3,1582ft2
Alabama,dothan,dothan,apa,6991276083,None,Nice 2 Bedroom MH  in Gated Community,https://dothan.craigslist.org/apa/d/ozark-nice-2-bedroom-mh-in-gated/6991276083.html,2019-10-02,14:19,$550,"Ozark, Alabama",True,None,2,None
Alabama,dothan,dothan,apa,6976600764,6908840637,"We can help you move, easy approval, call us now",https://dothan.craigslist.org/apa/d/daleville-we-can-help-you-move-easy/6976600764.html,2019-10-02,13:30,$795,"Daleville, AL",True,None,3,None
Alabama,dothan,dothan,apa,6989604660,None,This new 3 bedroom home is absolutely beautiful,https://dothan.craigslist.org/apa/d/dothan-this-new-3-bedroom-home-is/6989604660.html,2019-10-02,13:30,$895,"Dothan, AL",True,None,3,None
Alabama,dothan,dothan,apa,6972032829,None,Affordable and Cosy Family House!,https://dothan.craigslist.org/apa/d/dothan-affordable-and-cosy-family-house/6972032829.html,2019-10-02,13:26,$510,dothan,True,None,2,1000ft2
Alabama,dothan,dothan,apa,6982739987,None,BRAND NEW 3 BDRM `HOME WITH FIREPLACE FOR ɌEŊT!,https://dothan.craigslist.org/apa/d/dothan-brand-new-3-bdrm-home-with/6982739987.html,2019-10-02,13:25,$580,dothan,True,None,2,670ft2
Alabama,dothan,dothan,apa,6981496013,None,Single Family in Malone FL- Fenced Yard- $995,https://dothan.craigslist.org/apa/d/malone-single-family-in-malone-fl/6981496013.html,2019-10-02,13:12,$995,"Malone -5419 9th St, FL",True,None,2,1188ft2
Alabama,dothan,dothan,apa,6991189191,6880694497,WHY PAY EXTENDED STAY PRICES?! MAKE CAMELOT HOME!,https://dothan.craigslist.org/apa/d/dothan-why-pay-extended-stay-prices/6991189191.html,2019-10-02,12:45,$790,DOTHAN,True,None,2,1297ft2
Alabama,dothan,dothan,apa,6986160670,6896241532,"Make this your home, available now, just waiting on you",https://dothan.craigslist.org/apa/d/daleville-make-this-your-home-available/6986160670.html,2019-10-02,12:23,$795,"Daleville, AL",True,None,3,None
Alabama,dothan,dothan,apa,6987716603,None,"Here today, gone tomorrow  Spacious layout  Ideal homes & prices",https://dothan.craigslist.org/apa/d/dothan-here-today-gone-tomorrow/6987716603.html,2019-10-02,12:22,$895,"Dothan, AL",True,None,3,None
Alabama,dothan,dothan,apa,6991161533,None,601 MITCHELL ST.,https://dothan.craigslist.org/apa/d/headland-601-mitchell-st/6991161533.html,2019-10-02,12:16,$725,HEADLAND,True,None,3,None
Alabama,dothan,dothan,apa,6986235388,4825239502,"$595 Great Floorplan,Clean and Quiet Neighborhood",https://dothan.craigslist.org/apa/d/595-great-floorplanclean-and-quiet/6986235388.html,2019-10-02,10:56,$595,Pointe South Mobile Home Estates Dothan,False,None,2,None
Alabama,dothan,dothan,apa,6986235084,4825239502,"$650 Great Floorplan,Clean and Quiet Neighborhood",https://dothan.craigslist.org/apa/d/650-great-floorplanclean-and-quiet/6986235084.html,2019-10-02,10:37,$650,Pointe South Mobile Home Estates Dothan,False,None,2,None
Alabama,dothan,dothan,apa,6989588370,4825239502,"$600 Great Floorplan,Clean and Quiet Neighborhood",https://dothan.craigslist.org/apa/d/600-great-floorplanclean-and-quiet/6989588370.html,2019-10-02,10:36,$600,Pointe South Mobile Home Estates Dothan,False,None,2,None
Alabama,dothan,dothan,apa,6991057796,None,216 FOXFIRE DR.,https://dothan.craigslist.org/apa/d/dothan-216-foxfire-dr/6991057796.html,2019-10-02,10:26,$1250,DOTHAN,True,None,3,None
Alabama,dothan,dothan,apa,6991035647,6885954590,302 REDBUD CIR,https://dothan.craigslist.org/apa/d/dothan-302-redbud-cir/6991035647.html,2019-10-02,10:01,$1850,DOTHAN,True,None,4,None
Alabama,dothan,dothan,apa,6991034835,5724676869,Weekly Rental Furnished Studio,https://dothan.craigslist.org/apa/d/weekly-rental-furnished-studio/6991034835.html,2019-10-02,10:00,$194,2880 Ross Clark Circle,True,None,None,None
Alabama,dothan,dothan,apa,6975536373,None,107 E. FONTANA CIR.,https://dothan.craigslist.org/apa/d/dothan-107-fontana-cir/6975536373.html,2019-10-02,09:58,$825,DOTHAN,True,None,2,None
Alabama,dothan,dothan,apa,6982072392,3944227462,1821 HAISTEN DR.,https://dothan.craigslist.org/apa/d/dothan-1821-haisten-dr/6982072392.html,2019-10-02,09:58,$750,DOTHAN,True,None,2,1310ft2
Alabama,dothan,dothan,apa,6990997846,6880714760,FALL IN LOVE WITH YOUR NEW HOME,https://dothan.craigslist.org/apa/d/dothan-fall-in-love-with-your-new-home/6990997846.html,2019-10-02,09:34,$750,Dothan,True,None,2,995ft2
Alabama,dothan,dothan,apa,6990999241,6880714760,SIX (6) MONTH LEASE?? COME SEE US,https://dothan.craigslist.org/apa/d/dothan-six-6-month-lease-come-see-us/6990999241.html,2019-10-02,09:21,$790,Dothan,True,None,2,1297ft2
Alabama,dothan,dothan,apa,6990997382,6880714760,NO ADMIN FEE! APPLY TODAY!,https://dothan.craigslist.org/apa/d/dothan-no-admin-fee-apply-today/6990997382.html,2019-10-02,09:18,$790,Dothan,True,None,2,1297ft2
Alabama,dothan,dothan,apa,6990996807,6880714760,MOVE IN THIS MONTH!!,https://dothan.craigslist.org/apa/d/dothan-move-in-this-month/6990996807.html,2019-10-02,09:18,$675,Dothan,True,None,1,813ft2
Alabama,dothan,dothan,apa,6985029936,6901429873,"This home has everything, in a great area, call right now",https://dothan.craigslist.org/apa/d/daleville-this-home-has-everything-in/6985029936.html,2019-10-02,08:18,$795,"Daleville, AL",True,None,3,None
Alabama,dothan,dothan,apa,6987071130,None,"Last Chance, we've got it, tranquaility lives here",https://dothan.craigslist.org/apa/d/last-chance-weve-got-it-tranquaility/6987071130.html,2019-10-02,08:17,$895,"Dothan, AL",True,None,None,None
Alabama,dothan,dothan,apa,6972672089,4889881628,2 & 3 Bedroom Townhomes for Rent,https://dothan.craigslist.org/apa/d/2-3-bedroom-townhomes-for-rent/6972672089.html,2019-10-02,06:19,$505,Dothan,True,None,None,None
Alabama,dothan,dothan,apa,6972671881,4889882404,$330 1&2 Bedroom Apts available now!,https://dothan.craigslist.org/apa/d/bedroom-apts-available-now/6972671881.html,2019-10-02,06:19,$330,Enterprise/Daleville,True,None,2,None
Alabama,dothan,dothan,apa,6976869494,4889880331,1&2 Bedroom Apts available now!,https://dothan.craigslist.org/apa/d/12-bedroom-apts-available-now/6976869494.html,2019-10-02,06:19,$360,Headland,True,None,2,None
Alabama,dothan,dothan,apa,6990896035,None,Darling move in ready South Wedge Bungalow. New Kitchen and Bath,https://dothan.craigslist.org/apa/d/dothan-darling-move-in-ready-south/6990896035.html,2019-10-02,03:30,$36301,"dothan, AL",False,None,None,None
Alabama,dothan,dothan,apa,6984023456,4825238126,"Beautiful, Clean, and Spacious townhome style Apartment",https://dothan.craigslist.org/apa/d/beautiful-clean-and-spacious-townhome/6984023456.html,2019-10-01,10:09,$640,Granada Apartments,False,None,3,None
Alabama,dothan,dothan,apa,6990305856,4904400641,2014 Brannon Stand Rd,https://dothan.craigslist.org/apa/d/2014-brannon-stand-rd/6990305856.html,2019-10-01,09:56,$900,Dothan,False,None,3,None
Alabama,dothan,dothan,apa,6986851431,4825239502,"$650 Great Floorplan,Clean and Quiet Neighborhood",https://dothan.craigslist.org/apa/d/650-great-floorplanclean-and-quiet/6986851431.html,2019-10-01,09:55,$650,Pointe South Mobile Home Estates Dothan,False,None,3,None
Alabama,dothan,dothan,apa,6972376418,6535766559,Affordable CLEAN Quiet move in now,https://dothan.craigslist.org/apa/d/graceville-affordable-clean-quiet-move/6972376418.html,2019-10-01,09:48,$500,"Graceville, Hwy77 toward Chipley Pan Cty",True,None,2,700ft2
Alabama,dothan,dothan,apa,6990245899,None,$1040 / 1365ft2 - FALL IN LOVE AT AVENUE 29 - NEW LOW PRICES,https://dothan.craigslist.org/apa/d/tallahassee-ft2-fall-in-love-at-avenue/6990245899.html,2019-10-01,08:36,$1040,Tallahassee,True,None,None,None
Alabama,dothan,dothan,apa,6990192808,None,Nicely remodeled 3 bedroom 2 bathrooms Kinsey Newville sleek Large bed,https://dothan.craigslist.org/apa/d/abbeville-nicely-remodeled-3-bedroom-2/6990192808.html,2019-10-01,08:24,$975,Westville Headland Webb,True,None,3,1491ft2
Alabama,dothan,dothan,apa,6970503099,6917722195,Tiny house,https://dothan.craigslist.org/apa/d/hartford-tiny-house/6970503099.html,2019-09-30,21:07,$650,Hartford,True,None,None,None
Alabama,dothan,dothan,apa,6989991472,None,RENT-TO-OWN,https://dothan.craigslist.org/apa/d/marianna-rent-to-own/6989991472.html,2019-09-30,18:11,$600,"Marianna, FL",True,None,2,745ft2
Alabama,dothan,dothan,apa,6986850294,4825239502,"$595 Great Floorplan,Clean and Quiet Neighborhood",https://dothan.craigslist.org/apa/d/595-great-floorplanclean-and-quiet/6986850294.html,2019-09-30,17:57,$595,Pointe South Mobile Home Estates Dothan,False,None,2,None
Alabama,dothan,dothan,apa,6986850064,4825239502,"$600 Great Floorplan,Clean and Quiet Neighborhood",https://dothan.craigslist.org/apa/d/600-great-floorplanclean-and-quiet/6986850064.html,2019-09-30,17:56,$600,Pointe South Mobile Home Estates Dothan,False,None,2,None
Alabama,dothan,dothan,apa,6979387915,None,"Nice dothan, AL - house for rent",https://dothan.craigslist.org/apa/d/nice-dothan-al-house-for-rent/6979387915.html,2019-09-30,17:52,$745,"dothan, AL",True,None,None,None
Alabama,dothan,dothan,apa,6987137267,None,Currently Available for Rent 1 bedroom & 1 bath apartment,https://dothan.craigslist.org/apa/d/dothan-currently-available-for-rent-1/6987137267.html,2019-09-30,17:52,$770,"dothan, AL",True,None,None,None
Alabama,dothan,dothan,apa,6986035059,4825239502,"$650 Great Floorplan,Clean and Quiet Neighborhood",https://dothan.craigslist.org/apa/d/650-great-floorplanclean-and-quiet/6986035059.html,2019-09-30,17:51,$650,Pointe South Mobile Home Estates Dothan,False,None,2,None
Alabama,dothan,dothan,apa,6978282080,6899795386,Seeing is believing with this home! An unbelievable deal here!,https://dothan.craigslist.org/apa/d/daleville-seeing-is-believing-with-this/6978282080.html,2019-09-30,16:07,$795,"Daleville, AL",True,None,3,None
Alabama,dothan,dothan,apa,6970385157,6875259379,1 cama / 1 baño disponible ahora!,https://dothan.craigslist.org/apa/d/milton-1-cama-1-bao-disponible-ahora/6970385157.html,2019-09-30,12:45,$710,Milton,True,None,1,641ft2
Alabama,dothan,dothan,apa,6989699941,None,MOST BANG FOR YOUR BUCK!!!   3 Bedroom/2 Bath MH in Gated Community,https://dothan.craigslist.org/apa/d/ozark-most-bang-for-your-buck-3-bedroom/6989699941.html,2019-09-30,12:15,$665,"Ozark, Alabama",True,None,3,None
Alabama,dothan,dothan,apa,6989680662,None,"TwO-Bedroom SUITE, Whole 2nd Flr,OwnEntry,FREE parking!",https://dothan.craigslist.org/apa/d/dothan-two-bedroom-suite-whole-2nd/6989680662.html,2019-09-30,12:07,$1150,None,True,None,2,1250ft2
Alabama,dothan,dothan,apa,6989674610,None,Home for rent 3bd/2bath,https://dothan.craigslist.org/apa/d/new-brockton-home-for-rent-3bd-2bath/6989674610.html,2019-09-30,11:49,$1000,New Brockton,True,None,3,None
Alabama,dothan,dothan,apa,6989665732,None,"2 Bedroom 2 Bath MH in Webb, AL",https://dothan.craigslist.org/apa/d/webb-2-bedroom-2-bath-mh-in-webb-al/6989665732.html,2019-09-30,11:39,$450,"Webb, AL",True,None,2,None
Alabama,dothan,dothan,apa,6987142084,4827159584,Like New and Great Price 2 Bedroom Townhome Style,https://dothan.craigslist.org/apa/d/like-new-and-great-price-2-bedroom/6987142084.html,2019-09-30,10:34,$505,Granada Apartments,False,None,2,1163ft2
Alabama,dothan,dothan,apa,6984023153,4827159584,Like New and Great Price 2 Bedroom Townhome Style,https://dothan.craigslist.org/apa/d/like-new-and-great-price-2-bedroom/6984023153.html,2019-09-30,10:33,$505,Granada Apartments,False,None,2,1163ft2
Alabama,dothan,dothan,apa,6984999091,4825239502,"$650 Great Floorplan,Clean and Quiet Neighborhood",https://dothan.craigslist.org/apa/d/650-great-floorplanclean-and-quiet/6984999091.html,2019-09-30,10:14,$650,Pointe South Mobile Home Estates Dothan,False,None,2,None
Alabama,dothan,dothan,apa,6989512522,None,$1040 / 1365ft2 - FALL IN LOVE AT AVENUE 29 - NEW LOW PRICES,https://dothan.craigslist.org/apa/d/tallahassee-ft2-fall-in-love-at-avenue/6989512522.html,2019-09-30,08:39,$1040,Tallahassee,True,None,None,None
Alabama,dothan,dothan,apa,6987143475,4825239502,"$600 Great Floorplan,Clean and Quiet Neighborhood",https://dothan.craigslist.org/apa/d/600-great-floorplanclean-and-quiet/6987143475.html,2019-09-29,23:23,$600,Pointe South Mobile Home Estates Dothan,False,None,2,None
Alabama,dothan,dothan,apa,6984023766,4825239502,"$650 Great Floorplan,Clean and Quiet Neighborhood",https://dothan.craigslist.org/apa/d/650-great-floorplanclean-and-quiet/6984023766.html,2019-09-29,23:20,$650,Pointe South Mobile Home Estates Dothan,False,None,2,None
Alabama,dothan,dothan,apa,6984024382,4825239502,"$595 Great Floorplan,Clean and Quiet Neighborhood",https://dothan.craigslist.org/apa/d/595-great-floorplanclean-and-quiet/6984024382.html,2019-09-29,23:19,$595,Pointe South Mobile Home Estates Dothan,False,None,2,None
Alabama,dothan,dothan,apa,6987143894,4825239502,"$595 Great Floorplan,Clean and Quiet Neighborhood",https://dothan.craigslist.org/apa/d/595-great-floorplanclean-and-quiet/6987143894.html,2019-09-29,23:18,$595,Pointe South Mobile Home Estates Dothan,False,None,2,None
Alabama,dothan,dothan,apa,6989383848,5111568145,2BD/1Bth Duplex Apt Cent H/Air,https://dothan.craigslist.org/apa/d/2bd-1bth-duplex-apt-cent-air/6989383848.html,2019-09-29,22:06,$485,Ozark,False,None,None,None
Alabama,dothan,dothan,apa,6989208802,None,"Reserve 4 BDRM House 4/2 block to DU. Available mid SEP 2019 WIFI, Ne",https://dothan.craigslist.org/apa/d/troy-reserve-4-bdrm-house-4-2-block-to/6989208802.html,2019-09-29,16:07,$900,"Troy, AL",True,None,4,2289ft2
Alabama,dothan,dothan,apa,6974448835,None,Custom Brick Home For Rent,https://dothan.craigslist.org/apa/d/bonifay-custom-brick-home-for-rent/6974448835.html,2019-09-28,22:00,$1500,Bonifay,True,None,3,2000ft2
Alabama,dothan,dothan,apa,6984397725,6928492848,¡Llama hoy! Ven a hacer un tour con nosotros!,https://dothan.craigslist.org/apa/d/crestview-llama-hoy-ven-hacer-un-tour/6984397725.html,2019-09-27,16:23,$893,CRESTVIEW,False,None,2,895ft2
Alabama,dothan,dothan,apa,6987877431,None,Completely move-in ready!,https://dothan.craigslist.org/apa/d/dothan-completely-move-in-ready/6987877431.html,2019-09-27,14:25,$800,"330 Brushfire Dr, Dothan, AL",True,None,3,1500ft2
Alabama,dothan,dothan,apa,6987886483,6910376378,Lavish Living at an Affordable Cost! The Park at Ashburn,https://dothan.craigslist.org/apa/d/dothan-lavish-living-at-an-affordable/6987886483.html,2019-09-27,14:22,$750,Dothan,False,None,1,649ft2
Alabama,dothan,dothan,apa,6987851281,None,"705 S Edgewood Drive Dothan, AL 36301",https://dothan.craigslist.org/apa/d/dothan-705-edgewood-drive-dothan-al/6987851281.html,2019-09-27,13:43,$500,Dothan,True,None,2,None
Alabama,dothan,dothan,apa,6987752554,6910376378,Lavish Living at an Affordable Cost! The Park at Ashburn,https://dothan.craigslist.org/apa/d/dothan-lavish-living-at-an-affordable/6987752554.html,2019-09-27,11:55,$750,Dothan,False,None,1,649ft2
Alabama,dothan,dothan,apa,6987733927,6691007818,114.5 Magnolia Circle,https://dothan.craigslist.org/apa/d/enterprise-1145-magnolia-circle/6987733927.html,2019-09-27,11:36,$1275,"Enterprise, AL",False,None,3,None
Alabama,dothan,dothan,apa,6987654321,5724676869,Weekly Rental Furnished Studio,https://dothan.craigslist.org/apa/d/weekly-rental-furnished-studio/6987654321.html,2019-09-27,10:11,$194,2880 Ross Clark Circle,True,None,None,None
Alabama,dothan,dothan,apa,6987608752,None,$1040 / 1365ft2 - FALL IN LOVE AT AVENUE 29 - NEW LOW PRICES,https://dothan.craigslist.org/apa/d/tallahassee-ft2-fall-in-love-at-avenue/6987608752.html,2019-09-27,09:17,$1040,Tallahassee,True,None,None,None
Alabama,dothan,dothan,apa,6987569772,None,Apt for rent,https://dothan.craigslist.org/apa/d/newton-apt-for-rent/6987569772.html,2019-09-27,08:21,$600,None,False,None,1,None
Alabama,dothan,dothan,apa,6987483232,6910417951,We have 5 amazing floor plans to choose from!,https://dothan.craigslist.org/apa/d/dothan-we-have-5-amazing-floor-plans-to/6987483232.html,2019-09-27,00:29,$860,Dothan,False,None,2,None
Alabama,dothan,dothan,apa,6987166053,None,"303 Tara Drive Dothan, AL 36301",https://dothan.craigslist.org/apa/d/dothan-303-tara-drive-dothan-al-36301/6987166053.html,2019-09-26,14:33,$575,Dothan,True,None,2,None
Alabama,dothan,dothan,apa,6979742441,6946413488,"748 East Selma Street Dothan, AL 36301",https://dothan.craigslist.org/apa/d/dothan-748-east-selma-street-dothan-al/6979742441.html,2019-09-26,14:24,$595,Dothan,True,None,2,None
Alabama,dothan,dothan,apa,6979749233,None,Rucker's Landing Apartments,https://dothan.craigslist.org/apa/d/daleville-ruckers-landing-apartments/6979749233.html,2019-09-26,14:24,$490750,Daleville,True,None,3,None
Alabama,dothan,dothan,apa,6979752524,None,Eastgate Landing Apartments,https://dothan.craigslist.org/apa/d/ozark-eastgate-landing-apartments/6979752524.html,2019-09-26,14:24,$475495,Ozark,True,None,2,None
Alabama,dothan,dothan,apa,6968840246,None,1 Bedroom Apartment for Rent,https://dothan.craigslist.org/apa/d/dothan-1-bedroom-apartment-for-rent/6968840246.html,2019-09-26,13:47,$745,"dothan, AL",True,None,1,550ft2
Alabama,dothan,dothan,apa,6975762845,None,"Cyber cafe, Granite-style counter tops, Outside storage",https://dothan.craigslist.org/apa/d/dothan-cyber-cafe-granite-style-counter/6975762845.html,2019-09-26,11:47,$947,None,True,None,1,797ft2
Alabama,dothan,dothan,apa,6986899158,None,$1040 / 1365ft2 - FALL IN LOVE AT AVENUE 29 - NEW LOW PRICES,https://dothan.craigslist.org/apa/d/tallahassee-ft2-fall-in-love-at-avenue/6986899158.html,2019-09-26,09:21,$1040,Tallahassee,True,None,None,None
Alabama,dothan,dothan,apa,6972686313,None,"Washer & dryer included, 24-hour fitness center, Garages",https://dothan.craigslist.org/apa/d/dothan-washer-dryer-included-24-hour/6972686313.html,2019-09-26,07:39,$995,None,True,None,1,797ft2
Alabama,dothan,dothan,apa,6967839405,None,"Garages, Cabana with outdoor fireplace and kitchen, Oversized closets",https://dothan.craigslist.org/apa/d/dothan-garages-cabana-with-outdoor/6967839405.html,2019-09-26,05:37,$937,None,True,None,1,797ft2
Alabama,dothan,dothan,apa,6965987770,None,"“popular gray” wall color, Linen closets, Car care area",https://dothan.craigslist.org/apa/d/dothan-popular-gray-wall-color-linen/6965987770.html,2019-09-26,03:28,$1306,None,True,None,1,943ft2
Alabama,dothan,dothan,apa,6965836737,None,"Resort style pool with sunshelf, “popular gray” wall color, Garages",https://dothan.craigslist.org/apa/d/dothan-resort-style-pool-with-sunshelf/6965836737.html,2019-09-26,01:15,$1306,None,True,None,1,943ft2
Alabama,dothan,dothan,apa,6975561053,None,"2"" faux wood blinds, Granite-style counter tops, Oversized closets",https://dothan.craigslist.org/apa/d/dothan-2-faux-wood-blinds-granite-style/6975561053.html,2019-09-25,23:07,$947,None,True,None,1,797ft2
Alabama,dothan,dothan,apa,6975093781,None,"Linen closets, 2"" faux wood blinds, Granite-style counter tops",https://dothan.craigslist.org/apa/d/dothan-linen-closets-2-faux-wood-blinds/6975093781.html,2019-09-25,21:03,$947,None,True,None,1,797ft2
Alabama,dothan,dothan,apa,6984998374,4827159584,Like New and Great Price 2 Bedroom Townhome Style,https://dothan.craigslist.org/apa/d/like-new-and-great-price-2-bedroom/6984998374.html,2019-09-25,19:52,$505,Granada Apartments,False,None,2,1163ft2
Alabama,dothan,dothan,apa,6986665627,4825238126,"Beautiful, Clean, and Spacious townhome style Apartment",https://dothan.craigslist.org/apa/d/beautiful-clean-and-spacious-townhome/6986665627.html,2019-09-25,19:29,$640,Granada Apartments,False,None,3,None
Alabama,dothan,dothan,apa,6973048499,None,"Wood-style flooring, Separate dining rooms, Oversized closets",https://dothan.craigslist.org/apa/d/dothan-wood-style-flooring-separate/6973048499.html,2019-09-25,19:01,$995,None,True,None,1,797ft2
Alabama,dothan,dothan,apa,6965768913,None,"“popular gray” wall color, Granite-style counter tops, Car care area",https://dothan.craigslist.org/apa/d/dothan-popular-gray-wall-color-granite/6965768913.html,2019-09-25,16:53,$874,None,True,None,1,673ft2
Alabama,dothan,dothan,apa,6986416856,None,Nice 4 Bedroom/2 Bath House,https://dothan.craigslist.org/apa/d/dothan-nice-4-bedroom-2-bath-house/6986416856.html,2019-09-25,13:40,$695,"Dothan, AL",True,None,4,None
Alabama,dothan,dothan,apa,6986397021,None,"Newly refurbished 3 bedroom MH in Small, Gated Park",https://dothan.craigslist.org/apa/d/ozark-newly-refurbished-3-bedroom-mh-in/6986397021.html,2019-09-25,13:19,$575,"Ozark, AL",True,None,3,None
Alabama,dothan,dothan,apa,6986364332,None,"Very Nice 3 Bedroom/2 Bath MH in Small, Gated Park",https://dothan.craigslist.org/apa/d/ozark-very-nice-3-bedroom-2-bath-mh-in/6986364332.html,2019-09-25,12:44,$665,"Ozark, AL",True,None,3,None
Alabama,dothan,dothan,apa,6986350053,None,Cute 3 Bedroom Cottage,https://dothan.craigslist.org/apa/d/dothan-cute-3-bedroom-cottage/6986350053.html,2019-09-25,12:29,$675,"Dothan, AL",False,None,3,None
Alabama,dothan,dothan,apa,6986234368,4827159584,Like New and Great Price 2 Bedroom Townhome Style,https://dothan.craigslist.org/apa/d/like-new-and-great-price-2-bedroom/6986234368.html,2019-09-25,11:15,$505,Granada Apartments,False,None,2,1163ft2
Alabama,dothan,dothan,apa,6986239927,None,201 Wakefield,https://dothan.craigslist.org/apa/d/enterprise-201-wakefield/6986239927.html,2019-09-25,10:32,$900,ENTERPRISE,True,None,None,None
Alabama,dothan,dothan,apa,6986234725,4825238126,"Beautiful, Clean, and Spacious townhome style Apartment",https://dothan.craigslist.org/apa/d/beautiful-clean-and-spacious-townhome/6986234725.html,2019-09-25,10:26,$640,Granada Apartments,False,None,3,None
Alabama,dothan,dothan,apa,6986034768,4827159584,Like New and Great Price 2 Bedroom Townhome Style,https://dothan.craigslist.org/apa/d/like-new-and-great-price-2-bedroom/6986034768.html,2019-09-24,23:46,$505,Granada Apartments,False,None,2,1163ft2
Alabama,dothan,dothan,apa,6986035275,4825239502,"$595 Great Floorplan,Clean and Quiet Neighborhood",https://dothan.craigslist.org/apa/d/595-great-floorplanclean-and-quiet/6986035275.html,2019-09-24,23:37,$595,Pointe South Mobile Home Estates Dothan,False,None,2,None
Alabama,dothan,dothan,apa,6986034883,4825238126,"Beautiful, Clean, and Spacious townhome style Apartment",https://dothan.craigslist.org/apa/d/beautiful-clean-and-spacious-townhome/6986034883.html,2019-09-24,23:35,$640,Granada Apartments,False,None,3,None
Alabama,dothan,dothan,apa,6985856830,6883348040,53 Micheal Lane,https://dothan.craigslist.org/apa/d/enterprise-53-micheal-lane/6985856830.html,2019-09-24,17:13,$1300,"Coffee County,Al",False,None,None,None
Alabama,dothan,dothan,apa,6985749687,6395623267,205 E Emerald Drive,https://dothan.craigslist.org/apa/d/enterprise-205-emerald-drive/6985749687.html,2019-09-24,15:11,$850,"Enterprise, AL",True,None,3,1025ft2
Alabama,dothan,dothan,apa,6985747806,6901148038,67 County Road 276,https://dothan.craigslist.org/apa/d/enterprise-67-county-road-276/6985747806.html,2019-09-24,14:56,$1150,ENTERPRISE,False,None,3,None
Alabama,dothan,dothan,apa,6985742251,6861435032,208 Omega Circle,https://dothan.craigslist.org/apa/d/enterprise-208-omega-circle/6985742251.html,2019-09-24,14:50,$1200,Enterprise,False,None,None,None
Alabama,dothan,dothan,apa,6985735601,6845903888,161 Scotty Lane,https://dothan.craigslist.org/apa/d/enterprise-161-scotty-lane/6985735601.html,2019-09-24,14:42,$1200,Enterprise,False,None,None,1550ft2
Alabama,dothan,dothan,apa,6985729170,6551918588,183 County Road 739,https://dothan.craigslist.org/apa/d/enterprise-183-county-road-739/6985729170.html,2019-09-24,14:35,$1300,"Enterprise, AL",True,None,3,None
Alabama,dothan,dothan,apa,6985717517,6853456424,203 Aaron Drive,https://dothan.craigslist.org/apa/d/enterprise-203-aaron-drive/6985717517.html,2019-09-24,14:22,$1400,"Enterprise,Al",False,None,None,None
Alabama,dothan,dothan,apa,6985707345,6936175821,2 Cottage Ave,https://dothan.craigslist.org/apa/d/enterprise-2-cottage-ave/6985707345.html,2019-09-24,14:11,$1450,ENTERPRISE,False,None,3,None
Alabama,dothan,dothan,apa,6985704642,6952237477,201 Copper Cove,https://dothan.craigslist.org/apa/d/enterprise-201-copper-cove/6985704642.html,2019-09-24,14:08,$1650,ENTERPRISE,True,None,3,None
Alabama,dothan,dothan,apa,6964998146,None,"Granite-style counter tops, Cyber cafe, Garages",https://dothan.craigslist.org/apa/d/dothan-granite-style-counter-tops-cyber/6964998146.html,2019-09-24,10:49,$874,None,True,None,1,673ft2
Alabama,dothan,dothan,apa,6977180591,None,Mobile Home - Needs work,https://dothan.craigslist.org/apa/d/chipley-mobile-home-needs-work/6977180591.html,2019-09-24,09:48,$350,"Chipley, FL",True,None,2,None
Alabama,dothan,dothan,apa,6985453350,None,$1040 / 1365ft2 - FALL IN LOVE AT AVENUE 29 - NEW LOW PRICES,https://dothan.craigslist.org/apa/d/tallahassee-ft2-fall-in-love-at-avenue/6985453350.html,2019-09-24,09:41,$1040,Tallahassee,True,None,None,None
Alabama,dothan,dothan,apa,6985313007,None,Private driveway fits up to 2 cars.,https://dothan.craigslist.org/apa/d/dothan-private-driveway-fits-up-to-2/6985313007.html,2019-09-24,02:23,$0,None,False,None,None,None
Alabama,dothan,dothan,apa,6985019716,None,215 Glenwood Apt.,https://dothan.craigslist.org/apa/d/enterprise-215-glenwood-apt/6985019716.html,2019-09-23,15:26,$550,"Enterprise,al",True,None,2,956ft2
Alabama,dothan,dothan,apa,6964936685,None,"“popular gray” wall color, Linen closets, Granite-style counter tops",https://dothan.craigslist.org/apa/d/dothan-popular-gray-wall-color-linen/6964936685.html,2019-09-23,12:10,$874,None,True,None,1,673ft2
Alabama,dothan,dothan,apa,6965734847,6229283537,130 CORAL LANE,https://dothan.craigslist.org/apa/d/dothan-130-coral-lane/6965734847.html,2019-09-23,10:37,$950,DOTHAN,True,None,3,1496ft2
Alabama,dothan,dothan,apa,6964987442,4825238126,"Beautiful, Clean, and Spacious townhome style Apartment",https://dothan.craigslist.org/apa/d/beautiful-clean-and-spacious-townhome/6964987442.html,2019-09-23,10:36,$640,Granada Apartments,False,None,3,None
Alabama,dothan,dothan,apa,6964987721,4827159584,Like New and Great Price 2 Bedroom Townhome Style,https://dothan.craigslist.org/apa/d/like-new-and-great-price-2-bedroom/6964987721.html,2019-09-23,10:33,$505,Granada Apartments,False,None,2,1163ft2
Alabama,dothan,dothan,apa,6964986686,4825239502,"$650 Great Floorplan,Clean and Quiet Neighborhood",https://dothan.craigslist.org/apa/d/650-great-floorplanclean-and-quiet/6964986686.html,2019-09-23,10:27,$650,Pointe South Mobile Home Estates Dothan,False,None,2,None
Alabama,dothan,dothan,apa,6964987033,4825239502,"$595 Great Floorplan,Clean and Quiet Neighborhood",https://dothan.craigslist.org/apa/d/595-great-floorplanclean-and-quiet/6964987033.html,2019-09-23,10:27,$595,Pointe South Mobile Home Estates Dothan,False,None,2,None
Alabama,dothan,dothan,apa,6984666492,5724676869,Weekly Rental Furnished Studio,https://dothan.craigslist.org/apa/d/weekly-rental-furnished-studio/6984666492.html,2019-09-23,09:22,$194,2880 Ross Clark Circle,True,None,None,None
Alabama,dothan,dothan,apa,6984236125,None,2 bedroom 1 bath house remodeled near Brundidge and troy,https://dothan.craigslist.org/apa/d/brundidge-2-bedroom-1-bath-house/6984236125.html,2019-09-22,14:20,$700,Brundidge,False,None,2,1700ft2
Alabama,dothan,dothan,apa,6965249056,None,"Pet friendly (breed restrictions apply), Bark park, Kitchen pantries",https://dothan.craigslist.org/apa/d/dothan-pet-friendly-breed-restrictions/6965249056.html,2019-09-22,00:22,$874,None,True,None,1,673ft2
Alabama,dothan,dothan,apa,6963239546,None,"Cabana with outdoor fireplace and kitchen, Linen closets, Cyber cafe",https://dothan.craigslist.org/apa/d/dothan-cabana-with-outdoor-fireplace/6963239546.html,2019-09-21,22:12,$874,None,True,None,1,673ft2
Alabama,dothan,dothan,apa,6963274616,None,"Wood-style flooring, 2"" faux wood blinds, Kitchen island bars",https://dothan.craigslist.org/apa/d/dothan-wood-style-flooring-2-faux-wood/6963274616.html,2019-09-21,20:09,$874,None,True,None,1,673ft2
Alabama,dothan,dothan,apa,6966426228,None,/3br-Charming and cozy home//3 bed 2 bath rent in dothan $490,https://dothan.craigslist.org/apa/d/dothan-3br-charming-and-cozy-home-3-bed/6966426228.html,2019-09-21,14:10,$490,None,True,None,None,None
Alabama,dothan,dothan,apa,6983118919,5724676869,Weekly Rental Furnished Studio,https://dothan.craigslist.org/apa/d/weekly-rental-furnished-studio/6983118919.html,2019-09-20,17:48,$194,2880 Ross Clark Circle,True,None,None,None
Alabama,dothan,dothan,apa,6982607542,None,Private driveway + 2 car garage.,https://dothan.craigslist.org/apa/d/dothan-private-driveway-2-car-garage/6982607542.html,2019-09-20,09:01,$0,None,False,None,None,None
Alabama,dothan,dothan,apa,6982653224,None,10526 Country Road 1,https://dothan.craigslist.org/apa/d/enterprise-country-road-1/6982653224.html,2019-09-20,08:55,$1150,ENTERPRISE,True,None,None,None
Alabama,dothan,dothan,apa,6982648926,6766292621,151 S Springview,https://dothan.craigslist.org/apa/d/enterprise-151-springview/6982648926.html,2019-09-20,08:49,$900,"Enterprise, AL",False,None,2,None
Alabama,dothan,dothan,apa,6982636143,6653960081,222 Wakefield Way,https://dothan.craigslist.org/apa/d/enterprise-222-wakefield-way/6982636143.html,2019-09-20,08:30,$1050,"Enterprise, AL",False,None,3,None
Alabama,dothan,dothan,apa,6982629686,6651136342,130 Woodmere Drive,https://dothan.craigslist.org/apa/d/enterprise-130-woodmere-drive/6982629686.html,2019-09-20,08:21,$900,"Enterprise, AL",False,None,2,None
Alabama,dothan,dothan,apa,6982194907,None,Beautiful Brick Home Available NOW!,https://dothan.craigslist.org/apa/d/blakely-beautiful-brick-home-available/6982194907.html,2019-09-19,13:44,$685,"Blakely, GA",True,None,3,1280ft2
Alabama,dothan,dothan,apa,6961597837,None,1703 HAISTEN DR.,https://dothan.craigslist.org/apa/d/dothan-1703-haisten-dr/6961597837.html,2019-09-19,11:15,$1300,DOTHAN,True,None,4,None
Alabama,dothan,dothan,apa,6981670803,None,Mobile Home Lot for Rent!,https://dothan.craigslist.org/apa/d/dothan-mobile-home-lot-for-rent/6981670803.html,2019-09-18,17:45,$200,Dothan,False,None,None,None
Alabama,dothan,dothan,apa,6981522201,6702084388,300 Apache Drive 1D,https://dothan.craigslist.org/apa/d/enterprise-300-apache-drive-1d/6981522201.html,2019-09-18,14:38,$550,"Enterprise, AL",True,None,2,None
Alabama,dothan,dothan,apa,6981458219,6730934084,230 Edith Way,https://dothan.craigslist.org/apa/d/daleville-230-edith-way/6981458219.html,2019-09-18,13:27,$625,"Daleville, AL",True,None,2,None
Alabama,dothan,dothan,apa,6981247538,None,"3BR/ 2BA Mobile Home, private lot near airport",https://dothan.craigslist.org/apa/d/midland-city-3br-2ba-mobile-home/6981247538.html,2019-09-18,09:49,$500,Midland City,True,None,None,None
Alabama,dothan,dothan,apa,6960144312,6841445983,4 BedRoom/2 Bath,https://dothan.craigslist.org/apa/d/abbeville-4-bedroom-2-bath/6960144312.html,2019-09-17,15:55,$1250,"Eufaula, Al",False,None,4,None
Alabama,dothan,dothan,apa,6960622382,None,"Kitchen island bars, Kitchen pantries, Washer & dryer included",https://dothan.craigslist.org/apa/d/dothan-kitchen-island-bars-kitchen/6960622382.html,2019-09-17,13:10,$1022,None,True,None,1,673ft2
Alabama,dothan,dothan,apa,6960944719,None,"Wood-style flooring, Kitchen island bars, Private patios or balconies",https://dothan.craigslist.org/apa/d/dothan-wood-style-flooring-kitchen/6960944719.html,2019-09-17,10:49,$969,None,True,None,1,673ft2
Alabama,dothan,dothan,apa,6980542367,6093226197,Homes and trailers for rent -,https://dothan.craigslist.org/apa/d/enterprise-homes-and-trailers-for-rent/6980542367.html,2019-09-17,10:25,$600,Enterprise,False,None,None,None
Alabama,dothan,dothan,apa,6980541355,6047742104,Homes for Rent in Daleville - Enterprise - Newton,https://dothan.craigslist.org/apa/d/enterprise-homes-for-rent-in-daleville/6980541355.html,2019-09-17,10:24,$1,None,False,None,3,2000ft2
Alabama,dothan,dothan,apa,6980540645,6205940719,Home for rent - Enterprise,https://dothan.craigslist.org/apa/d/home-for-rent-enterprise/6980540645.html,2019-09-17,10:23,$1100,None,False,None,4,None
Alabama,dothan,dothan,apa,6980539385,6047742104,Home for Rent in Enterprise,https://dothan.craigslist.org/apa/d/home-for-rent-in-enterprise/6980539385.html,2019-09-17,10:22,$1900,None,False,None,4,3300ft2
Alabama,dothan,dothan,apa,6960301836,None,"Outside storage, Washer & dryer included, Granite-style counter tops",https://dothan.craigslist.org/apa/d/dothan-outside-storage-washer-dryer/6960301836.html,2019-09-17,10:16,$1022,None,True,None,1,673ft2
Alabama,dothan,dothan,apa,6960737060,None,"Resort style pool with sunshelf, Wood-style flooring, Bark park",https://dothan.craigslist.org/apa/d/dothan-resort-style-pool-with-sunshelf/6960737060.html,2019-09-17,00:21,$969,None,True,None,1,673ft2
Alabama,dothan,dothan,apa,6962340136,None,"Bark park, Washer & dryer included, Wood-style flooring",https://dothan.craigslist.org/apa/d/dothan-bark-park-washer-dryer-included/6962340136.html,2019-09-16,22:14,$915,None,True,None,1,797ft2
Alabama,dothan,dothan,apa,6965134039,None,"Cabana with outdoor fireplace and kitchen, Car care area, Bark park",https://dothan.craigslist.org/apa/d/dothan-cabana-with-outdoor-fireplace/6965134039.html,2019-09-16,20:13,$874,None,True,None,1,673ft2
Alabama,dothan,dothan,apa,6960985510,None,"Linen closets, Private patios or balconies, Oversized closets",https://dothan.craigslist.org/apa/d/dothan-linen-closets-private-patios-or/6960985510.html,2019-09-16,18:06,$969,None,True,None,1,673ft2
Alabama,dothan,dothan,apa,6971969621,None,Perfect investment property or adorable starter home in great neighbor,https://dothan.craigslist.org/apa/d/dothan-perfect-investment-property-or/6971969621.html,2019-09-16,14:01,$500,"dothan, AL",True,None,3,None
Alabama,dothan,dothan,apa,6971969305,None,Perfect investment property or adorable starter home in great neighbor,https://dothan.craigslist.org/apa/d/dothan-perfect-investment-property-or/6971969305.html,2019-09-16,14:01,$500,"dothan, AL",True,None,3,None
Alabama,dothan,dothan,apa,6961567275,None,"Oversized closets, Pet friendly (breed restrictions apply), Cyber cafe",https://dothan.craigslist.org/apa/d/dothan-oversized-closets-pet-friendly/6961567275.html,2019-09-16,13:52,$921,None,True,None,1,673ft2
Alabama,dothan,dothan,apa,6979807339,6653982195,172 N Springview Drive,https://dothan.craigslist.org/apa/d/enterprise-172-springview-drive/6979807339.html,2019-09-16,10:48,$850,"Enterprise, AL",True,None,3,None
Alabama,dothan,dothan,apa,6979799149,6703733576,260 Windsor Gardens,https://dothan.craigslist.org/apa/d/enterprise-260-windsor-gardens/6979799149.html,2019-09-16,10:39,$1250,"Enterprise, AL",True,None,3,None
Alabama,dothan,dothan,apa,6962410488,None,Rent $525-$575 Now Available,https://dothan.craigslist.org/apa/d/geneva-rent-now-available/6962410488.html,2019-09-16,10:25,$0,Geneva,False,None,None,None
Alabama,dothan,dothan,apa,6979768099,5724676869,Weekly Rental Furnished Studio,https://dothan.craigslist.org/apa/d/weekly-rental-furnished-studio/6979768099.html,2019-09-16,10:05,$194,2880 Ross Clark Circle,True,None,None,None
Alabama,dothan,dothan,apa,6958614241,None,"Separate dining rooms, Resort style pool with sunshelf, Bark park",https://dothan.craigslist.org/apa/d/dothan-separate-dining-rooms-resort/6958614241.html,2019-09-16,09:36,$1076,None,True,None,1,673ft2
Alabama,dothan,dothan,apa,6958725641,None,"Tile backsplash, Kitchen island bars, 24-hour fitness center",https://dothan.craigslist.org/apa/d/dothan-tile-backsplash-kitchen-island/6958725641.html,2019-09-15,19:44,$1076,None,True,None,1,673ft2
Alabama,dothan,dothan,apa,6972999243,6964660715,Large Country Home for Rent,https://dothan.craigslist.org/apa/d/perote-large-country-home-for-rent/6972999243.html,2019-09-14,21:13,$725,"Banks/Troy, Alabama",True,None,3,1900ft2
Alabama,dothan,dothan,apa,6978889101,None,Close to Rucker,https://dothan.craigslist.org/apa/d/enterprise-close-to-rucker/6978889101.html,2019-09-14,18:29,$650,Enterprise,True,None,3,1133ft2
Alabama,dothan,dothan,apa,6957949394,None,"Kitchen island bars, Wood-style flooring, Separate dining rooms",https://dothan.craigslist.org/apa/d/dothan-kitchen-island-bars-wood-style/6957949394.html,2019-09-14,13:30,$1152,None,True,None,1,797ft2
Alabama,dothan,dothan,apa,6978386558,None,"3 Bedroom, 2.5 bath Townhouse for  Rent",https://dothan.craigslist.org/apa/d/enterprise-3-bedroom-25-bath-townhouse/6978386558.html,2019-09-14,07:05,$875,Enterprise,True,None,3,1475ft2
Alabama,dothan,dothan,apa,6957421205,None,"Separate dining rooms, Wood-style flooring, Kitchen pantries",https://dothan.craigslist.org/apa/d/dothan-separate-dining-rooms-wood-style/6957421205.html,2019-09-14,04:47,$1403,None,True,None,1,943ft2
Alabama,dothan,dothan,apa,6957539280,None,"Kitchen pantries, Cabana with outdoor fireplace and kitchen, Garages",https://dothan.craigslist.org/apa/d/dothan-kitchen-pantries-cabana-with/6957539280.html,2019-09-13,22:39,$1403,None,True,None,1,943ft2
Alabama,dothan,dothan,apa,6978004547,5724676869,Weekly Rental Furnished Studio,https://dothan.craigslist.org/apa/d/weekly-rental-furnished-studio/6978004547.html,2019-09-13,14:25,$194,2880 Ross Clark Circle,True,None,None,None
Alabama,dothan,dothan,apa,6958225586,None,"Private patios or balconies, Washer & dryer included, Garages",https://dothan.craigslist.org/apa/d/dothan-private-patios-or-balconies/6958225586.html,2019-09-13,13:35,$1115,None,False,None,1,673ft2
Alabama,dothan,dothan,apa,6977623303,4953640567,Windward Terrace Apartments,https://dothan.craigslist.org/apa/d/enterprise-windward-terrace-apartments/6977623303.html,2019-09-13,06:18,$525,Enterprise,True,None,1,None
Alabama,dothan,dothan,apa,6977622662,4953655362,Charleston Townhome,https://dothan.craigslist.org/apa/d/enterprise-charleston-townhome/6977622662.html,2019-09-13,06:15,$1250,Enterprise,True,None,3,None
Alabama,dothan,dothan,apa,6977622444,4953640567,Briarwood Apartments,https://dothan.craigslist.org/apa/d/enterprise-briarwood-apartments/6977622444.html,2019-09-13,06:14,$525,Enterprise,True,None,1,None
Alabama,dothan,dothan,apa,6977622307,5570931354,Briarwood Two Bedroom Apartment,https://dothan.craigslist.org/apa/d/enterprise-briarwood-two-bedroom/6977622307.html,2019-09-13,06:13,$675,507 Briarwood Drive,True,None,2,950ft2
Alabama,dothan,dothan,apa,6956648841,None,"Resort style pool with sunshelf, 2"" faux wood blinds, Bark park",https://dothan.craigslist.org/apa/d/dothan-resort-style-pool-with-sunshelf/6956648841.html,2019-09-12,03:36,$969,None,True,None,1,673ft2
Alabama,dothan,dothan,apa,6976614457,None,Beautiful Brick Home Available NOW!,https://dothan.craigslist.org/apa/d/blakely-beautiful-brick-home-available/6976614457.html,2019-09-11,16:25,$685,"Blakely, GA",True,None,3,1280ft2
Alabama,dothan,dothan,apa,6973573532,None,111 Riverwalk Ct,https://dothan.craigslist.org/apa/d/dothan-111-riverwalk-ct/6973573532.html,2019-09-11,13:13,$1295,Dothan,True,None,3,1885ft2
Alabama,dothan,dothan,apa,6955926160,None,"Washer & dryer included, Cyber cafe, Kitchen island bars",https://dothan.craigslist.org/apa/d/dothan-washer-dryer-included-cyber-cafe/6955926160.html,2019-09-11,07:40,$1022,None,True,None,1,673ft2
Alabama,dothan,dothan,apa,6956587992,None,"Oversized closets, Pet friendly (breed restrictions apply), Bark park",https://dothan.craigslist.org/apa/d/dothan-oversized-closets-pet-friendly/6956587992.html,2019-09-10,23:32,$969,None,True,None,1,673ft2
Alabama,dothan,dothan,apa,6958883773,None,"Garages, Private patios or balconies, Tile backsplash",https://dothan.craigslist.org/apa/d/dothan-garages-private-patios-or/6958883773.html,2019-09-10,19:02,$1076,None,True,None,1,673ft2
Alabama,dothan,dothan,apa,6956535907,None,"Kitchen island bars, Resort style pool with sunshelf, Garages",https://dothan.craigslist.org/apa/d/dothan-kitchen-island-bars-resort-style/6956535907.html,2019-09-10,18:25,$969,None,True,None,1,673ft2
Alabama,dothan,dothan,apa,6975164484,None,Attractive new 3 BR/2 BA in desirable West Dothan neighborhood,https://dothan.craigslist.org/apa/d/dothan-attractive-new-3-br-2-ba-in/6975164484.html,2019-09-09,17:54,$1400,"331 Camberly Ct, Dothan, AL 36301",False,None,3,1324ft2
Alabama,dothan,dothan,apa,6975064139,None,Mobile Home for Rent,https://dothan.craigslist.org/apa/d/eufaula-mobile-home-for-rent/6975064139.html,2019-09-09,15:43,$650,"Eufaula, AL",False,None,2,None
Alabama,dothan,dothan,apa,6973958949,None,Affordable 3B&2Bath Apartment in Dothan,https://dothan.craigslist.org/apa/d/dothan-affordable-3b2bath-apartment-in/6973958949.html,2019-09-08,04:14,$999,"Dothan, AL",True,None,3,None
Alabama,dothan,dothan,apa,6973319729,6649599182,4 Bedroom 2Bath Brick Home--2250 sq ft,https://dothan.craigslist.org/apa/d/headland-4-bedroom-2bath-brick-home-sq/6973319729.html,2019-09-07,07:28,$1100,Headland,True,None,4,2250ft2
Alabama,dothan,dothan,apa,6953181319,5215105999,1307 Judson (99 Move in Special),https://dothan.craigslist.org/apa/d/1307-judson-99-move-in-special/6953181319.html,2019-09-06,16:22,$625,Dothan,True,None,3,1050ft2
Alabama,dothan,dothan,apa,6973015996,5724676869,Weekly Rental Furnished Studio,https://dothan.craigslist.org/apa/d/weekly-rental-furnished-studio/6973015996.html,2019-09-06,16:11,$194,2880 Ross Clark Circle,True,None,None,None
Alabama,dothan,dothan,apa,6973010963,6651076609,179 Concord,https://dothan.craigslist.org/apa/d/enterprise-179-concord/6973010963.html,2019-09-06,16:05,$950,"Enterprise, AL",False,None,2,None
Alabama,dothan,dothan,apa,6972976533,None,3150 ACHEY,https://dothan.craigslist.org/apa/d/enterprise-3150-achey/6972976533.html,2019-09-06,15:24,$850,ENTERPRISE,True,None,2,None
Alabama,dothan,dothan,apa,6972961337,None,307 Candlebrook,https://dothan.craigslist.org/apa/d/enterprise-307-candlebrook/6972961337.html,2019-09-06,15:19,$750,ENTERPRISE,True,None,2,None
Alabama,dothan,dothan,apa,6953267027,None,"Oversized closets, Cyber cafe, Linen closets",https://dothan.craigslist.org/apa/d/dothan-oversized-closets-cyber-cafe/6953267027.html,2019-09-06,14:44,$1074,None,True,None,1,673ft2
Alabama,dothan,dothan,apa,6972935167,6377794490,321 Chickasaw,https://dothan.craigslist.org/apa/d/enterprise-321-chickasaw/6972935167.html,2019-09-06,14:38,$1300,"Enterprise, AL",False,None,4,2520ft2
Alabama,dothan,dothan,apa,6972921651,6523319063,234 Hannah Drive,https://dothan.craigslist.org/apa/d/enterprise-234-hannah-drive/6972921651.html,2019-09-06,14:24,$1600,"Enterprise, AL",False,None,4,2300ft2
Alabama,dothan,dothan,apa,6952915512,5112553084,1903 AZURE DR,https://dothan.craigslist.org/apa/d/1903-azure-dr/6952915512.html,2019-09-06,11:52,$1095,DOTHAN,True,None,3,None
Alabama,dothan,dothan,apa,6952955655,6576639683,117 MIAMI DR,https://dothan.craigslist.org/apa/d/dothan-117-miami-dr/6952955655.html,2019-09-06,11:52,$750,DOTHAN,True,None,3,None
Alabama,dothan,dothan,apa,6972615448,None,Beautiful Brick Home Available NOW!,https://dothan.craigslist.org/apa/d/blakely-beautiful-brick-home-available/6972615448.html,2019-09-06,09:00,$630,"Blakely, GA",True,None,3,1280ft2
Alabama,dothan,dothan,apa,6972614658,None,Beautiful Brick Home Available NOW!,https://dothan.craigslist.org/apa/d/blakely-beautiful-brick-home-available/6972614658.html,2019-09-06,08:59,$685,"Blakely, GA",True,None,3,1280ft2
Alabama,dothan,dothan,apa,6971119663,None,Beautiful Brick Home Available NOW!,https://dothan.craigslist.org/apa/d/blakely-beautiful-brick-home-available/6971119663.html,2019-09-04,08:58,$630,"Blakely, GA",True,None,3,1280ft2
Alabama,dothan,dothan,apa,6971119379,None,Beautiful Brick Home Available NOW!,https://dothan.craigslist.org/apa/d/blakely-beautiful-brick-home-available/6971119379.html,2019-09-04,08:58,$685,"Blakely, GA",True,None,3,1280ft2
Alabama,dothan,dothan,apa,6970624484,6909613448,226 Edith Way,https://dothan.craigslist.org/apa/d/daleville-226-edith-way/6970624484.html,2019-09-03,13:47,$625,"Daleville, AL",False,None,2,None
Alabama,dothan,dothan,apa,6970479125,None,3 1.5 Brick owner finance 754 mo only 3500 down,https://dothan.craigslist.org/apa/d/dothan-3-15-brick-owner-finance-754-mo/6970479125.html,2019-09-03,11:22,$754,105 Whiteoak Cir Dothan Al,True,None,3,1027ft2
Alabama,dothan,dothan,apa,6950815713,None,"Tile backsplash, Car care area, Oversized closets",https://dothan.craigslist.org/apa/d/dothan-tile-backsplash-car-care-area/6950815713.html,2019-09-03,10:58,$1074,None,True,None,1,673ft2
Alabama,dothan,dothan,apa,6970395333,None,3/2 Brick owner finance 839 mo only 4500 down.,https://dothan.craigslist.org/apa/d/dothan-3-2-brick-owner-finance-839-mo/6970395333.html,2019-09-03,09:52,$839,2113 Aberdeen  Dothan Al 36301 off  Coe Dairy rd,True,None,3,1244ft2
Alabama,dothan,dothan,apa,6968215931,6507360854,$99 moves you in!!,https://dothan.craigslist.org/apa/d/dothan-99-moves-you-in/6968215931.html,2019-08-30,17:11,$820,"Dothan, AL",False,None,4,1292ft2
Alabama,dothan,dothan,apa,6968214571,6507360854,$99 moves you in!!,https://dothan.craigslist.org/apa/d/dothan-99-moves-you-in/6968214571.html,2019-08-30,17:09,$765,"Dothan, AL",False,None,3,1232ft2
Alabama,dothan,dothan,apa,6968214182,6507360854,$99 moves you in!!,https://dothan.craigslist.org/apa/d/dothan-99-moves-you-in/6968214182.html,2019-08-30,17:08,$680,"Dothan, AL",False,None,2,990ft2
Alabama,dothan,dothan,apa,6948190385,None,"24-hour fitness center, Linen closets, Resort style pool with sunshelf",https://dothan.craigslist.org/apa/d/dothan-24-hour-fitness-center-linen/6948190385.html,2019-08-30,10:47,$1055,None,True,None,1,673ft2
Alabama,dothan,dothan,apa,6967769215,None,Beautiful Brick Home Available NOW!,https://dothan.craigslist.org/apa/d/blakely-beautiful-brick-home-available/6967769215.html,2019-08-30,08:04,$685,"Blakely, GA",True,None,3,1280ft2
Alabama,dothan,dothan,apa,6967391873,None,At peace down a dirt road,https://dothan.craigslist.org/apa/d/enterprise-at-peace-down-dirt-road/6967391873.html,2019-08-29,14:38,$750,Enterprise,False,None,3,None
Alabama,dothan,dothan,apa,6967202887,6472509959,207 Glenwood Drive #2,https://dothan.craigslist.org/apa/d/enterprise-207-glenwood-drive-2/6967202887.html,2019-08-29,11:04,$550,"Enterprise, AL",True,None,2,None
Alabama,dothan,dothan,apa,6950981650,None,"Linen closets, Kitchen island bars, Car care area",https://dothan.craigslist.org/apa/d/dothan-linen-closets-kitchen-island/6950981650.html,2019-08-29,08:52,$1074,None,True,None,1,673ft2
Alabama,dothan,dothan,apa,6946631240,None,"Washer & dryer included, Wood-style flooring, Kitchen pantries",https://dothan.craigslist.org/apa/d/dothan-washer-dryer-included-wood-style/6946631240.html,2019-08-29,06:43,$1679,None,True,None,3,1386ft2
Alabama,dothan,dothan,apa,6950643471,None,"Garages, Outside storage, Tile backsplash",https://dothan.craigslist.org/apa/d/dothan-garages-outside-storage-tile/6950643471.html,2019-08-29,02:26,$1074,None,True,None,1,673ft2
Alabama,dothan,dothan,apa,6946325469,None,"Oversized closets, Tile backsplash, Separate dining rooms",https://dothan.craigslist.org/apa/d/dothan-oversized-closets-tile/6946325469.html,2019-08-28,17:47,$1466,None,True,None,2,1208ft2
Alabama,dothan,dothan,apa,6945973217,None,"Kitchen island bars, Private patios or balconies, Oversized closets",https://dothan.craigslist.org/apa/d/dothan-kitchen-island-bars-private/6945973217.html,2019-08-28,15:33,$1466,None,True,None,2,1208ft2
Alabama,dothan,dothan,apa,6966390636,None,Beautiful Brick Home Available NOW!,https://dothan.craigslist.org/apa/d/blakely-beautiful-brick-home-available/6966390636.html,2019-08-28,09:13,$630,"Blakely, GA",True,None,3,1280ft2
Alabama,dothan,dothan,apa,6966343730,None,Beautiful Brick Home Available NOW!,https://dothan.craigslist.org/apa/d/blakely-beautiful-brick-home-available/6966343730.html,2019-08-28,08:02,$685,"Blakely, GA",True,None,3,1280ft2
Alabama,dothan,dothan,apa,6945661071,None,"Outside storage, Bark park, Oversized closets",https://dothan.craigslist.org/apa/d/dothan-outside-storage-bark-park/6945661071.html,2019-08-28,07:16,$1466,None,True,None,2,1208ft2
Alabama,dothan,dothan,apa,6952047586,6177687947,Extended Stay Room Available FT Rucker/Wicksburg,https://dothan.craigslist.org/apa/d/extended-stay-room-available-ft-rucker/6952047586.html,2019-08-28,03:48,$600,Newton/Ft Rucker,True,None,1,None
Alabama,dothan,dothan,apa,6956526833,None,"Outside storage, Wood-style flooring, Granite-style counter tops",https://dothan.craigslist.org/apa/d/dothan-outside-storage-wood-style/6956526833.html,2019-08-27,23:45,$969,None,True,None,1,673ft2
Alabama,dothan,dothan,apa,6945183769,None,"Pet friendly (breed restrictions apply), 2"" faux wood blinds, Garages",https://dothan.craigslist.org/apa/d/dothan-pet-friendly-breed-restrictions/6945183769.html,2019-08-27,21:32,$1470,None,True,None,2,1208ft2
Alabama,dothan,dothan,apa,6957963648,None,"Outside storage, “popular gray” wall color, Washer & dryer included",https://dothan.craigslist.org/apa/d/dothan-outside-storage-popular-gray/6957963648.html,2019-08-27,19:23,$1152,None,True,None,1,797ft2
Alabama,dothan,dothan,apa,6958824370,None,"Pet friendly (breed restrictions apply), Wood-style flooring, Garages",https://dothan.craigslist.org/apa/d/dothan-pet-friendly-breed-restrictions/6958824370.html,2019-08-27,17:15,$1076,None,True,None,1,673ft2
Alabama,dothan,dothan,apa,6953906713,None,"Cyber cafe, Cabana with outdoor fireplace and kitchen, Tile backsplash",https://dothan.craigslist.org/apa/d/dothan-cyber-cafe-cabana-with-outdoor/6953906713.html,2019-08-27,11:55,$1074,None,True,None,1,673ft2
Alabama,dothan,dothan,apa,6950926624,None,"Garages, Outside storage, Cyber cafe",https://dothan.craigslist.org/apa/d/dothan-garages-outside-storage-cyber/6950926624.html,2019-08-27,09:54,$1074,None,True,None,1,673ft2
Alabama,dothan,dothan,apa,6965545555,None,"BEAUTIFUL townhouse, Perfect for Military",https://dothan.craigslist.org/apa/d/enterprise-beautiful-townhouse-perfect/6965545555.html,2019-08-27,04:10,$950,Enterprise,True,None,2,1450ft2
Alabama,dothan,dothan,apa,6964960543,None,Beautiful Brick Home Available NOW!,https://dothan.craigslist.org/apa/d/blakely-beautiful-brick-home-available/6964960543.html,2019-08-26,10:50,$685,"Blakely, GA",True,None,3,1280ft2
Alabama,dothan,dothan,apa,6964955237,6766543629,245 Westview Drive,https://dothan.craigslist.org/apa/d/ozark-245-westview-drive/6964955237.html,2019-08-26,10:44,$800,"Ozark, AL",True,None,3,None
Alabama,dothan,dothan,apa,6960177643,None,"Oversized closets, Garages, Car care area",https://dothan.craigslist.org/apa/d/dothan-oversized-closets-garages-car/6960177643.html,2019-08-26,10:25,$1022,None,True,None,1,673ft2
Alabama,dothan,dothan,apa,6964900120,5724676869,Weekly Rental Furnished Studio,https://dothan.craigslist.org/apa/d/weekly-rental-furnished-studio/6964900120.html,2019-08-26,09:44,$189,2880 Ross Clark Circle,True,None,None,None
Alabama,dothan,dothan,apa,6964638134,4481870099,2Bd/1Bth Mobile Home For Rent,https://dothan.craigslist.org/apa/d/2bd-1bth-mobile-home-for-rent/6964638134.html,2019-08-25,19:24,$415,Ozark,False,None,2,None
Alabama,dothan,dothan,apa,6964497701,None,Can't beat the location and all this condo has to offer!,https://dothan.craigslist.org/apa/d/atlanta-cant-beat-the-location-and-all/6964497701.html,2019-08-25,15:42,$2400,Atlanta,False,None,2,1003ft2
Alabama,dothan,dothan,apa,6964006837,None,Double paned windows - desirable neighborhood - close to parks.,https://dothan.craigslist.org/apa/d/dothan-double-paned-windows-desirable/6964006837.html,2019-08-24,18:48,$0,None,False,None,None,None
Alabama,dothan,dothan,apa,6953486436,6728351346,4/3 House Owner Fin Hidden Lake School 2 mstr bedrmsuites1146mth fence,https://dothan.craigslist.org/apa/d/dothan-4-3-house-owner-fin-hidden-lake/6953486436.html,2019-08-24,17:03,$1146,1405 Eastwood Dr SE Dothan outside Circle,False,None,4,2000ft2
Alabama,dothan,dothan,apa,6963280945,5724676869,Weekly Rental Furnished Studio,https://dothan.craigslist.org/apa/d/weekly-rental-furnished-studio/6963280945.html,2019-08-23,17:14,$189,2880 Ross Clark Circle,True,None,None,None
Alabama,dothan,dothan,apa,6943047365,None,"1208 Robbins St Dothan, Al ($99 Move in Special)",https://dothan.craigslist.org/apa/d/dothan-1208-robbins-st-dothan-al-99/6943047365.html,2019-08-23,17:02,$550,None,True,None,3,None
Alabama,dothan,dothan,apa,6943039614,5215105999,1307 Judson,https://dothan.craigslist.org/apa/d/1307-judson/6943039614.html,2019-08-23,17:02,$625,Dothan,True,None,3,1050ft2
Alabama,dothan,dothan,apa,6943043929,None,1201 Robbins St ($99 Move in Special),https://dothan.craigslist.org/apa/d/dothan-1201-robbins-st-99-move-in/6943043929.html,2019-08-23,17:02,$550,"Dothan, Al",True,None,3,None
Alabama,dothan,dothan,apa,6963037608,None,Beautiful Brick Home Available NOW!,https://dothan.craigslist.org/apa/d/blakely-beautiful-brick-home-available/6963037608.html,2019-08-23,12:36,$685,"Blakely, GA",True,None,3,1280ft2
Alabama,dothan,dothan,apa,6943049623,None,"24-hour fitness center, Separate dining rooms, Wood-style flooring",https://dothan.craigslist.org/apa/d/dothan-24-hour-fitness-center-separate/6943049623.html,2019-08-23,00:55,$1471,None,True,None,3,1386ft2
Alabama,dothan,dothan,apa,6962691245,None,Available November,https://dothan.craigslist.org/apa/d/enterprise-available-november/6962691245.html,2019-08-22,22:13,$1250,Enterprise,True,None,3,1750ft2
Alabama,dothan,dothan,apa,6962379449,None,"RENT TO OWN, LEASE WITH THE OPTION TO BUY",https://dothan.craigslist.org/apa/d/dothan-rent-to-own-lease-with-the/6962379449.html,2019-08-22,15:07,$10000,Dothan,True,None,None,None
Alabama,dothan,dothan,apa,6962372072,None,211 Grey Fox Trail,https://dothan.craigslist.org/apa/d/enterprise-211-grey-fox-trail/6962372072.html,2019-08-22,13:50,$1600,ENTERPRISE,True,None,4,None
Alabama,dothan,dothan,apa,6962247861,None,3X2 for Rent $800/month,https://dothan.craigslist.org/apa/d/dothan-3x2-for-rent-800-month/6962247861.html,2019-08-22,12:18,$800,Dothan,True,None,3,1400ft2
Alabama,dothan,dothan,apa,6941157950,6794035855,2 habitaciones disponibles ahora!,https://dothan.craigslist.org/apa/d/milton-2-habitaciones-disponibles-ahora/6941157950.html,2019-08-22,09:10,$853,MILTON,True,None,2,917ft2
Alabama,dothan,dothan,apa,6941536093,None,"Granite-style counter tops, Washer & dryer included, Oversized closets",https://dothan.craigslist.org/apa/d/dothan-granite-style-counter-tops/6941536093.html,2019-08-22,08:05,$1471,None,True,None,3,1386ft2
Alabama,dothan,dothan,apa,6956592851,6877747221,Andrews Park Apartments,https://dothan.craigslist.org/apa/d/ozark-andrews-park-apartments/6956592851.html,2019-08-21,16:02,$435,"Ozark, AL",True,None,2,None
Alabama,dothan,dothan,apa,6958114972,None,"Separate dining rooms, Outside storage, Kitchen pantries",https://dothan.craigslist.org/apa/d/dothan-separate-dining-rooms-outside/6958114972.html,2019-08-21,11:57,$1152,None,True,None,1,797ft2
Alabama,dothan,dothan,apa,6961364757,None,Beautiful Brick Home Available NOW!,https://dothan.craigslist.org/apa/d/blakely-beautiful-brick-home-available/6961364757.html,2019-08-21,09:03,$705,"Blakely, GA",True,None,3,1280ft2
Alabama,dothan,dothan,apa,6959911137,None,5BR/2.5 Bath Custom Home for RENT! (Near Ft Rucker),https://dothan.craigslist.org/apa/d/enterprise-5br-25-bath-custom-home-for/6959911137.html,2019-08-19,10:40,$2500,Enterprise,True,None,5,2800ft2
Alabama,dothan,dothan,apa,6939529328,6794035855,VEN DE TOUR CON NOSOTROS,https://dothan.craigslist.org/apa/d/milton-ven-de-tour-con-nosotros/6939529328.html,2019-08-19,09:18,$853,MILTON,True,None,2,917ft2
