New_York,plattsburgh,plattsburgh,apa,6992247460,None,"an immaculate, meticulously cared for Ranch!",https://plattsburgh.craigslist.org/apa/d/plattsburgh-an-immaculate-meticulously/6992247460.html,2019-10-03,22:37,$525,"Plattsburgh, NY 12901",True,None,2,1668ft2
New_York,plattsburgh,plattsburgh,apa,6992215550,6946543221,2 Bedroom Townhouse style apartment,https://plattsburgh.craigslist.org/apa/d/lake-placid-2-bedroom-townhouse-style/6992215550.html,2019-10-03,20:28,$950,Lake Placid,False,None,2,None
New_York,plattsburgh,plattsburgh,apa,6992209117,5717867007,Apartment for rent,https://plattsburgh.craigslist.org/apa/d/apartment-for-rent/6992209117.html,2019-10-03,20:15,$825,"Peru, NY",False,None,2,1050ft2
New_York,plattsburgh,plattsburgh,apa,6992107028,None,2 Bedroom Upstairs Apartment in the City,https://plattsburgh.craigslist.org/apa/d/2-bedroom-upstairs-apartment-in-the-city/6992107028.html,2019-10-03,17:33,$875,64 Sailly Avenue,True,None,2,1100ft2
New_York,plattsburgh,plattsburgh,apa,6991974045,None,House for rent city,https://plattsburgh.craigslist.org/apa/d/plattsburgh-house-for-rent-city/6991974045.html,2019-10-03,14:52,$1200,Plattsburgh,True,None,3,None
New_York,plattsburgh,plattsburgh,apa,6991944786,6817684314,$650.00 Downtown Plattsburgh,https://plattsburgh.craigslist.org/apa/d/plattsburgh-downtown-plattsburgh/6991944786.html,2019-10-03,14:19,$650,24-26 Cornelia st,False,None,1,None
New_York,plattsburgh,plattsburgh,apa,6991788668,4885959122,Very nice (near Plattsburgh),https://plattsburgh.craigslist.org/apa/d/very-nice-near-plattsburgh/6991788668.html,2019-10-03,11:30,$950,"9441 Rt. 9, Chazy, NY",True,None,2,875ft2
New_York,plattsburgh,plattsburgh,apa,6986241221,6485166232,Stylish & Fully Inclusive 2 Bedroom + Study (+1 Month Free Rent*),https://plattsburgh.craigslist.org/apa/d/saranac-lake-stylish-fully-inclusive-2/6986241221.html,2019-10-03,10:31,$1300,Saranac Lake,True,None,2,800ft2
New_York,plattsburgh,plattsburgh,apa,6980747311,None,1158 Middle Road,https://plattsburgh.craigslist.org/apa/d/willsboro-1158-middle-road/6980747311.html,2019-10-03,10:22,$850,Willsboro,False,None,None,None
New_York,plattsburgh,plattsburgh,apa,6980733361,None,21 Sisco St,https://plattsburgh.craigslist.org/apa/d/westport-21-sisco-st/6980733361.html,2019-10-03,10:22,$950,Village of Westport,False,None,None,None
New_York,plattsburgh,plattsburgh,apa,6971387003,None,3796 Main St.,https://plattsburgh.craigslist.org/apa/d/willsboro-3796-main-st/6971387003.html,2019-10-03,10:22,$550,"Willsboro, NY",True,None,None,None
New_York,plattsburgh,plattsburgh,apa,6983050261,None,89 Bessboro Lane,https://plattsburgh.craigslist.org/apa/d/westport-89-bessboro-lane/6983050261.html,2019-10-03,10:22,$650,Westport,False,None,None,None
New_York,plattsburgh,plattsburgh,apa,6989135608,None,1 Bedroom Apt.,https://plattsburgh.craigslist.org/apa/d/1-bedroom-apt/6989135608.html,2019-10-03,09:21,$895,Plattsburgh,False,None,1,None
New_York,plattsburgh,plattsburgh,apa,6989559801,None,"1, 2, 3 bedroom apts beginning at $750",https://plattsburgh.craigslist.org/apa/d/plattsburgh-bedroom-apts-beginning-at/6989559801.html,2019-10-03,09:21,$0,Plattsburgh,False,None,None,None
New_York,plattsburgh,plattsburgh,apa,6976186669,6690146108,3 Bedroom College Apts-Now Renting For Fall/2020-Spring/2021,https://plattsburgh.craigslist.org/apa/d/plattsburgh-3-bedroom-college-apts-now/6976186669.html,2019-10-03,08:54,$2400,62 Broad St.,True,None,3,882ft2
New_York,plattsburgh,plattsburgh,apa,6977428036,None,2 Bedroom in Downtown Plattsburgh,https://plattsburgh.craigslist.org/apa/d/plattsburgh-2-bedroom-in-downtown/6977428036.html,2019-10-03,08:54,$875,Plattsburgh,True,None,2,964ft2
New_York,plattsburgh,plattsburgh,apa,6991621350,None,Apt for rent,https://plattsburgh.craigslist.org/apa/d/plattsburgh-apt-for-rent/6991621350.html,2019-10-03,03:50,$950,Plattsburgh,False,None,2,None
New_York,plattsburgh,plattsburgh,apa,6991440805,None,Plattsburgh city- 1 br. $750 utilities inc.,https://plattsburgh.craigslist.org/apa/d/plattsburgh-plattsburgh-city-1-br-750/6991440805.html,2019-10-02,18:49,$750,Plattsburgh,True,None,1,None
New_York,plattsburgh,plattsburgh,apa,6991416850,None,2 Bedroom house,https://plattsburgh.craigslist.org/apa/d/paul-smiths-2-bedroom-house/6991416850.html,2019-10-02,18:14,$925,"452 co rte 60, rainbow lake",False,None,2,None
New_York,plattsburgh,plattsburgh,apa,6991333872,None,3 bedroom 2 bath apt in city,https://plattsburgh.craigslist.org/apa/d/plattsburgh-3-bedroom-2-bath-apt-in-city/6991333872.html,2019-10-02,16:31,$1200,Plattsburgh,True,None,3,None
New_York,plattsburgh,plattsburgh,apa,6979209669,6966991837,2 Bedroom 2 Bath Duplex near U.S. Oval,https://plattsburgh.craigslist.org/apa/d/plattsburgh-2-bedroom-2-bath-duplex/6979209669.html,2019-10-02,14:09,$1400,Plattsburgh,True,None,2,1200ft2
New_York,plattsburgh,plattsburgh,apa,6991186749,None,Close to Campus 5 bedroom Student Housing,https://plattsburgh.craigslist.org/apa/d/plattsburgh-close-to-campus-5-bedroom/6991186749.html,2019-10-02,13:42,$2350,Plattsburgh,True,None,5,None
New_York,plattsburgh,plattsburgh,apa,6991149267,None,Close to Campus 3 bedroom Student Housing,https://plattsburgh.craigslist.org/apa/d/close-to-campus-3-bedroom-student/6991149267.html,2019-10-02,13:04,$2350,Plattsburgh,True,None,3,None
New_York,plattsburgh,plattsburgh,apa,6991129470,None,Close to Campus 3 bedroom Student Housing,https://plattsburgh.craigslist.org/apa/d/plattsburgh-close-to-campus-3-bedroom/6991129470.html,2019-10-02,12:43,$2350,Plattsburgh,True,None,3,None
New_York,plattsburgh,plattsburgh,apa,6991121984,6392550369,"Downtown Plattsburgh, nice one-bedroom",https://plattsburgh.craigslist.org/apa/d/plattsburgh-downtown-plattsburgh-nice/6991121984.html,2019-10-02,12:35,$665,None,True,None,1,450ft2
New_York,plattsburgh,plattsburgh,apa,6991111905,4709627286,"1st Floor,  2 Bedroom Apt",https://plattsburgh.craigslist.org/apa/d/1st-floor-2-bedroom-apt/6991111905.html,2019-10-02,12:24,$825,376 Margaret St.,True,None,2,994ft2
New_York,plattsburgh,plattsburgh,apa,6991109697,None,Close to Campus 3 bedroom Student Housing,https://plattsburgh.craigslist.org/apa/d/plattsburgh-close-to-campus-3-bedroom/6991109697.html,2019-10-02,12:22,$2350,Plattsburgh,True,None,3,None
New_York,plattsburgh,plattsburgh,apa,6977648528,None,City - Great Location,https://plattsburgh.craigslist.org/apa/d/plattsburgh-city-great-location/6977648528.html,2019-10-02,12:17,$775,102 Oak Street,True,None,1,None
New_York,plattsburgh,plattsburgh,apa,6974623581,None,All inclusive 2 bedroom,https://plattsburgh.craigslist.org/apa/d/lake-placid-all-inclusive-2-bedroom/6974623581.html,2019-10-02,10:28,$1100,Lake placid,True,None,None,None
New_York,plattsburgh,plattsburgh,apa,6991005598,None,Large 3 Br,https://plattsburgh.craigslist.org/apa/d/port-kent-large-3-br/6991005598.html,2019-10-02,10:23,$975,Keeseville,False,None,3,1700ft2
New_York,plattsburgh,plattsburgh,apa,6990901422,6914826459,Tupper Lake 1 bedroom Apartment for rent,https://plattsburgh.craigslist.org/apa/d/tupper-lake-tupper-lake-1-bedroom/6990901422.html,2019-10-02,05:31,$600,Tupper Lake,False,None,1,None
New_York,plattsburgh,plattsburgh,apa,6990805952,None,PRIVATE STUDENT HOUSE,https://plattsburgh.craigslist.org/apa/d/private-student-house/6990805952.html,2019-10-01,21:39,$2400,Plattsburgh,True,None,5,None
New_York,plattsburgh,plattsburgh,apa,6990755716,None,2 bedroom home for rent,https://plattsburgh.craigslist.org/apa/d/bloomingdale-2-bedroom-home-for-rent/6990755716.html,2019-10-01,20:01,$900,bloomingdale ny,False,None,2,None
New_York,plattsburgh,plattsburgh,apa,6990722269,6836633086,Spacious 1br apt,https://plattsburgh.craigslist.org/apa/d/rouses-point-spacious-1br-apt/6990722269.html,2019-10-01,19:05,$800,Champlain ny,False,None,1,None
New_York,plattsburgh,plattsburgh,apa,6975428542,None,Spacious and Cozy 3 bed & 2 ½ Bath – Avail NOW!,https://plattsburgh.craigslist.org/apa/d/spacious-and-cozy-3-bed-2-bath-avail-now/6975428542.html,2019-10-01,18:51,$1800,Saranac Lake,True,None,3,None
New_York,plattsburgh,plattsburgh,apa,6987232502,None,Furnished Executive 2 Bedroom Home on Lake / Short Term Rental,https://plattsburgh.craigslist.org/apa/d/plattsburgh-furnished-executive-2/6987232502.html,2019-10-01,17:38,$1750,Plattsburgh,True,None,2,1729ft2
New_York,plattsburgh,plattsburgh,apa,6980480111,None,2 BEDROOM FURNISHED CONDO IN PLATTSBURGH AVAILABLE FOR SHORT TERM,https://plattsburgh.craigslist.org/apa/d/plattsburgh-2-bedroom-furnished-condo/6980480111.html,2019-10-01,17:38,$1100,PLATTSBURGH,True,None,2,None
New_York,plattsburgh,plattsburgh,apa,6975403287,6690146108,3 Bedroom College Apts-Now Renting For Fall/2020-Spring/2021,https://plattsburgh.craigslist.org/apa/d/plattsburgh-3-bedroom-college-apts-now/6975403287.html,2019-10-01,17:37,$2400,62 Broad St.,True,None,3,882ft2
New_York,plattsburgh,plattsburgh,apa,6986180129,None,"3-Bed, 2-Bath, Attached Garage, Fenced Yard",https://plattsburgh.craigslist.org/apa/d/morrisonville-3-bed-2-bath-attached/6986180129.html,2019-10-01,14:38,$1400,None,True,None,3,1246ft2
New_York,plattsburgh,plattsburgh,apa,6990438267,6413474202,Remodeled Furnished 1BR apt.,https://plattsburgh.craigslist.org/apa/d/plattsburgh-remodeled-furnished-1br-apt/6990438267.html,2019-10-01,13:21,$1400,None,True,None,1,None
New_York,plattsburgh,plattsburgh,apa,6983903123,None,"Bright,Beautiful One Bedroom",https://plattsburgh.craigslist.org/apa/d/brightbeautiful-one-bedroom/6983903123.html,2019-10-01,12:33,$800,Plattsburgh NY,True,None,1,None
New_York,plattsburgh,plattsburgh,apa,6971990527,None,1-4 Bedroom College Housing 2020-2021 semesters,https://plattsburgh.craigslist.org/apa/d/plattsburgh-1-4-bedroom-college-housing/6971990527.html,2019-10-01,11:50,$2995,plattsburgh,True,None,4,None
New_York,plattsburgh,plattsburgh,apa,6990344933,5231802554,1 BEDROOM LAKE PLACID APARTMENT,https://plattsburgh.craigslist.org/apa/d/1-bedroom-lake-placid-apartment/6990344933.html,2019-10-01,11:41,$675,LAKE PLACID,False,None,1,None
New_York,plattsburgh,plattsburgh,apa,6981022404,6827938385,Student / College 2 bedroom/1 bath apartment,https://plattsburgh.craigslist.org/apa/d/plattsburgh-student-college-2-bedroom-1/6981022404.html,2019-10-01,08:35,$2800,47 Draper Street,True,None,2,None
New_York,plattsburgh,plattsburgh,apa,6981020273,6890493192,47 Draper - Student / College Housing 5 Large bedrooms,https://plattsburgh.craigslist.org/apa/d/plattsburgh-47-draper-student-college/6981020273.html,2019-10-01,08:35,$2500,47 Draper,True,None,5,None
New_York,plattsburgh,plattsburgh,apa,6981017006,6803430164,58 Ollivetti Place - 4 bedroom/1.5 baths.  Next to Campus!,https://plattsburgh.craigslist.org/apa/d/plattsburgh-58-ollivetti-place-4/6981017006.html,2019-10-01,08:35,$2150,58 Olivetti Place,True,None,4,None
New_York,plattsburgh,plattsburgh,apa,6981013193,6840701478,College / Student Housing - 55-101 Broad- Close to Campus! 3 Bed/1Bath,https://plattsburgh.craigslist.org/apa/d/plattsburgh-college-student-housing/6981013193.html,2019-10-01,08:35,$2300,55 Broad Street,True,None,3,800ft2
New_York,plattsburgh,plattsburgh,apa,6981014682,None,College / Student Housing - 55-201 Broad- Close to Campus! 3 Bed/1Bath,https://plattsburgh.craigslist.org/apa/d/plattsburgh-college-student-housing/6981014682.html,2019-10-01,08:34,$2500,Plattsburgh,True,None,3,None
New_York,plattsburgh,plattsburgh,apa,6980996336,None,Student / College Housing - 46 Couch Street - 8bedroom house,https://plattsburgh.craigslist.org/apa/d/plattsburgh-student-college-housing-46/6980996336.html,2019-10-01,08:34,$2750,46 Couch Street,False,None,8,None
New_York,plattsburgh,plattsburgh,apa,6981010461,None,College / Student Housing - 131 Broad Street - Leasing for 20-21 Year,https://plattsburgh.craigslist.org/apa/d/college-student-housing-broad-street/6981010461.html,2019-10-01,08:34,$2500,131 Broad Street,True,None,7,None
New_York,plattsburgh,plattsburgh,apa,6981536447,None,Enjoy life on the lake! East Oval Estates - 1 bed-1bath -321,https://plattsburgh.craigslist.org/apa/d/plattsburgh-enjoy-life-on-the-lake-east/6981536447.html,2019-10-01,08:34,$900,68 US Oval,True,None,1,790ft2
New_York,plattsburgh,plattsburgh,apa,6981024393,6890495077,47 Draper -Student / College Housing -Lots of light and large bedroom!,https://plattsburgh.craigslist.org/apa/d/plattsburgh-47-draper-student-college/6981024393.html,2019-10-01,08:34,$3450,47 Draper Street,True,None,1,None
New_York,plattsburgh,plattsburgh,apa,6981004953,None,College / Student Housing -129 Broad Street -Now leasing for next year,https://plattsburgh.craigslist.org/apa/d/college-student-housing-129-broad/6981004953.html,2019-10-01,08:34,$2500,129 Broad Street,True,None,7,None
New_York,plattsburgh,plattsburgh,apa,6980990518,None,College / Student Housing - 3 Bedroom Apartment - 145 Brink,https://plattsburgh.craigslist.org/apa/d/college-student-housing-3-bedroom/6980990518.html,2019-10-01,08:34,$2975,145 Brinkerhoff Street,True,None,3,None
New_York,plattsburgh,plattsburgh,apa,6980986825,None,College / Student Housing - 4 Bedroom Apartment - 141 Brink,https://plattsburgh.craigslist.org/apa/d/college-student-housing-4-bedroom/6980986825.html,2019-10-01,08:34,$2750,141 Brinkerhoff Street,True,None,4,None
New_York,plattsburgh,plattsburgh,apa,6977988925,None,Student / College Housing - 7beds - NOW LEASING - 129 Broad,https://plattsburgh.craigslist.org/apa/d/plattsburgh-student-college-housing/6977988925.html,2019-10-01,08:34,$2300,Plattsburgh,True,None,7,None
New_York,plattsburgh,plattsburgh,apa,6976315138,None,Large 2 bedroom/2 bathroom apartment on the Oval 64-112,https://plattsburgh.craigslist.org/apa/d/plattsburgh-large-2-bedroom-2-bathroom/6976315138.html,2019-10-01,08:34,$1450,64 US Oval,True,None,2,None
New_York,plattsburgh,plattsburgh,apa,6971387474,6764824986,Student Housing 2020-2021 - NOW Leasing - 67 Brinkerhoff Street,https://plattsburgh.craigslist.org/apa/d/plattsburgh-student-housing-now-leasing/6971387474.html,2019-10-01,08:34,$2500,67 Brinkerhoff Street,True,None,4,None
New_York,plattsburgh,plattsburgh,apa,6971415766,6720605798,NOW Leasing for 20-21 - Students - between campus and downtown!,https://plattsburgh.craigslist.org/apa/d/plattsburgh-now-leasing-for-students/6971415766.html,2019-10-01,08:34,$2500,57 Broad,True,None,3,800ft2
New_York,plattsburgh,plattsburgh,apa,6971412907,6890495077,47 Draper -Student / College Housing -Lots of light and large bedrooms,https://plattsburgh.craigslist.org/apa/d/plattsburgh-47-draper-student-college/6971412907.html,2019-10-01,08:34,$2500,47 Draper Street,True,None,5,None
New_York,plattsburgh,plattsburgh,apa,6971400994,6769542029,2 Bedroom Private House - Students 20/21 - Carriage House,https://plattsburgh.craigslist.org/apa/d/plattsburgh-2-bedroom-private-house/6971400994.html,2019-10-01,08:33,$3000,145 Brinkerhoff Street,True,None,2,None
New_York,plattsburgh,plattsburgh,apa,6971408216,6769546574,Leasing for 20/21 - Student housing! 3 bedroom at 141 Brink,https://plattsburgh.craigslist.org/apa/d/plattsburgh-leasing-for-student-housing/6971408216.html,2019-10-01,08:33,$2900,141 Brinkerhoff Street,True,None,3,None
New_York,plattsburgh,plattsburgh,apa,6986253783,None,Large 2 bedroom/2 bath apartment on the US Oval - 112,https://plattsburgh.craigslist.org/apa/d/plattsburgh-large-2-bedroom-2-bath/6986253783.html,2019-10-01,08:33,$1450,US Oval,True,None,2,1650ft2
New_York,plattsburgh,plattsburgh,apa,6990085026,None,Apartment,https://plattsburgh.craigslist.org/apa/d/westport-apartment/6990085026.html,2019-09-30,21:56,$575,Westport,False,None,2,None
New_York,plattsburgh,plattsburgh,apa,6984653417,None,2nd floor duplex,https://plattsburgh.craigslist.org/apa/d/plattsburgh-2nd-floor-duplex/6984653417.html,2019-09-30,20:59,$950,Oak St.,True,None,2,None
New_York,plattsburgh,plattsburgh,apa,6979625212,None,3 BR ranch,https://plattsburgh.craigslist.org/apa/d/plattsburgh-3-br-ranch/6979625212.html,2019-09-30,20:56,$1350,"Oak St., Plattsburgh",True,None,3,None
New_York,plattsburgh,plattsburgh,apa,6990037587,None,2 bedroom mobile home,https://plattsburgh.craigslist.org/apa/d/mooers-forks-2-bedroom-mobile-home/6990037587.html,2019-09-30,20:20,$750,Mooers Forks,False,None,2,None
New_York,plattsburgh,plattsburgh,apa,6990033509,None,Nice updated 2 bdrm,https://plattsburgh.craigslist.org/apa/d/champlain-nice-updated-2-bdrm/6990033509.html,2019-09-30,20:13,$780,Champlain,True,None,2,None
New_York,plattsburgh,plattsburgh,apa,6989965330,6256240266,Beautiful home for rent in quiet neighborhood!,https://plattsburgh.craigslist.org/apa/d/beautiful-home-for-rent-in-quiet/6989965330.html,2019-09-30,18:26,$1400,West End,False,None,2,None
New_York,plattsburgh,plattsburgh,apa,6989820319,None,Need a 2-3 bed house or trailer,https://plattsburgh.craigslist.org/apa/d/malone-need-2-3-bed-house-or-trailer/6989820319.html,2019-09-30,15:24,$950,Malone area,False,None,None,None
New_York,plattsburgh,plattsburgh,apa,6989780129,None,2 identical 1 bedroom apartments available for $750 each.,https://plattsburgh.craigslist.org/apa/d/wilmington-2-identical-1-bedroom/6989780129.html,2019-09-30,14:40,$750,"Wilmington, NY",True,None,1,None
New_York,plattsburgh,plattsburgh,apa,6989773916,6038603373,Lake George Cottage,https://plattsburgh.craigslist.org/apa/d/lake-george-lake-george-cottage/6989773916.html,2019-09-30,14:33,$800,lake george village,False,None,2,None
New_York,plattsburgh,plattsburgh,apa,6989701168,None,1- Bedroom Available,https://plattsburgh.craigslist.org/apa/d/lake-placid-1-bedroom-available/6989701168.html,2019-09-30,13:16,$725,Lake Placid,True,None,1,None
New_York,plattsburgh,plattsburgh,apa,6982218594,None,FULLY FURNISHED 4 BEDROOM EXECUTIVE STYLE LAKEFRONT HOME,https://plattsburgh.craigslist.org/apa/d/plattsburgh-fully-furnished-4-bedroom/6982218594.html,2019-09-30,12:24,$3500,Peru,True,None,4,4338ft2
New_York,plattsburgh,plattsburgh,apa,6982293751,None,city 3 bedroom 2 story Home with 2 1/2 baths,https://plattsburgh.craigslist.org/apa/d/city-3-bedroom-2-story-home-with-baths/6982293751.html,2019-09-30,12:00,$1795,5354 Peru Street,True,None,3,None
New_York,plattsburgh,plattsburgh,apa,6974978832,None,Efficiency in the city with all utilities included,https://plattsburgh.craigslist.org/apa/d/plattsburgh-efficiency-in-the-city-with/6974978832.html,2019-09-30,11:59,$675,Plattsburgh,True,None,None,None
New_York,plattsburgh,plattsburgh,apa,6975032402,None,Efficiency in the city with all utilities included,https://plattsburgh.craigslist.org/apa/d/plattsburgh-efficiency-in-the-city-with/6975032402.html,2019-09-30,11:59,$745,Plattsburgh,True,None,None,310ft2
New_York,plattsburgh,plattsburgh,apa,6989538416,None,"PRICE REDUCED! Fabulous 3,4,5 Bed Room House! for Reǹť!",https://plattsburgh.craigslist.org/apa/d/plattsburgh-price-reduced-fabulous-345/6989538416.html,2019-09-30,10:44,$540,plattsburgh,True,None,2,790ft2
New_York,plattsburgh,plattsburgh,apa,6989552519,5409666784,FARMHOUSE FOR RENT,https://plattsburgh.craigslist.org/apa/d/piercefield-farmhouse-for-rent/6989552519.html,2019-09-30,10:33,$1350,Saranac lake,False,None,3,None
New_York,plattsburgh,plattsburgh,apa,6989544792,5884579525,2 Bedroom,https://plattsburgh.craigslist.org/apa/d/2-bedroom/6989544792.html,2019-09-30,10:23,$797,Keeseville,True,None,2,None
New_York,plattsburgh,plattsburgh,apa,6989519683,5409666784,HOME FOR RENT,https://plattsburgh.craigslist.org/apa/d/home-for-rent/6989519683.html,2019-09-30,09:49,$1600,WILMINGTON,True,None,3,None
New_York,plattsburgh,plattsburgh,apa,6989507966,6777441768,Large 2 Bedroom Apartment,https://plattsburgh.craigslist.org/apa/d/plattsburgh-large-2-bedroom-apartment/6989507966.html,2019-09-30,09:32,$825,Plattsburgh,True,None,2,None
New_York,plattsburgh,plattsburgh,apa,6989482850,None,Student housing 2020-21,https://plattsburgh.craigslist.org/apa/d/plattsburgh-student-housing/6989482850.html,2019-09-30,08:45,$3000,Plattsburgh,True,None,5,None
New_York,plattsburgh,plattsburgh,apa,6989480244,None,Student housing Fall/Spring 2020-21,https://plattsburgh.craigslist.org/apa/d/plattsburgh-student-housing-fall-spring/6989480244.html,2019-09-30,08:39,$3000,Plattsburgh,True,None,4,None
New_York,plattsburgh,plattsburgh,apa,6989476741,6517755284,Efficency apt. For rent,https://plattsburgh.craigslist.org/apa/d/saranac-lake-efficency-apt-for-rent/6989476741.html,2019-09-30,08:32,$600,Saranac Lake,True,None,None,None
New_York,plattsburgh,plattsburgh,apa,6989444049,None,COURT ST TWO BEDROOM,https://plattsburgh.craigslist.org/apa/d/plattsburgh-court-st-two-bedroom/6989444049.html,2019-09-30,05:57,$845,Plattsburgh,True,None,2,None
New_York,plattsburgh,plattsburgh,apa,6980866051,6830378896,One bedroom for rent,https://plattsburgh.craigslist.org/apa/d/plattsburgh-one-bedroom-for-rent/6980866051.html,2019-09-30,05:52,$700,Oak,True,None,1,None
New_York,plattsburgh,plattsburgh,apa,6989441105,None,2 Bedroom In Plattsburgh,https://plattsburgh.craigslist.org/apa/d/plattsburgh-2-bedroom-in-plattsburgh/6989441105.html,2019-09-30,05:26,$800,Plattsburgh,True,None,2,750ft2
New_York,plattsburgh,plattsburgh,apa,6971897459,None,four bathrm-three-bedroom Home,https://plattsburgh.craigslist.org/apa/d/four-bathrm-three-bedroom-home/6971897459.html,2019-09-29,23:02,$960,Palenville,True,None,3,1791ft2
New_York,plattsburgh,plattsburgh,apa,6989362232,6169804217,4/5 Bed room House near VIC and Paul Smiths College,https://plattsburgh.craigslist.org/apa/d/paul-smiths-4-5-bed-room-house-near-vic/6989362232.html,2019-09-29,22:04,$1450,Paul Smiths / Saranac Lake,True,None,5,None
New_York,plattsburgh,plattsburgh,apa,6989313917,None,House for rent,https://plattsburgh.craigslist.org/apa/d/morrisonville-house-for-rent/6989313917.html,2019-09-29,20:15,$1150,Morrisonville,False,None,None,None
New_York,plattsburgh,plattsburgh,apa,6989289365,None,Lake Front House on Schroon Lake,https://plattsburgh.craigslist.org/apa/d/adirondack-lake-front-house-on-schroon/6989289365.html,2019-09-29,19:27,$1600,Adirondack NY 12808,True,None,3,1150ft2
New_York,plattsburgh,plattsburgh,apa,6989174880,6810666290,Rent House STUDENTS  WELCOME Saranac Lake NY,https://plattsburgh.craigslist.org/apa/d/saranac-lake-rent-house-students/6989174880.html,2019-09-29,16:17,$399,Saranac Lake NY,False,None,3,1680ft2
New_York,plattsburgh,plattsburgh,apa,6989166845,None,"2 bedroom Rouses Point, NY",https://plattsburgh.craigslist.org/apa/d/rouses-point-2-bedroom-rouses-point-ny/6989166845.html,2019-09-29,16:02,$795,Rouses Point,True,None,2,None
New_York,plattsburgh,plattsburgh,apa,6989159573,5764190781,3 bedroom Gorgeous large ranch,https://plattsburgh.craigslist.org/apa/d/chazy-3-bedroom-gorgeous-large-ranch/6989159573.html,2019-09-29,15:51,$1695,Lakeshore Rd,True,None,3,None
New_York,plattsburgh,plattsburgh,apa,6989135571,None,$695.00 / spacious one bdrm. apt. Saranac Lake,https://plattsburgh.craigslist.org/apa/d/spacious-one-bdrm-apt-saranac-lake/6989135571.html,2019-09-29,15:15,$695,Saranac Lake,True,None,1,None
New_York,plattsburgh,plattsburgh,apa,6986919540,None,3Bd - Wells St. - Plattsburgh,https://plattsburgh.craigslist.org/apa/d/plattsburgh-3bd-wells-st-plattsburgh/6986919540.html,2019-09-29,10:45,$1200,Plattsburgh,True,None,3,None
New_York,plattsburgh,plattsburgh,apa,6986912158,None,3Bd - Brinkerhoff St. - Plattsburgh,https://plattsburgh.craigslist.org/apa/d/plattsburgh-3bd-brinkerhoff-st/6986912158.html,2019-09-29,10:45,$1200,Plattsburgh,True,None,3,None
New_York,plattsburgh,plattsburgh,apa,6988920999,None,One bedroom Plattsburgh,https://plattsburgh.craigslist.org/apa/d/plattsburgh-one-bedroom-plattsburgh/6988920999.html,2019-09-29,09:33,$650,Point au rouche,False,None,1,None
New_York,plattsburgh,plattsburgh,apa,6988784993,None,Student Housing Fall 2020,https://plattsburgh.craigslist.org/apa/d/student-housing-fall-2020/6988784993.html,2019-09-28,21:15,$2400,Plattsburgh,True,None,5,None
New_York,plattsburgh,plattsburgh,apa,6981947716,6629271129,Coveniently located,https://plattsburgh.craigslist.org/apa/d/plattsburgh-coveniently-located/6981947716.html,2019-09-28,09:47,$750,Plattsburgh,True,None,1,None
New_York,plattsburgh,plattsburgh,apa,6988078881,5515805406,convenient city  apartment,https://plattsburgh.craigslist.org/apa/d/plattsburgh-convenient-city-apartment/6988078881.html,2019-09-27,19:34,$985,5016S CatherineSt,False,None,3,None
New_York,plattsburgh,plattsburgh,apa,6988033327,6505354512,2 bedroom apartment,https://plattsburgh.craigslist.org/apa/d/chazy-2-bedroom-apartment/6988033327.html,2019-09-27,18:23,$675,"Rt 9, Chazy NY",True,None,2,1000ft2
New_York,plattsburgh,plattsburgh,apa,6974082130,None,/Month:1-2 Bed Renovated apts with Views of Lake Champlain,https://plattsburgh.craigslist.org/apa/d/month1-2-bed-renovated-apts-with-views/6974082130.html,2019-09-27,17:25,$885,"Hamilton Street, Plattsburgh, NY",True,None,None,None
New_York,plattsburgh,plattsburgh,apa,6987959239,None,cozy Saranac Lake one bedroom,https://plattsburgh.craigslist.org/apa/d/cozy-saranac-lake-one-bedroom/6987959239.html,2019-09-27,16:47,$850,12983,False,None,1,400ft2
New_York,plattsburgh,plattsburgh,apa,6987843839,None,Looking for Roommate & Apartment,https://plattsburgh.craigslist.org/apa/d/plattsburgh-looking-for-roommate/6987843839.html,2019-09-27,14:35,$0,Plattsburgh,False,None,None,None
New_York,plattsburgh,plattsburgh,apa,6987750807,5972126198,1 bedroom,https://plattsburgh.craigslist.org/apa/d/1-bedroom/6987750807.html,2019-09-27,12:54,$550,None,False,None,1,None
New_York,plattsburgh,plattsburgh,apa,6987637094,None,2 bedroom apartment,https://plattsburgh.craigslist.org/apa/d/2-bedroom-apartment/6987637094.html,2019-09-27,10:53,$750,Altona,False,None,2,None
New_York,plattsburgh,plattsburgh,apa,6987599557,None,For rent,https://plattsburgh.craigslist.org/apa/d/ticonderoga-for-rent/6987599557.html,2019-09-27,10:05,$750,Ticonderoga,True,None,None,None
New_York,plattsburgh,plattsburgh,apa,6987589108,None,For rent,https://plattsburgh.craigslist.org/apa/d/schroon-lake-for-rent/6987589108.html,2019-09-27,09:51,$650,Schroon Lake,True,None,None,None
New_York,plattsburgh,plattsburgh,apa,6987536226,None,"EXCELLENT LOCATION WITHIN WALKING DISTANCE TO DOWNTOWN, CIVIC CENTER,",https://plattsburgh.craigslist.org/apa/d/excellent-location-within-walking/6987536226.html,2019-09-27,08:05,$800,"SARANAC LAKE, NY 12983",True,None,3,1680ft2
New_York,plattsburgh,plattsburgh,apa,6967037882,6663556392,"Furnished, Utilities included, Downtown!",https://plattsburgh.craigslist.org/apa/d/saratoga-springs-furnished-utilities/6967037882.html,2019-09-27,07:37,$1950,"Saratoga Springs, NY",True,None,3,1400ft2
New_York,plattsburgh,plattsburgh,apa,6977159108,None,3 Bedroom House in City Of Plattsburgh,https://plattsburgh.craigslist.org/apa/d/plattsburgh-3-bedroom-house-in-city-of/6977159108.html,2019-09-26,13:17,$1800,Plattsburgh,True,None,3,None
New_York,plattsburgh,plattsburgh,apa,6986978541,4591094328,"Studio includes heat, hot water & electric!!",https://plattsburgh.craigslist.org/apa/d/studio-includes-heat-hot-water-electric/6986978541.html,2019-09-26,11:57,$600,Saranac Lake,False,None,None,None
New_York,plattsburgh,plattsburgh,apa,6986978191,4591095623,"1 BR includes Heat, Hot Water & Electric",https://plattsburgh.craigslist.org/apa/d/1-br-includes-heat-hot-water-electric/6986978191.html,2019-09-26,11:57,$700,Saranac Lake,False,None,1,None
New_York,plattsburgh,plattsburgh,apa,6986898371,None,"PRICE REDUCED! Fabulous 3,4,5 Bed Room House! for Reǹť!",https://plattsburgh.craigslist.org/apa/d/plattsburgh-price-reduced-fabulous-345/6986898371.html,2019-09-26,11:15,$530,plattsburgh,True,None,2,855ft2
New_York,plattsburgh,plattsburgh,apa,6973341953,None,Completely renovated home in a great location and school!,https://plattsburgh.craigslist.org/apa/d/plattsburgh-completely-renovated-home/6973341953.html,2019-09-26,08:22,$590,plattsburgh,True,None,2,980ft2
New_York,plattsburgh,plattsburgh,apa,6981974434,5515805406,Convenient City Downtown Apartment-Margaret St,https://plattsburgh.craigslist.org/apa/d/plattsburgh-convenient-city-downtown/6981974434.html,2019-09-26,08:05,$825,126 Margaret st,False,None,2,None
New_York,plattsburgh,plattsburgh,apa,6986653102,None,2 Bedroom apartment,https://plattsburgh.craigslist.org/apa/d/2-bedroom-apartment/6986653102.html,2019-09-25,20:06,$775,Plattsburgh,True,None,2,None
New_York,plattsburgh,plattsburgh,apa,6986600877,6856571233,Nature Lovers Paradise,https://plattsburgh.craigslist.org/apa/d/port-henry-nature-lovers-paradise/6986600877.html,2019-09-25,18:28,$650,"Port Henry,NY",True,None,None,None
New_York,plattsburgh,plattsburgh,apa,6986505209,5458457841,Student Living - Fully furnished Apartments,https://plattsburgh.craigslist.org/apa/d/plattsburgh-student-living-fully/6986505209.html,2019-09-25,16:22,$550,5035 South Catherine St,True,None,4,None
New_York,plattsburgh,plattsburgh,apa,6975042317,5147063130,Rent a Room -  assembly worker - traveling nurse,https://plattsburgh.craigslist.org/apa/d/plattsburgh-rent-room-assembly-worker/6975042317.html,2019-09-25,15:51,$750,None,True,None,4,None
New_York,plattsburgh,plattsburgh,apa,6986416639,None,Lake Placid Studio apt,https://plattsburgh.craigslist.org/apa/d/lake-placid-lake-placid-studio-apt/6986416639.html,2019-09-25,14:40,$625,Lake Placid,True,None,None,None
New_York,plattsburgh,plattsburgh,apa,6986398665,4910174168,Lake Placid One Bedroom,https://plattsburgh.craigslist.org/apa/d/lake-placid-lake-placid-one-bedroom/6986398665.html,2019-09-25,14:20,$585,Lake Placid,True,None,1,None
New_York,plattsburgh,plattsburgh,apa,6986274794,None,2-1 BEDROOM APARTMEANTS INQ ROUSES POINT NYY,https://plattsburgh.craigslist.org/apa/d/pittsburgh-2-1-bedroom-apartmeants-inq/6986274794.html,2019-09-25,13:57,$650,ROUSES POINT NY,False,None,2,None
New_York,plattsburgh,plattsburgh,apa,6975040939,5458457841,Student Living - Fully furnished Apartments,https://plattsburgh.craigslist.org/apa/d/plattsburgh-student-living-fully/6975040939.html,2019-09-25,13:12,$550,5035 South Catherine St,True,None,4,None
New_York,plattsburgh,plattsburgh,apa,6986283500,4855087170,Completely Renovated 2 Bdrm Student Apt Fall 20-Spring 21,https://plattsburgh.craigslist.org/apa/d/plattsburgh-completely-renovated-2-bdrm/6986283500.html,2019-09-25,12:19,$2595,Plattsburgh,False,None,2,None
New_York,plattsburgh,plattsburgh,apa,6986282110,4855087170,Renovated 2 Bdrm Student Apt Fall 20 - Spring 21,https://plattsburgh.craigslist.org/apa/d/renovated-2-bdrm-student-apt-fall-20/6986282110.html,2019-09-25,12:17,$1995,Plattsburgh,False,None,2,None
New_York,plattsburgh,plattsburgh,apa,6986277579,4696891161,Updated 3 BR Close to Campus (William St) Student Apt,https://plattsburgh.craigslist.org/apa/d/plattsburgh-updated-3-br-close-to/6986277579.html,2019-09-25,12:12,$2295,Plattsburgh,False,None,3,None
New_York,plattsburgh,plattsburgh,apa,6986273029,4696891161,Renovated Large 4BR/2Ba 2 Lvl Student Apt Fall 20/Spring 21 William St,https://plattsburgh.craigslist.org/apa/d/plattsburgh-renovated-large-4br-2ba-2/6986273029.html,2019-09-25,12:07,$2595,Plattsburgh,False,None,4,None
New_York,plattsburgh,plattsburgh,apa,6986270287,4696931999,Fully Renovated Large 3 BR Apt on William St for Fall 2020/Spring 2021,https://plattsburgh.craigslist.org/apa/d/plattsburgh-fully-renovated-large-3-br/6986270287.html,2019-09-25,12:04,$2895,Plattsburgh,False,None,3,None
New_York,plattsburgh,plattsburgh,apa,6986268441,5793414382,Renovated Lg 5 Bed 2 Bath Student Apt for 2020/2021 Close to Campus,https://plattsburgh.craigslist.org/apa/d/plattsburgh-renovated-lg-5-bed-2-bath/6986268441.html,2019-09-25,12:02,$2695,140 Brinkerhoff St,False,None,5,None
New_York,plattsburgh,plattsburgh,apa,6986267096,4855086433,"Renovated, Beautiful 3 BR Apt - Brinkerhoff St - Fall 20/Spring 21",https://plattsburgh.craigslist.org/apa/d/plattsburgh-renovated-beautiful-3-br/6986267096.html,2019-09-25,12:01,$2495,138 Brinkerhoff St,False,None,3,None
New_York,plattsburgh,plattsburgh,apa,6986265285,4856571592,Renovated Lg 4 Bed 2 Bath Student Apt for 20/21 Sch Yr Close to Campus,https://plattsburgh.craigslist.org/apa/d/plattsburgh-renovated-lg-4-bed-2-bath/6986265285.html,2019-09-25,11:59,$2695,Plattsburgh,False,None,4,None
New_York,plattsburgh,plattsburgh,apa,6986257649,4695653079,Lg Renovated 3 br 1 bath student apt for Fall 20 - Spring 21,https://plattsburgh.craigslist.org/apa/d/plattsburgh-lg-renovated-3-br-1-bath/6986257649.html,2019-09-25,11:53,$2295,Plattsburgh,False,None,3,None
New_York,plattsburgh,plattsburgh,apa,6986259139,4695653079,Lg Renovated 3 br 1 bath student apt for Fall 20 - Spring 21,https://plattsburgh.craigslist.org/apa/d/plattsburgh-lg-renovated-3-br-1-bath/6986259139.html,2019-09-25,11:52,$2295,Plattsburgh,False,None,3,None
New_York,plattsburgh,plattsburgh,apa,6986186515,None,Adirondack styled home with a view.,https://plattsburgh.craigslist.org/apa/d/adirondack-styled-home-with-view/6986186515.html,2019-09-25,10:29,$2000,None,True,None,3,None
New_York,plattsburgh,plattsburgh,apa,6986181736,6884389961,2 Bedroom 1 Bath,https://plattsburgh.craigslist.org/apa/d/plattsburgh-2-bedroom-1-bath/6986181736.html,2019-09-25,10:23,$850,CV Way Plattsburgh NY,True,None,2,950ft2
New_York,plattsburgh,plattsburgh,apa,6985945412,None,Full 3 bedroom house for rent,https://plattsburgh.craigslist.org/apa/d/mooers-full-3-bedroom-house-for-rent/6985945412.html,2019-09-24,20:41,$1100,Mooers,True,None,3,1620ft2
New_York,plattsburgh,plattsburgh,apa,6985929795,None,1 bedroom 1 bath U.S. Oval apt,https://plattsburgh.craigslist.org/apa/d/plattsburgh-1-bedroom-1-bath-us-oval-apt/6985929795.html,2019-09-24,20:11,$850,PLATTSBURGH,False,None,1,400ft2
New_York,plattsburgh,plattsburgh,apa,6985776951,None,2-1 BEDROOM APARTMENTS IN ROUSES POINT NY,https://plattsburgh.craigslist.org/apa/d/champlain-2-1-bedroom-apartments-in/6985776951.html,2019-09-24,16:30,$650,ROUSES POINT NY,False,None,None,None
New_York,plattsburgh,plattsburgh,apa,6985758754,6690146108,3 Bedroom College Apts-Now Renting For Fall/2020-Spring/2021,https://plattsburgh.craigslist.org/apa/d/plattsburgh-3-bedroom-college-apts-now/6985758754.html,2019-09-24,16:09,$2400,62 Broad St.,True,None,3,882ft2
New_York,plattsburgh,plattsburgh,apa,6985722115,None,Studio for rent,https://plattsburgh.craigslist.org/apa/d/rouses-point-studio-for-rent/6985722115.html,2019-09-24,15:27,$705,None,True,None,1,None
New_York,plattsburgh,plattsburgh,apa,6985700724,6658145446,2 bedroom Apartment in Rouses Point,https://plattsburgh.craigslist.org/apa/d/rouses-point-2-bedroom-apartment-in/6985700724.html,2019-09-24,15:04,$835,Rouses Point,True,None,2,None
New_York,plattsburgh,plattsburgh,apa,6985556524,3760066747,"2 bedroom Apt. Port Kent, NY",https://plattsburgh.craigslist.org/apa/d/2-bedroom-apt-port-kent-ny/6985556524.html,2019-09-24,12:32,$675,70 second st,True,None,2,None
New_York,plattsburgh,plattsburgh,apa,6985495234,None,Huge back yard with deck.,https://plattsburgh.craigslist.org/apa/d/plattsburgh-huge-back-yard-with-deck/6985495234.html,2019-09-24,12:05,$0,None,False,None,None,None
New_York,plattsburgh,plattsburgh,apa,6985419159,6947475306,1BR Loft Available - Right outside of Downtown,https://plattsburgh.craigslist.org/apa/d/plattsburgh-1br-loft-available-right/6985419159.html,2019-09-24,09:57,$745,Plattsburgh,True,None,1,None
New_York,plattsburgh,plattsburgh,apa,6985245722,None,Bright & Airy 2 Bedroom Apt,https://plattsburgh.craigslist.org/apa/d/tupper-lake-bright-airy-2-bedroom-apt/6985245722.html,2019-09-23,22:42,$600,"Tupper Lake, NY",True,None,2,None
New_York,plattsburgh,plattsburgh,apa,6964318857,4831968002,2 bedroom apt in City of Plattsburgh,https://plattsburgh.craigslist.org/apa/d/plattsburgh-2-bedroom-apt-in-city-of/6964318857.html,2019-09-23,16:54,$900,Plattsburgh,True,None,2,None
New_York,plattsburgh,plattsburgh,apa,6985011706,None,Looking for an apartment to start renting Dec. 1st,https://plattsburgh.craigslist.org/apa/d/plattsburgh-looking-for-an-apartment-to/6985011706.html,2019-09-23,16:17,$800,Plattsburgh,False,None,None,None
New_York,plattsburgh,plattsburgh,apa,6974345551,4723998189,"College Housing, Great Location!",https://plattsburgh.craigslist.org/apa/d/college-housing-great-location/6974345551.html,2019-09-23,15:15,$2650,113 Brinkerhoff  St,True,None,4,None
New_York,plattsburgh,plattsburgh,apa,6974347854,4856135326,"College Housing, Great Location!",https://plattsburgh.craigslist.org/apa/d/college-housing-great-location/6974347854.html,2019-09-23,15:14,$2650,68 Broad St,False,None,2,None
New_York,plattsburgh,plattsburgh,apa,6974348224,4723998189,"College Housing, Great Location!",https://plattsburgh.craigslist.org/apa/d/college-housing-great-location/6974348224.html,2019-09-23,15:14,$2750,64 Broad St,False,None,4,None
New_York,plattsburgh,plattsburgh,apa,6984952941,4723998189,"College Housing, Great Location!",https://plattsburgh.craigslist.org/apa/d/college-housing-great-location/6984952941.html,2019-09-23,15:13,$2750,64 Broad St,False,None,4,None
New_York,plattsburgh,plattsburgh,apa,6984951651,4723998189,"College Housing, Great Location!",https://plattsburgh.craigslist.org/apa/d/college-housing-great-location/6984951651.html,2019-09-23,15:12,$2750,64 Broad St,False,None,4,None
New_York,plattsburgh,plattsburgh,apa,6984950027,4723998189,"College Housing, Great Location!",https://plattsburgh.craigslist.org/apa/d/college-housing-great-location/6984950027.html,2019-09-23,15:10,$2600,113 Brinkerhoff  St,False,None,4,None
New_York,plattsburgh,plattsburgh,apa,6984628046,None,Apartment available for rent immediately,https://plattsburgh.craigslist.org/apa/d/plattsburgh-apartment-available-for/6984628046.html,2019-09-23,09:31,$825,Plattsburgh,False,None,2,None
New_York,plattsburgh,plattsburgh,apa,6984136195,None,Iso 3 bedroom home or apartment,https://plattsburgh.craigslist.org/apa/d/dannemora-iso-3-bedroom-home-or/6984136195.html,2019-09-22,13:02,$950,None,False,None,None,None
New_York,plattsburgh,plattsburgh,apa,6984094198,4380686117,"Lakefront Apartment, Crown Pt. NY",https://plattsburgh.craigslist.org/apa/d/lakefront-apartment-crown-pt-ny/6984094198.html,2019-09-22,12:02,$885,Crown Point,True,None,2,None
New_York,plattsburgh,plattsburgh,apa,6983994947,6138274088,2 Bedroom Apartment City of Plattsburgh,https://plattsburgh.craigslist.org/apa/d/plattsburgh-2-bedroom-apartment-city-of/6983994947.html,2019-09-22,08:53,$800,Plattsburgh,False,None,2,None
New_York,plattsburgh,plattsburgh,apa,6983994227,4849255782,Upstairs Apartment,https://plattsburgh.craigslist.org/apa/d/saranac-upstairs-apartment/6983994227.html,2019-09-22,08:51,$500,Dannemora,False,None,1,None
New_York,plattsburgh,plattsburgh,apa,6983993562,4849257012,One Bedroom Apartment,https://plattsburgh.craigslist.org/apa/d/saranac-one-bedroom-apartment/6983993562.html,2019-09-22,08:49,$550,Dannemora,False,None,1,700ft2
New_York,plattsburgh,plattsburgh,apa,6983913987,None,Iso 1 bedroom apartment dog friendly,https://plattsburgh.craigslist.org/apa/d/plattsburgh-iso-1-bedroom-apartment-dog/6983913987.html,2019-09-21,23:44,$700,Plattsburgh ny,False,None,1,None
New_York,plattsburgh,plattsburgh,apa,6983784844,6237373644,2 bedroom,https://plattsburgh.craigslist.org/apa/d/2-bedroom/6983784844.html,2019-09-21,18:17,$775,Keeseville,True,None,2,None
New_York,plattsburgh,plattsburgh,apa,6983769706,6591126448,"Very large, sunny 4 BR/2 Bath Apt.",https://plattsburgh.craigslist.org/apa/d/plattsburgh-very-large-sunny-4-br-2/6983769706.html,2019-09-21,17:53,$1650,None,True,None,4,2100ft2
New_York,plattsburgh,plattsburgh,apa,6983768719,6809665988,1 bedroom studio apt,https://plattsburgh.craigslist.org/apa/d/port-kent-1-bedroom-studio-apt/6983768719.html,2019-09-21,17:51,$545,Keeseville,True,None,1,None
New_York,plattsburgh,plattsburgh,apa,6966708874,None,Beautiful 2 bed in city,https://plattsburgh.craigslist.org/apa/d/plattsburgh-beautiful-2-bed-in-city/6966708874.html,2019-09-21,08:51,$825,None,True,None,2,None
New_York,plattsburgh,plattsburgh,apa,6983326254,6684130795,"2 bedroom house, garage, laundry, storage, pets allowed",https://plattsburgh.craigslist.org/apa/d/lake-placid-2-bedroom-house-garage/6983326254.html,2019-09-21,07:34,$1500,Lake Placid,True,None,2,1000ft2
New_York,plattsburgh,plattsburgh,apa,6983155576,None,Looking for 2 Bedroom,https://plattsburgh.craigslist.org/apa/d/plattsburgh-looking-for-2-bedroom/6983155576.html,2019-09-20,19:47,$1000,downtown,False,None,2,None
New_York,plattsburgh,plattsburgh,apa,6982902039,5612469753,New Construction- 2 bed 2 bath with Garage,https://plattsburgh.craigslist.org/apa/d/schuyler-falls-new-construction-2-bed-2/6982902039.html,2019-09-20,14:26,$1150,Route 22B-Peru NY,False,None,2,1000ft2
New_York,plattsburgh,plattsburgh,apa,6982851087,4716489620,Lake Champlain Rental,https://plattsburgh.craigslist.org/apa/d/lake-champlain-rental/6982851087.html,2019-09-20,13:33,$1000,Chazy NY,True,None,3,1700ft2
New_York,plattsburgh,plattsburgh,apa,6982850554,4716489620,Lake Champlain Rental,https://plattsburgh.craigslist.org/apa/d/lake-champlain-rental/6982850554.html,2019-09-20,13:33,$1000,Chazy NY,True,None,3,1700ft2
New_York,plattsburgh,plattsburgh,apa,6966687958,None,House for rent,https://plattsburgh.craigslist.org/apa/d/willsboro-house-for-rent/6966687958.html,2019-09-20,09:11,$1750,"Historic Essex, NY",False,None,None,None
New_York,plattsburgh,plattsburgh,apa,6966649520,None,Nice 2 Bedroom Apartment,https://plattsburgh.craigslist.org/apa/d/westport-nice-2-bedroom-apartment/6966649520.html,2019-09-20,09:10,$750,"Westport, NY",True,None,None,None
New_York,plattsburgh,plattsburgh,apa,6968163187,6966617877,Modern 1 Bedroom Apartment,https://plattsburgh.craigslist.org/apa/d/willsboro-modern-1-bedroom-apartment/6968163187.html,2019-09-20,09:09,$550,"Willsboro, NY",False,None,None,None
New_York,plattsburgh,plattsburgh,apa,6971875035,None,Completely renovated home in a great location and school!,https://plattsburgh.craigslist.org/apa/d/plattsburgh-completely-renovated-home/6971875035.html,2019-09-20,08:13,$510,plattsburgh,True,None,2,720ft2
New_York,plattsburgh,plattsburgh,apa,6982482457,None,1 bedroom available,https://plattsburgh.craigslist.org/apa/d/plattsburgh-1-bedroom-available/6982482457.html,2019-09-19,21:59,$750,Plattsburgh,False,None,1,None
New_York,plattsburgh,plattsburgh,apa,6982470057,None,3 bedroom,https://plattsburgh.craigslist.org/apa/d/keeseville-3-bedroom/6982470057.html,2019-09-19,21:29,$1000,Keeseville,False,None,None,None
New_York,plattsburgh,plattsburgh,apa,6974105659,None,"1 Bedroom , City , 2nd floor",https://plattsburgh.craigslist.org/apa/d/plattsburgh-1-bedroom-city-2nd-floor/6974105659.html,2019-09-19,21:13,$650,plattsburgh,True,None,1,400ft2
New_York,plattsburgh,plattsburgh,apa,6977768805,6723276252,"PEACEFUL, CHARMING apartment - FURNISHED",https://plattsburgh.craigslist.org/apa/d/lake-clear-peaceful-charming-apartment/6977768805.html,2019-09-19,18:18,$850,Saranac Lake,True,None,1,1000ft2
New_York,plattsburgh,plattsburgh,apa,6982170816,None,4 bdr. Lakefront Apt.,https://plattsburgh.craigslist.org/apa/d/ray-brook-4-bdr-lakefront-apt/6982170816.html,2019-09-19,14:17,$1895,Saranac Lake,True,None,4,None
New_York,plattsburgh,plattsburgh,apa,6982150414,None,1- Bedroom available for rent,https://plattsburgh.craigslist.org/apa/d/lake-placid-1-bedroom-available-for-rent/6982150414.html,2019-09-19,13:54,$750,"5970 Sentinel Road, Lake Placid",True,None,1,None
New_York,plattsburgh,plattsburgh,apa,6982055583,None,2-bedroom furnished apartment,https://plattsburgh.craigslist.org/apa/d/lake-placid-2-bedroom-furnished/6982055583.html,2019-09-19,12:12,$1200,"Lake Placid, Ny",True,None,2,700ft2
New_York,plattsburgh,plattsburgh,apa,6981905342,4855849416,2 Bedrm Apt-Lake Placid - $1050 per month Available November 1st,https://plattsburgh.craigslist.org/apa/d/2-bedrm-apt-lake-placid-per-month/6981905342.html,2019-09-19,08:56,$1050,Lake Placid,True,None,2,None
New_York,plattsburgh,plattsburgh,apa,6974106400,6911346197,3 Bedroom Furnished Apt in Plattsburgh Near College,https://plattsburgh.craigslist.org/apa/d/plattsburgh-3-bedroom-furnished-apt-in/6974106400.html,2019-09-19,08:32,$1200,Plattsburgh,True,None,3,882ft2
New_York,plattsburgh,plattsburgh,apa,6981859016,None,In need of 1 bedroom,https://plattsburgh.craigslist.org/apa/d/in-need-of-1-bedroom/6981859016.html,2019-09-19,05:22,$800,Saranac lake,False,None,1,None
New_York,plattsburgh,plattsburgh,apa,6981617775,None,Clean Mobile home for rent,https://plattsburgh.craigslist.org/apa/d/johnstown-clean-mobile-home-for-rent/6981617775.html,2019-09-18,17:44,$575,Gloversville,True,None,2,None
New_York,plattsburgh,plattsburgh,apa,6981623123,6771820491,Tiny House in Malone,https://plattsburgh.craigslist.org/apa/d/whippleville-tiny-house-in-malone/6981623123.html,2019-09-18,17:38,$800,Malone,True,None,1,450ft2
New_York,plattsburgh,plattsburgh,apa,6981621053,6634539557,Spectacular Large 2-3 Bedroom Apt in Victorian MaloneHouse,https://plattsburgh.craigslist.org/apa/d/whippleville-spectacular-large-2-3/6981621053.html,2019-09-18,17:36,$975,Park Street Malone,True,None,3,1400ft2
New_York,plattsburgh,plattsburgh,apa,6965759454,None,Student Housing available 2020-2021,https://plattsburgh.craigslist.org/apa/d/student-housing-available/6965759454.html,2019-09-18,16:47,$3100,Plattsburgh,True,None,None,None
New_York,plattsburgh,plattsburgh,apa,6981249033,None,2 Bedroom city apartment for rent,https://plattsburgh.craigslist.org/apa/d/plattsburgh-2-bedroom-city-apartment/6981249033.html,2019-09-18,10:41,$950,plattsburgh,True,None,2,None
New_York,plattsburgh,plattsburgh,apa,6981167386,None,Clean 1 bedroom apt with Green space,https://plattsburgh.craigslist.org/apa/d/clean-1-bedroom-apt-with-green-space/6981167386.html,2019-09-18,08:36,$675,plattsburgh,True,None,1,None
New_York,plattsburgh,plattsburgh,apa,6981147939,None,Apartment for rent!,https://plattsburgh.craigslist.org/apa/d/plattsburgh-apartment-for-rent/6981147939.html,2019-09-18,07:37,$575,"5108 North Catherine Street, Plattsburgh",True,None,1,None
New_York,plattsburgh,plattsburgh,apa,6981134121,None,1 Bedroom 1st floor apartment,https://plattsburgh.craigslist.org/apa/d/morrisonville-1-bedroom-1st-floor/6981134121.html,2019-09-18,06:20,$675,Morrisonville,True,None,None,None
New_York,plattsburgh,plattsburgh,apa,6976359399,6901698153,3 Bedroom downstair apt,https://plattsburgh.craigslist.org/apa/d/plattsburgh-3-bedroom-downstair-apt/6976359399.html,2019-09-17,20:00,$1075,Plattsburgh,True,None,3,None
New_York,plattsburgh,plattsburgh,apa,6973988263,None,SL apartments,https://plattsburgh.craigslist.org/apa/d/ray-brook-sl-apartments/6973988263.html,2019-09-17,14:52,$600,Saranac lake,False,None,None,None
New_York,plattsburgh,plattsburgh,apa,6973989256,None,Furnished one bedroom,https://plattsburgh.craigslist.org/apa/d/ray-brook-furnished-one-bedroom/6973989256.html,2019-09-17,14:52,$900,Saranac lake,False,None,None,None
New_York,plattsburgh,plattsburgh,apa,6980455382,None,1 Bedroom Cabin for Rent,https://plattsburgh.craigslist.org/apa/d/falcon-heights-1-bedroom-cabin-for-rent/6980455382.html,2019-09-17,10:18,$700,Saranac Lake,True,None,None,None
New_York,plattsburgh,plattsburgh,apa,6980457373,None,1 Bedroom Cabin,https://plattsburgh.craigslist.org/apa/d/falcon-heights-1-bedroom-cabin/6980457373.html,2019-09-17,10:07,$675,Saranac Lake,True,None,None,None
New_York,plattsburgh,plattsburgh,apa,6980394126,None,3 bedroom apt Moriah ny,https://plattsburgh.craigslist.org/apa/d/port-henry-3-bedroom-apt-moriah-ny/6980394126.html,2019-09-17,07:04,$900,None,True,None,None,None
New_York,plattsburgh,plattsburgh,apa,6980106560,4630943438,Cabin for Rent,https://plattsburgh.craigslist.org/apa/d/schroon-lake-cabin-for-rent/6980106560.html,2019-09-16,17:04,$700,SCHROON LAKE,True,None,1,None
New_York,plattsburgh,plattsburgh,apa,6980052886,None,Mooers home for rent,https://plattsburgh.craigslist.org/apa/d/mooers-mooers-home-for-rent/6980052886.html,2019-09-16,16:02,$1100,None,True,None,3,1620ft2
New_York,plattsburgh,plattsburgh,apa,6979872298,4573722055,College Housing 2020/21 semesters,https://plattsburgh.craigslist.org/apa/d/college-housing-semesters/6979872298.html,2019-09-16,12:54,$2700,72 Cornelia st apt A Plattsburgh NY,False,None,3,None
New_York,plattsburgh,plattsburgh,apa,6975628999,None,2 bedroom in city,https://plattsburgh.craigslist.org/apa/d/plattsburgh-2-bedroom-in-city/6975628999.html,2019-09-16,12:14,$825,plattsburgh,False,None,None,None
New_York,plattsburgh,plattsburgh,apa,6979813959,None,Live on Lake Champlain,https://plattsburgh.craigslist.org/apa/d/plattsburgh-live-on-lake-champlain/6979813959.html,2019-09-16,11:54,$700,Valcour,True,None,1,700ft2
New_York,plattsburgh,plattsburgh,apa,6979706489,4380666723,College Housing 2020/21 semesters,https://plattsburgh.craigslist.org/apa/d/college-housing-semesters/6979706489.html,2019-09-16,09:51,$2600,26 Williams St. Plattsburgh NY 12901,False,None,3,None
New_York,plattsburgh,plattsburgh,apa,6968540591,None,2 Bedroom with balcony,https://plattsburgh.craigslist.org/apa/d/plattsburgh-2-bedroom-with-balcony/6968540591.html,2019-09-16,09:07,$725,Downtown Plattsburgh,True,None,2,None
New_York,plattsburgh,plattsburgh,apa,6979383672,6435898875,Gorgeous 2 BDRM Apt. on Saranac Ave. in Lake Placid,https://plattsburgh.craigslist.org/apa/d/lake-placid-gorgeous-2-bdrm-apt-on/6979383672.html,2019-09-15,17:13,$1300,Lake Placid,True,None,2,900ft2
New_York,plattsburgh,plattsburgh,apa,6979093473,None,Ready now apts for rent,https://plattsburgh.craigslist.org/apa/d/ray-brook-ready-now-apts-for-rent/6979093473.html,2019-09-15,09:55,$775,Saranac Lake,False,None,None,None
New_York,plattsburgh,plattsburgh,apa,6979083900,3549937352,Clean Quiet big 2 bedroom,https://plattsburgh.craigslist.org/apa/d/saranac-lake-clean-quiet-big-2-bedroom/6979083900.html,2019-09-15,09:35,$775,Saranac Lake,False,None,2,None
New_York,plattsburgh,plattsburgh,apa,6979083705,3549937352,Clean Quiet big 2 bedroom,https://plattsburgh.craigslist.org/apa/d/saranac-lake-clean-quiet-big-2-bedroom/6979083705.html,2019-09-15,09:35,$795,"Woodruff Street, SLK",True,None,2,None
New_York,plattsburgh,plattsburgh,apa,6978898917,4749514456,Short term furnished rentals available (near Alice Hyde hospital),https://plattsburgh.craigslist.org/apa/d/whippleville-short-term-furnished/6978898917.html,2019-09-14,19:48,$975,"Malone, NY",True,None,2,None
New_York,plattsburgh,plattsburgh,apa,6978898425,4749514456,Upscale 2 Bedroom furnished (near hospital) 3rd floor,https://plattsburgh.craigslist.org/apa/d/malone-upscale-2-bedroom-furnished-near/6978898425.html,2019-09-14,19:47,$799,"Malone, NY",True,None,2,None
New_York,plattsburgh,plattsburgh,apa,6974784975,None,ROUSES POINT RENTAL AVAILABLE NOW,https://plattsburgh.craigslist.org/apa/d/rouses-point-rouses-point-rental/6974784975.html,2019-09-14,10:14,$700,Rouses Point,True,None,2,1100ft2
New_York,plattsburgh,plattsburgh,apa,6977777181,None,"*BRAND NEW* 2 Bedroom, 1 Bathroom on Main Street with deck!",https://plattsburgh.craigslist.org/apa/d/lake-placid-brand-new-2-bedroom-1/6977777181.html,2019-09-13,11:31,$1800,Lake Placid,True,None,2,None
New_York,plattsburgh,plattsburgh,apa,6977713926,None,6 bedroom,https://plattsburgh.craigslist.org/apa/d/shoreham-6-bedroom/6977713926.html,2019-09-13,10:19,$2500,Ticonderoga,False,None,6,4500ft2
New_York,plattsburgh,plattsburgh,apa,6977511425,None,Beautiful 3BR/2 Bath in Mooers,https://plattsburgh.craigslist.org/apa/d/mooers-beautiful-3br-2-bath-in-mooers/6977511425.html,2019-09-12,21:45,$1100,None,True,None,3,1620ft2
New_York,plattsburgh,plattsburgh,apa,6955987583,6352606348,Apartments and Houses for Rent (Plattsburgh Area),https://plattsburgh.craigslist.org/apa/d/apartments-and-houses-for-rent/6955987583.html,2019-09-12,15:34,$550,Plattsburg,True,None,None,None
New_York,plattsburgh,plattsburgh,apa,6958392723,None,Beautiful Apartment in Lake Placid,https://plattsburgh.craigslist.org/apa/d/lake-placid-beautiful-apartment-in-lake/6958392723.html,2019-09-12,06:55,$1300,Lake Placid,True,None,2,850ft2
New_York,plattsburgh,plattsburgh,apa,6976338033,None,Very quiet and nice neighborhood.,https://plattsburgh.craigslist.org/apa/d/plattsburgh-very-quiet-and-nice/6976338033.html,2019-09-11,14:11,$0,None,False,None,None,None
New_York,plattsburgh,plattsburgh,apa,6975670329,None,One Bedroom apartments,https://plattsburgh.craigslist.org/apa/d/plattsburgh-one-bedroom-apartments/6975670329.html,2019-09-10,13:52,$805,Plattsburgh,True,None,1,500ft2
New_York,plattsburgh,plattsburgh,apa,6959750958,6828218923,1 Studio for Rent available Sept. 25,https://plattsburgh.craigslist.org/apa/d/lake-placid-1-studio-for-rent-available/6959750958.html,2019-09-10,12:38,$650,Lake Placid,True,None,None,300ft2
New_York,plattsburgh,plattsburgh,apa,6975316317,4856293880,Very large 1 Bedroom furnished apartment (near hospital),https://plattsburgh.craigslist.org/apa/d/malone-very-large-1-bedroom-furnished/6975316317.html,2019-09-09,23:52,$750,Malone,True,None,1,None
New_York,plattsburgh,plattsburgh,apa,6975217937,None,1 bedroom apt for rent,https://plattsburgh.craigslist.org/apa/d/ray-brook-1-bedroom-apt-for-rent/6975217937.html,2019-09-09,20:11,$800,Saranac lake,True,None,1,None
New_York,plattsburgh,plattsburgh,apa,6955597654,5147063130,1 Semester Lease Fall - Suite Style Living - Private Bedroom+Bathroom,https://plattsburgh.craigslist.org/apa/d/plattsburgh-1-semester-lease-fall-suite/6955597654.html,2019-09-09,16:15,$3450,5035 South Catherine St,True,None,4,None
New_York,plattsburgh,plattsburgh,apa,6974706139,None,"3 bdrm, 2 bath_room `home with Separate Shower!",https://plattsburgh.craigslist.org/apa/d/3-bdrm-2-bathroom-home-with-separate/6974706139.html,2019-09-09,12:27,$550,plattsburgh,True,None,3,1055ft2
New_York,plattsburgh,plattsburgh,apa,6974715879,6262883710,2 bedroom in SL with heat included,https://plattsburgh.craigslist.org/apa/d/2-bedroom-in-sl-with-heat-included/6974715879.html,2019-09-09,10:44,$800,Saranac Lake,True,None,2,None
New_York,plattsburgh,plattsburgh,apa,6962909288,None,CITY,https://plattsburgh.craigslist.org/apa/d/plattsburgh-city/6962909288.html,2019-09-08,18:05,$785,Plattsburgh,False,None,1,None
New_York,plattsburgh,plattsburgh,apa,6974100814,None,House for Rent,https://plattsburgh.craigslist.org/apa/d/lake-placid-house-for-rent/6974100814.html,2019-09-08,12:06,$825,"Lake Placid, NY",True,None,2,920ft2
New_York,plattsburgh,plattsburgh,apa,6973769412,None,Apartment for rent with a backyard your own entrance,https://plattsburgh.craigslist.org/apa/d/cadyville-apartment-for-rent-with/6973769412.html,2019-09-07,18:04,$850,Cadyville,False,None,3,None
New_York,plattsburgh,plattsburgh,apa,6973639285,3710346426,apts. for rent,https://plattsburgh.craigslist.org/apa/d/saranac-lake-apts-for-rent/6973639285.html,2019-09-07,15:08,$625,"Saranac Lake, NY 12983",False,None,1,None
New_York,plattsburgh,plattsburgh,apa,6955843956,None,"Private, Spacious 1 bedroom 2 bath house",https://plattsburgh.craigslist.org/apa/d/ray-brook-private-spacious-1-bedroom-2/6955843956.html,2019-09-07,14:32,$1500,None,True,None,1,None
New_York,plattsburgh,plattsburgh,apa,6973448727,6312237149,STUDENT RENTAL Spring 2020,https://plattsburgh.craigslist.org/apa/d/student-rental-spring-2020/6973448727.html,2019-09-07,11:38,$2300,Plattsburgh,False,None,3,None
New_York,plattsburgh,plattsburgh,apa,6973350806,None,"3 bdrm, 2 bath_room `home with Separate Shower!",https://plattsburgh.craigslist.org/apa/d/plattsburgh-3-bdrm-2-bathroom-home-with/6973350806.html,2019-09-07,11:12,$560,plattsburgh,True,None,3,855ft2
New_York,plattsburgh,plattsburgh,apa,6972987327,None,Loon lake rental,https://plattsburgh.craigslist.org/apa/d/bloomingdale-loon-lake-rental/6972987327.html,2019-09-06,17:02,$1500,Loon lake,True,None,None,None
New_York,plattsburgh,plattsburgh,apa,6972883246,None,2 Bedroom House,https://plattsburgh.craigslist.org/apa/d/westport-2-bedroom-house/6972883246.html,2019-09-06,14:43,$895,None,True,None,2,None
New_York,plattsburgh,plattsburgh,apa,6953746969,None,4 bedroom House for Rent,https://plattsburgh.craigslist.org/apa/d/plattsburgh-4-bedroom-house-for-rent/6953746969.html,2019-09-06,10:34,$560,plattsburgh,True,None,4,1140ft2
New_York,plattsburgh,plattsburgh,apa,6952716443,None,2+ BR City apt.,https://plattsburgh.craigslist.org/apa/d/plattsburgh-2-br-city-apt/6952716443.html,2019-09-06,08:42,$950,Oak St,True,None,2,None
New_York,plattsburgh,plattsburgh,apa,6972315990,None,1 bedroom close to town,https://plattsburgh.craigslist.org/apa/d/ray-brook-1-bedroom-close-to-town/6972315990.html,2019-09-05,18:25,$650,Saranac Lake,True,None,1,None
New_York,plattsburgh,plattsburgh,apa,6971687783,None,3 Bedroom 1 bath for rent,https://plattsburgh.craigslist.org/apa/d/wilmington-3-bedroom-1-bath-for-rent/6971687783.html,2019-09-04,21:43,$1400,"Wilmington, Adirondacks near Lake Placid, Keene and Jay",True,None,3,1100ft2
New_York,plattsburgh,plattsburgh,apa,6971655277,None,Apartment for rent,https://plattsburgh.craigslist.org/apa/d/au-sable-forks-apartment-for-rent/6971655277.html,2019-09-04,21:34,$900,AuSable Forks,True,None,3,None
New_York,plattsburgh,plattsburgh,apa,6971520059,None,Nice clean apartment,https://plattsburgh.craigslist.org/apa/d/plattsburgh-nice-clean-apartment/6971520059.html,2019-09-04,17:20,$625,Plattsburgh,True,None,None,None
New_York,plattsburgh,plattsburgh,apa,6971191667,None,Student College Housing Fall 2020/Spring 2021,https://plattsburgh.craigslist.org/apa/d/plattsburgh-student-college-housing/6971191667.html,2019-09-04,11:22,$2745,None,True,None,4,None
New_York,plattsburgh,plattsburgh,apa,6971174825,None,Student College Housing Fall 2020/Spring 2021,https://plattsburgh.craigslist.org/apa/d/plattsburgh-student-college-housing/6971174825.html,2019-09-04,11:04,$2595,None,True,None,4,None
New_York,plattsburgh,plattsburgh,apa,6971172665,None,"Student Housing. 3 bedroom Apt, 1 Bedroom Available",https://plattsburgh.craigslist.org/apa/d/plattsburgh-student-housing-3-bedroom/6971172665.html,2019-09-04,11:01,$2000,Plattsburgh,True,None,3,None
New_York,plattsburgh,plattsburgh,apa,6950970302,None,"2 bedroom, 2 bath on the 1 floor",https://plattsburgh.craigslist.org/apa/d/plattsburgh-2-bedroom-2-bath-on-the-1/6950970302.html,2019-09-04,09:51,$1250,67 Club Road,True,None,2,1050ft2
New_York,plattsburgh,plattsburgh,apa,6971068055,None,Single bedroom Shared,https://plattsburgh.craigslist.org/apa/d/lake-placid-single-bedroom-shared/6971068055.html,2019-09-04,08:29,$500,Lake placid,True,None,1,None
New_York,plattsburgh,plattsburgh,apa,6971060994,None,One bedroom in Rouses Point,https://plattsburgh.craigslist.org/apa/d/rouses-point-one-bedroom-in-rouses-point/6971060994.html,2019-09-04,08:10,$735,None,True,None,1,None
New_York,plattsburgh,plattsburgh,apa,6971031925,None,1 Bedroom in college/downtown area,https://plattsburgh.craigslist.org/apa/d/plattsburgh-1-bedroom-in-college/6971031925.html,2019-09-04,05:40,$690,Plattsburgh,False,None,1,700ft2
New_York,plattsburgh,plattsburgh,apa,6970337771,6939533842,Large 3BR/1BA City Apt,https://plattsburgh.craigslist.org/apa/d/plattsburgh-large-3br-1ba-city-apt/6970337771.html,2019-09-03,09:37,$1350,Plattsburgh,True,None,3,None
New_York,plattsburgh,plattsburgh,apa,6970283421,None,1 br loft apartment,https://plattsburgh.craigslist.org/apa/d/altona-1-br-loft-apartment/6970283421.html,2019-09-03,07:38,$750,Altona,True,None,1,600ft2
New_York,plattsburgh,plattsburgh,apa,6966299301,None,2 and 1 bedroom In a college housing building available now!,https://plattsburgh.craigslist.org/apa/d/plattsburgh-2-and-1-bedroom-in-college/6966299301.html,2019-09-03,05:26,$850,Plattsburgh,False,None,2,800ft2
New_York,plattsburgh,plattsburgh,apa,6970083852,None,Newly Renovated 1 Bedroom Apartment,https://plattsburgh.craigslist.org/apa/d/plattsburgh-newly-renovated-1-bedroom/6970083852.html,2019-09-02,19:05,$775,"Sailley Avenue, Plattsburgh NY",True,None,1,None
New_York,plattsburgh,plattsburgh,apa,6969693673,6810290389,4 bedroom college housing,https://plattsburgh.craigslist.org/apa/d/plattsburgh-4-bedroom-college-housing/6969693673.html,2019-09-02,10:36,$2500,Morrison,True,None,None,None
New_York,plattsburgh,plattsburgh,apa,6948589698,None,1 Bedroom Apartment/Keeseville,https://plattsburgh.craigslist.org/apa/d/keeseville-1-bedroom-apartment/6948589698.html,2019-09-02,09:55,$500,None,True,None,1,None
New_York,plattsburgh,plattsburgh,apa,6951659084,None,Three bedroom 4bathroom Property Red Creek,https://plattsburgh.craigslist.org/apa/d/westmoreland-three-bedroom-4bathroom/6951659084.html,2019-09-01,19:32,$1006,Red Creek,True,None,3,1647ft2
New_York,plattsburgh,plattsburgh,apa,6969351238,None,1 person efficiency apt. Utilities inc.,https://plattsburgh.craigslist.org/apa/d/plattsburgh-1-person-efficiency-apt/6969351238.html,2019-09-01,16:16,$450,Plattsburgh,True,None,1,None
New_York,plattsburgh,plattsburgh,apa,6969210960,None,1bedroom apt on Chateaugay Lake,https://plattsburgh.craigslist.org/apa/d/lyon-mountain-1bedroom-apt-on/6969210960.html,2019-09-01,12:46,$625,Merrill,True,None,1,None
New_York,plattsburgh,plattsburgh,apa,6960209758,None,1 bedroom bath for rent,https://plattsburgh.craigslist.org/apa/d/plattsburgh-1-bedroom-bath-for-rent/6960209758.html,2019-08-31,12:53,$580,Plattsburger,True,None,1,None
New_York,plattsburgh,plattsburgh,apa,6962413000,None,Luxury 1 Bedroom 1 Bath Duplex,https://plattsburgh.craigslist.org/apa/d/plattsburgh-luxury-1-bedroom-1-bath/6962413000.html,2019-08-31,12:52,$950,Plattsburgh,True,None,1,None
New_York,plattsburgh,plattsburgh,apa,6952945701,6687321641,Newly Furnished Apartment in Historic Mansion,https://plattsburgh.craigslist.org/apa/d/plattsburgh-newly-furnished-apartment/6952945701.html,2019-08-31,12:47,$1400,Plattsburgh,True,None,1,None
New_York,plattsburgh,plattsburgh,apa,6968582748,None,1 Bedroom Apartment Downtown Saranac Lake,https://plattsburgh.craigslist.org/apa/d/1-bedroom-apartment-downtown-saranac/6968582748.html,2019-08-31,11:50,$620,Saranac Lake,True,None,1,None
New_York,plattsburgh,plattsburgh,apa,6968579668,None,1 Bedroom Apartment Downtown Saranac Lake,https://plattsburgh.craigslist.org/apa/d/1-bedroom-apartment-downtown-saranac/6968579668.html,2019-08-31,11:46,$620,Saranac Lake,True,None,1,None
New_York,plattsburgh,plattsburgh,apa,6959940557,None,"City , 1 Bedroom , First Floor",https://plattsburgh.craigslist.org/apa/d/plattsburgh-city-1-bedroom-first-floor/6959940557.html,2019-08-31,11:16,$800,Plattsburgh,True,None,1,None
New_York,plattsburgh,plattsburgh,apa,6956753511,3462562268,"CITY 2 Bedroom Executive Rental with Extra Room, Lake View & Garage",https://plattsburgh.craigslist.org/apa/d/city-2-bedroom-executive-rental-with/6956753511.html,2019-08-31,10:12,$1400,Plattsburgh,True,None,2,1450ft2
New_York,plattsburgh,plattsburgh,apa,6967881831,None,"city, 2 bedroom, 1st floor, available Sept 15, 2019",https://plattsburgh.craigslist.org/apa/d/plattsburgh-city-2-bedroom-1st-floor/6967881831.html,2019-08-30,11:38,$800,plattsburgh,True,None,2,925ft2
New_York,plattsburgh,plattsburgh,apa,6947776376,None,New 2 bedroom student housing 2019-2020 semesters,https://plattsburgh.craigslist.org/apa/d/plattsburgh-new-2-bedroom-student/6947776376.html,2019-08-30,09:22,$3495,plattsburgh,False,None,2,None
New_York,plattsburgh,plattsburgh,apa,6954670945,None,1Bd- Student Singles - Furnished,https://plattsburgh.craigslist.org/apa/d/plattsburgh-1bd-student-singles/6954670945.html,2019-08-30,08:48,$3000,Plattsburgh,True,None,1,None
New_York,plattsburgh,plattsburgh,apa,6954660493,6946420556,1Bd-Student Singles - Brinkerhoff St.,https://plattsburgh.craigslist.org/apa/d/plattsburgh-1bd-student-singles/6954660493.html,2019-08-30,08:48,$2850,Plattsburgh,True,None,1,None
New_York,plattsburgh,plattsburgh,apa,6947345066,6904702120,Single Rooms available,https://plattsburgh.craigslist.org/apa/d/plattsburgh-single-rooms-available/6947345066.html,2019-08-29,16:32,$500,Plattsburgh,True,None,4,1200ft2
New_York,plattsburgh,plattsburgh,apa,6948001688,4906109139,4 Bedroom/2 full bath Apartment!!,https://plattsburgh.craigslist.org/apa/d/plattsburgh-4-bedroom-2-full-bath/6948001688.html,2019-08-29,16:32,$1350,Plattsburgh,True,None,4,1000ft2
New_York,plattsburgh,plattsburgh,apa,6967064058,6464345596,Fully Furnished Student Housing,https://plattsburgh.craigslist.org/apa/d/plattsburgh-fully-furnished-student/6967064058.html,2019-08-29,08:52,$610,Plattsburgh,False,None,4,None
New_York,plattsburgh,plattsburgh,apa,6955545334,4722877837,4 Bedroom For Rent,https://plattsburgh.craigslist.org/apa/d/4-bedroom-for-rent/6955545334.html,2019-08-29,07:14,$1100,Couch Street,True,None,4,None
New_York,plattsburgh,plattsburgh,apa,6966417606,None,A little slice of heaven LOG HOME Augur Lake,https://plattsburgh.craigslist.org/apa/d/keeseville-little-slice-of-heaven-log/6966417606.html,2019-08-28,10:47,$1050,Keeseville,True,None,2,1050ft2
New_York,plattsburgh,plattsburgh,apa,6951373110,4541586893,Large 2 Bedroom Townhouse,https://plattsburgh.craigslist.org/apa/d/large-2-bedroom-townhouse/6951373110.html,2019-08-27,16:20,$900,"Rouses Point, NY",True,None,2,1200ft2
New_York,plattsburgh,plattsburgh,apa,6944969793,5856652328,5 Student apartments for spring semester 2020,https://plattsburgh.craigslist.org/apa/d/plattsburgh-5-student-apartments-for/6944969793.html,2019-08-27,11:55,$2500,48 Couch Street,True,None,5,1380ft2
New_York,plattsburgh,plattsburgh,apa,6965621659,6464031531,$650 Plattsburgh (point au rouche),https://plattsburgh.craigslist.org/apa/d/plattsburgh-650-plattsburgh-point-au/6965621659.html,2019-08-27,09:39,$650,None,True,None,1,None
New_York,plattsburgh,plattsburgh,apa,6954657481,6852957194,2Bd- 21 Wells St. - Student Housing,https://plattsburgh.craigslist.org/apa/d/plattsburgh-2bd-21-wells-st-student/6954657481.html,2019-08-26,08:17,$2850,21 Wells St. - Unit 2W,True,None,2,None
New_York,plattsburgh,plattsburgh,apa,6954656000,6852946019,2Bd- 101 Brinkerhoff - Student Housing,https://plattsburgh.craigslist.org/apa/d/plattsburgh-2bd-101-brinkerhoff-student/6954656000.html,2019-08-26,08:17,$2500,101B Brinkerhoff St.,True,None,2,None
New_York,plattsburgh,plattsburgh,apa,6964549858,6634732556,Furnished waterfront winter home -  8 month lease,https://plattsburgh.craigslist.org/apa/d/gabriels-furnished-waterfront-winter/6964549858.html,2019-08-25,17:49,$740,Paul Smiths NY,True,None,3,None
New_York,plattsburgh,plattsburgh,apa,6963570187,None,1 bedroom/1 bath apt,https://plattsburgh.craigslist.org/apa/d/plattsburgh-1-bedroom-1-bath-apt/6963570187.html,2019-08-24,09:50,$895,Plattsburgh,True,None,1,None
New_York,plattsburgh,plattsburgh,apa,6943526079,None,/Month:1-2 Bed-Renovated apts with Views of Lake Champlain,https://plattsburgh.craigslist.org/apa/d/plattsburgh-month1-2-bed-renovated-apts/6943526079.html,2019-08-24,07:02,$850,"Hamilton Street, Plattsburgh, NY",True,None,None,None
New_York,plattsburgh,plattsburgh,apa,6962785975,None,Very nice 2 bdrm in city,https://plattsburgh.craigslist.org/apa/d/plattsburgh-very-nice-2-bdrm-in-city/6962785975.html,2019-08-23,08:20,$950,Plattsburgh,True,None,2,None
New_York,plattsburgh,plattsburgh,apa,6950576111,6690146108,3 Bedroom College Apts-Now Renting for Fall/2019-Spring/2020,https://plattsburgh.craigslist.org/apa/d/plattsburgh-3-bedroom-college-apts-now/6950576111.html,2019-08-22,16:42,$2400,62 Broad St.,True,None,3,882ft2
New_York,plattsburgh,plattsburgh,apa,6946768856,6709760680,Lake house in Mt View,https://plattsburgh.craigslist.org/apa/d/owls-head-lake-house-in-mt-view/6946768856.html,2019-08-22,10:33,$1550,Mountain View,False,None,4,1500ft2
New_York,plattsburgh,plattsburgh,apa,6946769062,6709760680,Lake house in Mt View,https://plattsburgh.craigslist.org/apa/d/owls-head-lake-house-in-mt-view/6946769062.html,2019-08-22,10:33,$1550,Mountain View,False,None,4,1500ft2
New_York,plattsburgh,plattsburgh,apa,6941894691,6904710057,Large 3 bedroom college apartment available for Fall Spring,https://plattsburgh.craigslist.org/apa/d/plattsburgh-large-3-bedroom-college/6941894691.html,2019-08-22,09:40,$3000,Plattsburgh,True,None,3,1100ft2
New_York,plattsburgh,plattsburgh,apa,6941901989,None,International Student Housing Available,https://plattsburgh.craigslist.org/apa/d/plattsburgh-international-student/6941901989.html,2019-08-22,09:39,$3000,Plattsburgh,True,None,4,1000ft2
New_York,plattsburgh,plattsburgh,apa,6941894999,6904702120,Beautiful 4 bed/2 full bath apartment for College Fall/Spring 2019,https://plattsburgh.craigslist.org/apa/d/plattsburgh-beautiful-4-bed-2-full-bath/6941894999.html,2019-08-22,09:39,$3000,Plattsburgh,True,None,4,1200ft2
New_York,plattsburgh,plattsburgh,apa,6961985611,None,"$2000 / 3br, 130 Brinkerhoff St.- Student Housing",https://plattsburgh.craigslist.org/apa/d/plattsburgh-br-130-brinkerhoff-st/6961985611.html,2019-08-22,00:42,$2000,Plattsburgh,False,None,3,1000ft2
New_York,plattsburgh,plattsburgh,apa,6954658542,6852970817,4Bd- 5 Broad St.- Student Housing,https://plattsburgh.craigslist.org/apa/d/plattsburgh-4bd-5-broad-st-student/6954658542.html,2019-08-21,22:46,$2400,5D Broad St.,True,None,4,None
New_York,plattsburgh,plattsburgh,apa,6954658380,6852965794,3Bd - 5 Broad St.- Student Housing,https://plattsburgh.craigslist.org/apa/d/plattsburgh-3bd-5-broad-st-student/6954658380.html,2019-08-21,22:46,$2400,5A Broad St.,True,None,3,None
New_York,plattsburgh,plattsburgh,apa,6954657575,6852961302,3Bd- 21 Wells St. - Student Housing,https://plattsburgh.craigslist.org/apa/d/plattsburgh-3bd-21-wells-st-student/6954657575.html,2019-08-21,22:46,$2850,21 Wells St. - Unit 2E,True,None,3,None
New_York,plattsburgh,plattsburgh,apa,6954655897,6852932293,3Bd- 99 Brinkerhoff- Student Housing,https://plattsburgh.craigslist.org/apa/d/plattsburgh-3bd-99-brinkerhoff-student/6954655897.html,2019-08-21,22:46,$2500,99B Brinkerhoff St.,True,None,3,None
New_York,plattsburgh,plattsburgh,apa,6954655802,6852937893,3Bd- 101 Brinkerhoff- Student Housing,https://plattsburgh.craigslist.org/apa/d/plattsburgh-3bd-101-brinkerhoff-student/6954655802.html,2019-08-21,22:45,$2650,101A Brinkerhoff St.,True,None,3,None
New_York,plattsburgh,plattsburgh,apa,6961856262,None,CITY,https://plattsburgh.craigslist.org/apa/d/plattsburgh-city/6961856262.html,2019-08-21,19:42,$785,Plaattsburgh,False,None,1,None
New_York,plattsburgh,plattsburgh,apa,6961789870,6838152712,CHAZY NY STUDIO APT. FOR RENT,https://plattsburgh.craigslist.org/apa/d/chazy-chazy-ny-studio-apt-for-rent/6961789870.html,2019-08-21,17:58,$650,CHAZY NY,True,None,None,None
New_York,plattsburgh,plattsburgh,apa,6953619941,None,Two Bedroom In College Area!,https://plattsburgh.craigslist.org/apa/d/plattsburgh-two-bedroom-in-college-area/6953619941.html,2019-08-21,13:30,$850,Plattsburgh,True,None,2,850ft2
New_York,plattsburgh,plattsburgh,apa,6961509511,6657213532,3 Bedroom house,https://plattsburgh.craigslist.org/apa/d/plattsburgh-3-bedroom-house/6961509511.html,2019-08-21,12:45,$1325,Robinson Terrace,True,None,3,None
New_York,plattsburgh,plattsburgh,apa,6944034784,None,Cozy Cabin for Rent,https://plattsburgh.craigslist.org/apa/d/plattsburgh-cozy-cabin-for-rent/6944034784.html,2019-08-21,06:39,$1550,None,True,None,1,1000ft2
New_York,plattsburgh,plattsburgh,apa,6960785897,None,Saranac Lake 1 BR,https://plattsburgh.craigslist.org/apa/d/ray-brook-saranac-lake-1-br/6960785897.html,2019-08-20,13:20,$850,Saranac Laake,False,None,1,None
New_York,plattsburgh,plattsburgh,apa,6955455125,None,"BEAUTIFUL LAKESIDE CONDOMINIUM, WITH STUNNING VIEWS",https://plattsburgh.craigslist.org/apa/d/ray-brook-beautiful-lakeside/6955455125.html,2019-08-19,22:19,$700,"Lake Placid, NY 12946",True,None,2,1481ft2
New_York,plattsburgh,plattsburgh,apa,6950840667,None,Close to Campus 1 student college housing,https://plattsburgh.craigslist.org/apa/d/plattsburgh-close-to-campus-1-student/6950840667.html,2019-08-19,14:03,$2300,52 Broad St,True,None,5,None
New_York,plattsburgh,plattsburgh,apa,6960044103,None,NOT FOR RENT,https://plattsburgh.craigslist.org/apa/d/plattsburgh-not-for-rent/6960044103.html,2019-08-19,13:50,$0,64 Cumberland Ave,True,None,None,None
New_York,plattsburgh,plattsburgh,apa,6959749463,None,Apartment for rent!,https://plattsburgh.craigslist.org/apa/d/keeseville-apartment-for-rent/6959749463.html,2019-08-19,07:46,$850,"1612 Front Street, Keeseville, New York",True,None,2,700ft2
New_York,plattsburgh,plattsburgh,apa,6889729239,5856652328,5 Student apartments,https://plattsburgh.craigslist.org/apa/d/plattsburgh-5-student-apartments/6889729239.html,2019-06-07,16:22,$2500,48 Couch Street,True,None,5,1380ft2
New_York,plattsburgh,plattsburgh,apa,6885664520,None,City 1 bedroom with lots of character,https://plattsburgh.craigslist.org/apa/d/plattsburgh-city-1-bedroom-with-lots-of/6885664520.html,2019-06-07,16:21,$875,52 Cornelia Street,True,None,1,None
New_York,plattsburgh,plattsburgh,apa,6889659479,None,City  1 bedroom apartment on the 1st floor,https://plattsburgh.craigslist.org/apa/d/plattsburgh-city-1-bedroom-apartment-on/6889659479.html,2019-06-07,16:19,$875,78 South Peru Street,True,None,1,640ft2
New_York,plattsburgh,plattsburgh,apa,6890816335,None,College 2 bedroom,https://plattsburgh.craigslist.org/apa/d/plattsburgh-college-2-bedroom/6890816335.html,2019-06-07,10:41,$2550,108 court st,False,None,2,800ft2
