Texas,victoriatx,victoriatx,apa,6992043190,None,Lease Now and Get 1 Month Free Rent!!,https://victoriatx.craigslist.org/apa/d/victoria-lease-now-and-get-1-month-free/6992043190.html,2019-10-03,15:13,$1309,"2402 N. Ben Wilson St Victoria, TX",True,None,2,1195ft2
Texas,victoriatx,victoriatx,apa,6991917577,None,"Lovely House with Fireplace, Lovely Natural Light, Hardwood Floors",https://victoriatx.craigslist.org/apa/d/victoria-lovely-house-with-fireplace/6991917577.html,2019-10-03,14:12,$570,victoria,True,None,3,700ft2
Texas,victoriatx,victoriatx,apa,6991832277,None,Upgraded `home in perfect area!,https://victoriatx.craigslist.org/apa/d/victoria-upgraded-home-in-perfect-area/6991832277.html,2019-10-03,12:34,$630,victoria,True,None,2,1020ft2
Texas,victoriatx,victoriatx,apa,6991869979,None,1/1 Available for Immediate Move-In! Pool View!,https://victoriatx.craigslist.org/apa/d/victoria-1-1-available-for-immediate/6991869979.html,2019-10-03,11:59,$920,"2402 N. Ben Wilson St Victoria, TX",True,None,1,670ft2
Texas,victoriatx,victoriatx,apa,6991859774,None,Great town homes ready to call your own!!!,https://victoriatx.craigslist.org/apa/d/victoria-great-town-homes-ready-to-call/6991859774.html,2019-10-03,11:47,$679,4405 N. Navarro,True,None,1,644ft2
Texas,victoriatx,victoriatx,apa,6991859070,None,Spacious three bedroom two bath homes!!!,https://victoriatx.craigslist.org/apa/d/victoria-spacious-three-bedroom-two/6991859070.html,2019-10-03,11:47,$1028,4405 N. Navarro,True,None,3,1088ft2
Texas,victoriatx,victoriatx,apa,6987351735,None,Great Schools 4 bedroom 2 bth breathtaking Private Patio Refugio Cuero,https://victoriatx.craigslist.org/apa/d/refugio-great-schools-4-bedroom-2-bth/6987351735.html,2019-10-03,11:04,$1190,Francitas or Port La,True,None,5,1100ft2
Texas,victoriatx,victoriatx,apa,6991800364,None,Save $1285 Today!! Call Today for Details!!,https://victoriatx.craigslist.org/apa/d/victoria-save-1285-today-call-today-for/6991800364.html,2019-10-03,10:43,$1285,"2402 N. Ben Wilson St Victoria, TX",True,None,2,1074ft2
Texas,victoriatx,victoriatx,apa,6991793381,None,Renovated one bedroom homes ready for a move-in,https://victoriatx.craigslist.org/apa/d/victoria-renovated-one-bedroom-homes/6991793381.html,2019-10-03,10:35,$749,2107 N Ben Jordan,True,None,1,647ft2
Texas,victoriatx,victoriatx,apa,6991766680,2892816328,ranch house - furnished,https://victoriatx.craigslist.org/apa/d/ranch-house-furnished/6991766680.html,2019-10-03,10:04,$2000,mission valley area,True,None,4,1600ft2
Texas,victoriatx,victoriatx,apa,6991677755,None,2 bedroom/2 bath apartment,https://victoriatx.craigslist.org/apa/d/victoria-2-bedroom-2-bath-apartment/6991677755.html,2019-10-03,09:53,$876,"victoria, TX",True,None,2,1400ft2
Texas,victoriatx,victoriatx,apa,6991737194,6217666756,I Buy Houses AS IS for a FAIR PRICE on the DATE of your CHOICE,https://victoriatx.craigslist.org/apa/d/buy-houses-as-is-for-fair-price-on-the/6991737194.html,2019-10-03,09:37,$123456,Victoria,True,None,None,None
Texas,victoriatx,victoriatx,apa,6986574119,None,3 Bedroom Apartments AVAILABLE NOW,https://victoriatx.craigslist.org/apa/d/victoria-3-bedroom-apartments-available/6986574119.html,2019-10-03,07:54,$857,"victoria, TX",True,None,3,None
Texas,victoriatx,victoriatx,apa,6976886472,5958129687,Stop In TODAY! All Bills Paid Cabins From * 198 Wkly *W/Wifi & Cable!,https://victoriatx.craigslist.org/apa/d/bloomington-stop-in-today-all-bills/6976886472.html,2019-10-03,00:23,$198,None,True,None,1,None
Texas,victoriatx,victoriatx,apa,6986762392,6931884929,$197.50 Cabanas por renta. Cable y WiFi gratis. TODAS FACTURAS PAGADAS,https://victoriatx.craigslist.org/apa/d/bloomington-cabanas-por-renta-cable/6986762392.html,2019-10-03,00:23,$198,Bloomington TX,True,None,1,None
Texas,victoriatx,victoriatx,apa,6986762523,5934980042,*FROM 197.50 Wkly*All Bills Paid Cabins W/WIfi & Cable!!,https://victoriatx.craigslist.org/apa/d/bloomington-from-wklyall-bills-paid/6986762523.html,2019-10-03,00:22,$198,Bloomington TX,True,None,1,None
Texas,victoriatx,victoriatx,apa,6983268451,None,"1 bedroom apartment, downtown Victoria, TX",https://victoriatx.craigslist.org/apa/d/victoria-1-bedroom-apartment-downtown/6983268451.html,2019-10-02,23:56,$750,"Downtown, Victoria Texas",True,None,1,650ft2
Texas,victoriatx,victoriatx,apa,6991575411,None,Olivia (Port Lavaca),https://victoriatx.craigslist.org/apa/d/point-comfort-olivia-port-lavaca/6991575411.html,2019-10-02,22:34,$0,None,True,None,2,None
Texas,victoriatx,victoriatx,apa,6991522338,None,Mobile home for rent,https://victoriatx.craigslist.org/apa/d/goliad-mobile-home-for-rent/6991522338.html,2019-10-02,20:44,$1200,None,True,None,3,None
Texas,victoriatx,victoriatx,apa,6991487329,6596623520,5TH WHEEL RV FOR LEASE $500 PER MTH PLUS ELECTRIC,https://victoriatx.craigslist.org/apa/d/fannin-5th-wheel-rv-for-lease-500-per/6991487329.html,2019-10-02,19:07,$500,"Fannin, TX",True,None,2,350ft2
Texas,victoriatx,victoriatx,apa,6991487083,6170461176,VERY NICE 5TH WHEEL TRAILER FOR RENT $500.00 PER MONTH,https://victoriatx.craigslist.org/apa/d/fannin-very-nice-5th-wheel-trailer-for/6991487083.html,2019-10-02,19:06,$500,"Fannin, TX",True,None,2,350ft2
Texas,victoriatx,victoriatx,apa,6991327808,None,Call Now and Ask About Short Term Leasing!,https://victoriatx.craigslist.org/apa/d/victoria-call-now-and-ask-about-short/6991327808.html,2019-10-02,15:20,$1375,"2402 N. Ben Wilson St Victoria, TX",True,None,2,1074ft2
Texas,victoriatx,victoriatx,apa,6991043401,None,Lease the Largest 2x2 in Town Now And Save $1309!,https://victoriatx.craigslist.org/apa/d/victoria-lease-the-largest-2x2-in-town/6991043401.html,2019-10-02,10:10,$1309,"2402 N. Ben Wilson St Victoria, TX",True,None,2,1195ft2
Texas,victoriatx,victoriatx,apa,6980884126,None,Nicely remodeled 3 bedroom 2 bath current covered porch Point Comfort,https://victoriatx.craigslist.org/apa/d/victoria-nicely-remodeled-3-bedroom-2/6980884126.html,2019-10-02,02:09,$1160,Placedo or Austwell,True,None,4,2012ft2
Texas,victoriatx,victoriatx,apa,6990696813,None,Call Today and Ask About Our Move-In Specials!,https://victoriatx.craigslist.org/apa/d/victoria-call-today-and-ask-about-our/6990696813.html,2019-10-01,17:27,$1315,"2402 N. Ben Wilson St Victoria, TX",True,None,2,1187ft2
Texas,victoriatx,victoriatx,apa,6990695875,6858193408,Move In Specials! Great Location! All Bills Paid!,https://victoriatx.craigslist.org/apa/d/victoria-move-in-specials-great/6990695875.html,2019-10-01,17:26,$890,Victoria,True,None,1,660ft2
Texas,victoriatx,victoriatx,apa,6990641669,None,Short Term Leases Available! Call for Details!!,https://victoriatx.craigslist.org/apa/d/victoria-short-term-leases-available/6990641669.html,2019-10-01,16:12,$1309,"2402 N. Ben Wilson St Victoria, TX",True,None,2,1195ft2
Texas,victoriatx,victoriatx,apa,6990636368,None,Stop In and Take a Tour of Our Beautiful Community!,https://victoriatx.craigslist.org/apa/d/victoria-stop-in-and-take-tour-of-our/6990636368.html,2019-10-01,16:05,$1275,"2402 N. Ben Wilson St Victoria, TX",True,None,2,1074ft2
Texas,victoriatx,victoriatx,apa,6990461714,None,"Lovely House with Fireplace, Lovely Natural Light, Hardwood Floors",https://victoriatx.craigslist.org/apa/d/victoria-lovely-house-with-fireplace/6990461714.html,2019-10-01,14:37,$600,victoria,True,None,2,810ft2
Texas,victoriatx,victoriatx,apa,6990553171,None,Apartment for rent in Seadrift,https://victoriatx.craigslist.org/apa/d/seadrift-apartment-for-rent-in-seadrift/6990553171.html,2019-10-01,14:25,$1600,Seadrift Texas,True,None,1,800ft2
Texas,victoriatx,victoriatx,apa,6988010718,None,House for Rent!,https://victoriatx.craigslist.org/apa/d/victoria-house-for-rent/6988010718.html,2019-10-01,14:08,$1600,The Hamlet,True,None,4,1435ft2
Texas,victoriatx,victoriatx,apa,6990502985,None,House for rent in Seadrift,https://victoriatx.craigslist.org/apa/d/seadrift-house-for-rent-in-seadrift/6990502985.html,2019-10-01,13:29,$2000,Seadrift Texas,True,None,2,1350ft2
Texas,victoriatx,victoriatx,apa,6990478652,None,Apartments and rooms for Rent,https://victoriatx.craigslist.org/apa/d/port-lavaca-apartments-and-rooms-for/6990478652.html,2019-10-01,13:03,$500,San Antonio,True,None,2,None
Texas,victoriatx,victoriatx,apa,6986660223,None,**198 Wkly** Stop By Today!!All Bills Paid Cabins W/Wifi & Cable!!,https://victoriatx.craigslist.org/apa/d/placedo-198-wkly-stop-by-todayall-bills/6986660223.html,2019-10-01,12:31,$198,Bloomington,True,None,1,None
Texas,victoriatx,victoriatx,apa,6984762642,None,**198 Wkly** Stop In Today! ALL BILLS PAID CABINS**,https://victoriatx.craigslist.org/apa/d/placedo-198-wkly-stop-in-today-all/6984762642.html,2019-10-01,12:31,$198,Bloomington,True,None,1,None
Texas,victoriatx,victoriatx,apa,6981545554,None,**$198 Wkly**All Bills Paid Cabins W/Wifi & Cable!!,https://victoriatx.craigslist.org/apa/d/placedo-198-wklyall-bills-paid-cabins/6981545554.html,2019-10-01,12:30,$198,Bloomington,True,None,1,None
Texas,victoriatx,victoriatx,apa,6977085113,None,Stop By Today!!!Weekly Rentals/All Bills Paid!!,https://victoriatx.craigslist.org/apa/d/placedo-stop-by-todayweekly-rentals-all/6977085113.html,2019-10-01,12:30,$198,Bloomington,True,None,1,None
Texas,victoriatx,victoriatx,apa,6990321478,None,'Tis the season for Autumn Park!!!,https://victoriatx.craigslist.org/apa/d/victoria-tis-the-season-for-autumn-park/6990321478.html,2019-10-01,10:14,$1028,4405 N. Navarro,True,None,3,1088ft2
Texas,victoriatx,victoriatx,apa,6990321240,None,Come make home with Autumn Park,https://victoriatx.craigslist.org/apa/d/victoria-come-make-home-with-autumn-park/6990321240.html,2019-10-01,10:14,$679,4405 N. Navarro,True,None,1,644ft2
Texas,victoriatx,victoriatx,apa,6990290112,None,$199 total move-in wont last long!!,https://victoriatx.craigslist.org/apa/d/victoria-199-total-move-in-wont-last/6990290112.html,2019-10-01,09:37,$895,2107 N Ben Jordan,True,None,2,869ft2
Texas,victoriatx,victoriatx,apa,6990233844,None,*////**ALL OUT OF OPTIONS BECAUSE OF EVICTIONS?**////**WE SAY YES**//,https://victoriatx.craigslist.org/apa/d/nursery-all-out-of-options-because-of/6990233844.html,2019-10-01,09:36,$75,None,True,None,None,None
Texas,victoriatx,victoriatx,apa,6990233822,None,*////**ALL OUT OF OPTIONS BECAUSE OF EVICTIONS?**////**WE SAY YES**//,https://victoriatx.craigslist.org/apa/d/nursery-all-out-of-options-because-of/6990233822.html,2019-10-01,09:33,$75,None,True,None,None,None
Texas,victoriatx,victoriatx,apa,6990230666,None,2 Bedroom 1 Bath Apt in Cuero.,https://victoriatx.craigslist.org/apa/d/victoria-2-bedroom-1-bath-apt-in-cuero/6990230666.html,2019-10-01,09:17,$600,"victoria, TX",True,None,2,None
Texas,victoriatx,victoriatx,apa,6979669728,None,Bayou Bridge RV Park,https://victoriatx.craigslist.org/apa/d/seadrift-bayou-bridge-rv-park/6979669728.html,2019-10-01,04:47,$225,"211 E. Broadway, Seadrift, Texas 77983",False,None,1,240ft2
Texas,victoriatx,victoriatx,apa,6990120420,None,Rv lot for rent,https://victoriatx.craigslist.org/apa/d/goliad-rv-lot-for-rent/6990120420.html,2019-09-30,22:39,$375,Goliad,True,None,None,None
Texas,victoriatx,victoriatx,apa,6989922031,None,Charming 2 bedroom cottage in downtown,https://victoriatx.craigslist.org/apa/d/victoria-charming-2-bedroom-cottage-in/6989922031.html,2019-09-30,16:27,$850,Victoria,False,None,2,None
Texas,victoriatx,victoriatx,apa,6986173222,6873817177,UPDATED! ALL BILLS PAID! GREAT AMENITIES! GREAT LOCATION! SPECIALS!,https://victoriatx.craigslist.org/apa/d/victoria-updated-all-bills-paid-great/6986173222.html,2019-09-30,14:39,$1265,Victoria,True,None,2,1289ft2
Texas,victoriatx,victoriatx,apa,6989816006,None,1 Month FREE Rent on 2/2s! Call for Details!,https://victoriatx.craigslist.org/apa/d/victoria-1-month-free-rent-on-2-2s-call/6989816006.html,2019-09-30,14:20,$1309,"2402 N. Ben Wilson St Victoria, TX",True,None,2,1195ft2
Texas,victoriatx,victoriatx,apa,6989796041,None,1st Floor 2/2 Available Now! 1 MONTH FREE RENT!,https://victoriatx.craigslist.org/apa/d/victoria-1st-floor-2-2-available-now-1/6989796041.html,2019-09-30,13:58,$1315,"2402 N. Ben Wilson St Victoria, TX",True,None,2,1187ft2
Texas,victoriatx,victoriatx,apa,6986437352,6880945061,1 BEDROOM ALL BILLS PAID ON MAGNOLIA BEACH!!!,https://victoriatx.craigslist.org/apa/d/port-lavaca-1-bedroom-all-bills-paid-on/6986437352.html,2019-09-30,13:39,$1000,Port Lavaca,False,None,1,900ft2
Texas,victoriatx,victoriatx,apa,6986433042,6729968513,1 bedroom apt. Furnished or unfurnished $800 ABP,https://victoriatx.craigslist.org/apa/d/port-lavaca-1-bedroom-apt-furnished-or/6986433042.html,2019-09-30,13:36,$800,Magnolia Beach,False,None,None,800ft2
Texas,victoriatx,victoriatx,apa,6986433680,6880945061,1 bedroom all Bills paid on magnolia beach!!!,https://victoriatx.craigslist.org/apa/d/port-lavaca-1-bedroom-all-bills-paid-on/6986433680.html,2019-09-30,13:35,$800,Port Lavaca,False,None,1,800ft2
Texas,victoriatx,victoriatx,apa,6986438365,6880945061,1 bedroom all Bills paid on magnolia beach!!!,https://victoriatx.craigslist.org/apa/d/port-lavaca-1-bedroom-all-bills-paid-on/6986438365.html,2019-09-30,13:35,$1000,Port Lavaca,False,None,1,900ft2
Texas,victoriatx,victoriatx,apa,6989761167,None,Lease Now & Save $1275!!,https://victoriatx.craigslist.org/apa/d/victoria-lease-now-save-1275/6989761167.html,2019-09-30,13:20,$1275,"2402 N. Ben Wilson St Victoria, TX",True,None,2,1074ft2
Texas,victoriatx,victoriatx,apa,6989724857,None,"1 BDRM, 1 BATH APARTMENT",https://victoriatx.craigslist.org/apa/d/victoria-1-bdrm-1-bath-apartment/6989724857.html,2019-09-30,12:41,$650,NEAR DOWNTOWN,True,None,1,None
Texas,victoriatx,victoriatx,apa,6989650009,None,2 WEEKS FREE ON AVAILABLE-READY UNITS,https://victoriatx.craigslist.org/apa/d/victoria-2-weeks-free-on-available/6989650009.html,2019-09-30,11:23,$850,VICTORIA,True,None,1,630ft2
Texas,victoriatx,victoriatx,apa,6989647563,None,Great town homes ready to move-in,https://victoriatx.craigslist.org/apa/d/victoria-great-town-homes-ready-to-move/6989647563.html,2019-09-30,11:20,$679,4405 N. Navarro,True,None,1,644ft2
Texas,victoriatx,victoriatx,apa,6989647264,None,Three bedroom ready for a move-in,https://victoriatx.craigslist.org/apa/d/victoria-three-bedroom-ready-for-move-in/6989647264.html,2019-09-30,11:20,$1028,4405 N. Navarro,True,None,3,1088ft2
Texas,victoriatx,victoriatx,apa,6989634972,None,Garage Apartment,https://victoriatx.craigslist.org/apa/d/victoria-garage-apartment/6989634972.html,2019-09-30,11:07,$950,Historic District,True,None,1,600ft2
Texas,victoriatx,victoriatx,apa,6989630285,None,AVAILABLE MID OCT Located in Sandy Hills,https://victoriatx.craigslist.org/apa/d/victoria-available-mid-oct-located-in/6989630285.html,2019-09-30,11:02,$895,775 Guadalupe RD.,True,None,3,None
Texas,victoriatx,victoriatx,apa,6989604020,None,Two bedroom homes ready to call our own!!,https://victoriatx.craigslist.org/apa/d/victoria-two-bedroom-homes-ready-to/6989604020.html,2019-09-30,10:34,$895,2107 N Ben Jordan,True,None,2,865ft2
Texas,victoriatx,victoriatx,apa,6981456129,None,3 Bedroom Single Family Home- OPEN HOUSE THURSDAY Sept 19 @ 9:30-11:30,https://victoriatx.craigslist.org/apa/d/victoria-3-bedroom-single-family-home/6981456129.html,2019-09-30,07:57,$700,"Victoria, TX",True,None,3,1590ft2
Texas,victoriatx,victoriatx,apa,6989158481,None,Three bedroom home ready to call your own,https://victoriatx.craigslist.org/apa/d/victoria-three-bedroom-home-ready-to/6989158481.html,2019-09-29,14:49,$1028,4405 N. Navarro,True,None,3,1088ft2
Texas,victoriatx,victoriatx,apa,6989158338,None,Great Town homes just waiting for you!!!,https://victoriatx.craigslist.org/apa/d/victoria-great-town-homes-just-waiting/6989158338.html,2019-09-29,14:49,$679,4405 N. Navarro,True,None,1,644ft2
Texas,victoriatx,victoriatx,apa,6988684909,6975107232,2 bedroom/ 1 bath ALL BILLS PAID and Fully furnished,https://victoriatx.craigslist.org/apa/d/port-lavaca-2-bedroom-1-bath-all-bills/6988684909.html,2019-09-28,16:56,$1800,Port Lavaca,True,None,2,900ft2
Texas,victoriatx,victoriatx,apa,6988663775,None,Largest 2/2 with 1 Month FREE!!,https://victoriatx.craigslist.org/apa/d/victoria-largest-2-2-with-1-month-free/6988663775.html,2019-09-28,16:23,$1299,"2402 N. Ben Wilson St Victoria, TX",True,None,2,1195ft2
Texas,victoriatx,victoriatx,apa,6988661215,None,Stop by to Save $1315 Today!!,https://victoriatx.craigslist.org/apa/d/victoria-stop-by-to-save-1315-today/6988661215.html,2019-09-28,16:19,$1315,"2402 N. Ben Wilson St Victoria, TX",True,None,2,1187ft2
Texas,victoriatx,victoriatx,apa,6988609422,None,Lease Today and Save $1275!!,https://victoriatx.craigslist.org/apa/d/victoria-lease-today-and-save-1275/6988609422.html,2019-09-28,15:06,$1285,"2402 N. Ben Wilson St Victoria, TX",True,None,2,1074ft2
Texas,victoriatx,victoriatx,apa,6988470600,None,Upgraded `home in perfect area!,https://victoriatx.craigslist.org/apa/d/victoria-upgraded-home-in-perfect-area/6988470600.html,2019-09-28,12:38,$520,victoria,True,None,3,1090ft2
Texas,victoriatx,victoriatx,apa,6982362523,None,All bills paid RV Spots Weekly and monthly sites available now,https://victoriatx.craigslist.org/apa/d/port-lavaca-all-bills-paid-rv-spots/6982362523.html,2019-09-27,18:38,$550,Port Lavaca / Magnolia Beach Area,True,None,None,None
Texas,victoriatx,victoriatx,apa,6967763431,5776971098,open  7PM W-F,https://victoriatx.craigslist.org/apa/d/open-7pm-f/6967763431.html,2019-09-27,17:00,$989,Victoria,True,None,2,1100ft2
Texas,victoriatx,victoriatx,apa,6974983194,None,Danville Village,https://victoriatx.craigslist.org/apa/d/beeville-danville-village/6974983194.html,2019-09-27,14:29,$799,Beeville TX,True,None,None,None
Texas,victoriatx,victoriatx,apa,6987838612,6135987819,Vista Del Sol Apartments,https://victoriatx.craigslist.org/apa/d/victoria-vista-del-sol-apartments/6987838612.html,2019-09-27,13:29,$675,Victoria,False,None,1,620ft2
Texas,victoriatx,victoriatx,apa,6987813064,5636714432,Home for rent,https://victoriatx.craigslist.org/apa/d/home-for-rent/6987813064.html,2019-09-27,12:58,$975,1805 san jacinto,True,None,2,1075ft2
Texas,victoriatx,victoriatx,apa,6987721974,None,Three bedroom two bath for a move-in,https://victoriatx.craigslist.org/apa/d/victoria-three-bedroom-two-bath-for/6987721974.html,2019-09-27,11:24,$1028,4405 N. Navarro,True,None,1,1088ft2
Texas,victoriatx,victoriatx,apa,6987721262,None,$199 total move-in wont last long!!,https://victoriatx.craigslist.org/apa/d/victoria-199-total-move-in-wont-last/6987721262.html,2019-09-27,11:23,$679,4405 N. Navarro,True,None,1,644ft2
Texas,victoriatx,victoriatx,apa,6987705640,None,$199 total move-in special.!!,https://victoriatx.craigslist.org/apa/d/victoria-199-total-move-in-special/6987705640.html,2019-09-27,11:07,$705,2107 N Ben Jordan,True,None,1,647ft2
Texas,victoriatx,victoriatx,apa,6987618596,None,Move In Special $199,https://victoriatx.craigslist.org/apa/d/victoria-move-in-special-199/6987618596.html,2019-09-27,09:29,$759,Victoria,False,None,2,795ft2
Texas,victoriatx,victoriatx,apa,6972433720,None,"Quiet country living, 2/1 w bonus room!",https://victoriatx.craigslist.org/apa/d/victoria-quiet-country-living-2-1-bonus/6972433720.html,2019-09-26,19:04,$950,"Victoria, TX",True,None,2,890ft2
Texas,victoriatx,victoriatx,apa,6972418027,None,"Desirable 2/1, large kitchen, NICE built-in features",https://victoriatx.craigslist.org/apa/d/victoria-desirable-2-1-large-kitchen/6972418027.html,2019-09-26,16:27,$950,"Victoria, TX",True,None,2,955ft2
Texas,victoriatx,victoriatx,apa,6987053956,None,Upgraded `home in perfect area!,https://victoriatx.craigslist.org/apa/d/victoria-upgraded-home-in-perfect-area/6987053956.html,2019-09-26,14:12,$570,victoria,True,None,2,750ft2
Texas,victoriatx,victoriatx,apa,6986945079,None,First Floor 2/2  - 1 MONTH FREE!  IMMEDIATE MOVE IN!,https://victoriatx.craigslist.org/apa/d/victoria-first-floor-month-free/6986945079.html,2019-09-26,10:19,$1351,Victoria,True,None,2,1153ft2
Texas,victoriatx,victoriatx,apa,6986940182,None,FREE RENT ON 2/2! CALL FOR DETAILS!!,https://victoriatx.craigslist.org/apa/d/victoria-free-rent-on-2-2-call-for/6986940182.html,2019-09-26,10:13,$1315,Victoria,True,None,2,None
Texas,victoriatx,victoriatx,apa,6986935276,None,Gorgeous Two Bedroom - 1 MONTH FREE!!,https://victoriatx.craigslist.org/apa/d/victoria-gorgeous-two-bedroom-1-month/6986935276.html,2019-09-26,10:07,$1299,Victoria,True,None,2,None
Texas,victoriatx,victoriatx,apa,6986931921,None,Come see the changes at Autumn Park,https://victoriatx.craigslist.org/apa/d/victoria-come-see-the-changes-at-autumn/6986931921.html,2019-09-26,10:03,$679,4405 N. Navarro,True,None,1,644ft2
Texas,victoriatx,victoriatx,apa,6986931808,None,Welcome to your new home!,https://victoriatx.craigslist.org/apa/d/victoria-welcome-to-your-new-home/6986931808.html,2019-09-26,10:03,$1028,4405 N. Navarro,True,None,3,1088ft2
Texas,victoriatx,victoriatx,apa,6986917048,None,Autumn Park Apartments,https://victoriatx.craigslist.org/apa/d/victoria-autumn-park-apartments/6986917048.html,2019-09-26,09:44,$620,Victoria,True,None,1,501ft2
Texas,victoriatx,victoriatx,apa,6986906790,None,First floor homes to call our own!!!,https://victoriatx.craigslist.org/apa/d/victoria-first-floor-homes-to-call-our/6986906790.html,2019-09-26,09:31,$705,2107 N Ben Jordan,True,None,1,644ft2
Texas,victoriatx,victoriatx,apa,6966802784,None,**ALL BILLS PAID**$198 WKLY STOP IN TODAY!!,https://victoriatx.craigslist.org/apa/d/placedo-all-bills-paid198-wkly-stop-in/6966802784.html,2019-09-25,18:52,$198,Bloomington,True,None,1,None
Texas,victoriatx,victoriatx,apa,6967951503,None,**$198 Wkly**Stop In Today!!ALL Bills Paid Cabins**,https://victoriatx.craigslist.org/apa/d/placedo-198-wklystop-in-todayall-bills/6967951503.html,2019-09-25,18:52,$198,Bloomington,True,None,1,None
Texas,victoriatx,victoriatx,apa,6972689068,None,AVAILABLE MID OCT!! Located in Sandy Hills Estates,https://victoriatx.craigslist.org/apa/d/victoria-available-mid-oct-located-in/6972689068.html,2019-09-25,16:54,$895,775 GUADALUPE #5,True,None,3,None
Texas,victoriatx,victoriatx,apa,6982296971,None,NEW LISTING!! The Oaks Townhomes off Westwood,https://victoriatx.craigslist.org/apa/d/victoria-new-listing-the-oaks-townhomes/6982296971.html,2019-09-25,16:53,$1195,301 westwood,True,None,None,None
Texas,victoriatx,victoriatx,apa,6984775251,None,NEW LISTING!! The Oaks Townhomes off Westwood,https://victoriatx.craigslist.org/apa/d/victoria-new-listing-the-oaks-townhomes/6984775251.html,2019-09-25,16:53,$1195,301 westwood,True,None,None,None
Texas,victoriatx,victoriatx,apa,6966595578,None,3 BDR 2.5 Bath 2 Car Garage,https://victoriatx.craigslist.org/apa/d/victoria-3-bdr-25-bath-2-car-garage/6966595578.html,2019-09-25,15:29,$1600,Victoria,False,None,3,1900ft2
Texas,victoriatx,victoriatx,apa,6986420413,None,Three bedroom ready to call home,https://victoriatx.craigslist.org/apa/d/victoria-three-bedroom-ready-to-call/6986420413.html,2019-09-25,13:44,$1028,4405 N. Navarro,True,None,3,1088ft2
Texas,victoriatx,victoriatx,apa,6986420131,None,$199 move-in special!!!,https://victoriatx.craigslist.org/apa/d/victoria-199-move-in-special/6986420131.html,2019-09-25,13:44,$679,4405 N. Navarro,True,None,1,644ft2
Texas,victoriatx,victoriatx,apa,6986362917,None,"Lovely House with Fireplace, Lovely Natural Light, Hardwood Floors",https://victoriatx.craigslist.org/apa/d/victoria-lovely-house-with-fireplace/6986362917.html,2019-09-25,13:27,$570,victoria,True,None,2,1055ft2
Texas,victoriatx,victoriatx,apa,6986391661,None,Fall in love with Sumerstone,https://victoriatx.craigslist.org/apa/d/victoria-fall-in-love-with-sumerstone/6986391661.html,2019-09-25,13:13,$685,2107 N Ben Jordan,True,None,1,644ft2
Texas,victoriatx,victoriatx,apa,6986278857,None,Upgraded `home in perfect area!,https://victoriatx.craigslist.org/apa/d/victoria-upgraded-home-in-perfect-area/6986278857.html,2019-09-25,12:24,$600,victoria,True,None,3,635ft2
Texas,victoriatx,victoriatx,apa,6986329139,None,Move In Special $199,https://victoriatx.craigslist.org/apa/d/victoria-move-in-special-199/6986329139.html,2019-09-25,12:06,$759,VIctoria,False,None,2,795ft2
Texas,victoriatx,victoriatx,apa,6972326234,6590420865,Rooms for Rent Perfect for Formosa Contractors,https://victoriatx.craigslist.org/apa/d/point-comfort-rooms-for-rent-perfect/6972326234.html,2019-09-25,10:23,$350,209 County Road 301 S,False,None,1,None
Texas,victoriatx,victoriatx,apa,6986220158,None,Large homes at just the right price!!!,https://victoriatx.craigslist.org/apa/d/victoria-large-homes-at-just-the-right/6986220158.html,2019-09-25,10:10,$1028,4405 N. Navarro,True,None,1,1088ft2
Texas,victoriatx,victoriatx,apa,6986219985,None,Amazing town homes just missing you!!!,https://victoriatx.craigslist.org/apa/d/victoria-amazing-town-homes-just/6986219985.html,2019-09-25,10:09,$679,4405 N. Navarro,True,None,1,644ft2
Texas,victoriatx,victoriatx,apa,6986212190,None,1 MONTH FREE! Large Living Space AND Study Nook!,https://victoriatx.craigslist.org/apa/d/victoria-1-month-free-large-living/6986212190.html,2019-09-25,10:00,$1309,Victoria,True,None,2,None
Texas,victoriatx,victoriatx,apa,6986206833,None,1 MONTH FREE!!  For a Limited Time Only!!,https://victoriatx.craigslist.org/apa/d/victoria-1-month-free-for-limited-time/6986206833.html,2019-09-25,09:54,$1315,Victoria,True,None,2,1187ft2
Texas,victoriatx,victoriatx,apa,6986206515,None,Great homes at amazing prices,https://victoriatx.craigslist.org/apa/d/victoria-great-homes-at-amazing-prices/6986206515.html,2019-09-25,09:53,$685,2107 N Ben Jordan,True,None,1,647ft2
Texas,victoriatx,victoriatx,apa,6986193140,None,All bills paid,https://victoriatx.craigslist.org/apa/d/victoria-all-bills-paid/6986193140.html,2019-09-25,09:49,$400,Victoria,True,None,1,None
Texas,victoriatx,victoriatx,apa,6986199425,None,2 Bedroom - 1 MONTH FREE! Limited Availability!,https://victoriatx.craigslist.org/apa/d/victoria-2-bedroom-1-month-free-limited/6986199425.html,2019-09-25,09:45,$1275,"2402 N. Ben Wilson St Victoria, TX",True,None,2,1074ft2
Texas,victoriatx,victoriatx,apa,6986196109,None,Autumn Park Apartments,https://victoriatx.craigslist.org/apa/d/victoria-autumn-park-apartments/6986196109.html,2019-09-25,09:41,$679,4405 N. Navarro,True,None,1,644ft2
Texas,victoriatx,victoriatx,apa,6985800766,None,1904 Lawndale,https://victoriatx.craigslist.org/apa/d/victoria-1904-lawndale/6985800766.html,2019-09-24,15:59,$675,Victoria,True,None,1,None
Texas,victoriatx,victoriatx,apa,6985797989,None,1801 Lawndale,https://victoriatx.craigslist.org/apa/d/victoria-1801-lawndale/6985797989.html,2019-09-24,15:56,$850,Victoria,True,None,2,None
Texas,victoriatx,victoriatx,apa,6985756913,None,Leasing Special on 2 Bedrooms! Save $649 Today!,https://victoriatx.craigslist.org/apa/d/victoria-leasing-special-on-2-bedrooms/6985756913.html,2019-09-24,15:07,$1299,"2402 N. Ben Wilson St Victoria, TX",True,None,2,1195ft2
Texas,victoriatx,victoriatx,apa,6985740507,None,"Large 2 Bedroom, Large Kitchen, Spacious Rooms! Available Now!",https://victoriatx.craigslist.org/apa/d/victoria-large-2-bedroom-large-kitchen/6985740507.html,2019-09-24,14:48,$1315,"2402 N. Ben Wilson St Victoria, TX",True,None,2,1187ft2
Texas,victoriatx,victoriatx,apa,6985724780,None,Today Only Save $637!! Call for Details!!,https://victoriatx.craigslist.org/apa/d/victoria-today-only-save-637-call-for/6985724780.html,2019-09-24,14:30,$1275,"2402 N. Ben Wilson St Victoria, TX",True,None,2,1074ft2
Texas,victoriatx,victoriatx,apa,6985622323,None,"Lovely House with Fireplace, Lovely Natural Light, Hardwood Floors",https://victoriatx.craigslist.org/apa/d/victoria-lovely-house-with-fireplace/6985622323.html,2019-09-24,13:53,$550,victoria,True,None,3,850ft2
Texas,victoriatx,victoriatx,apa,6985466897,None,Welcome home to Autumn Park,https://victoriatx.craigslist.org/apa/d/victoria-welcome-home-to-autumn-park/6985466897.html,2019-09-24,09:56,$1028,4405 N. Navarro,True,None,3,1088ft2
Texas,victoriatx,victoriatx,apa,6985466699,None,Come join us for only $199,https://victoriatx.craigslist.org/apa/d/victoria-come-join-us-for-only-199/6985466699.html,2019-09-24,09:56,$679,4405 N. Navarro,True,None,1,644ft2
Texas,victoriatx,victoriatx,apa,6985456867,None,$199 look and lease!!,https://victoriatx.craigslist.org/apa/d/victoria-199-look-and-lease/6985456867.html,2019-09-24,09:45,$685,2107 N Ben Jordan,True,None,1,644ft2
Texas,victoriatx,victoriatx,apa,6985240520,None,4br house for rent,https://victoriatx.craigslist.org/apa/d/point-comfort-4br-house-for-rent/6985240520.html,2019-09-23,20:58,$1800,Point Comfort,False,None,None,None
Texas,victoriatx,victoriatx,apa,6985140067,None,Beautiful Two Bedroom Apartment Home with a Pool View! $642 OFF!,https://victoriatx.craigslist.org/apa/d/victoria-beautiful-two-bedroom/6985140067.html,2019-09-23,17:58,$1285,"2402 N. Ben Wilson St Victoria, TX",True,None,2,1074ft2
Texas,victoriatx,victoriatx,apa,6985117109,None,SAVE $649 TODAY! CALL FOR DETAILS,https://victoriatx.craigslist.org/apa/d/victoria-save-649-today-call-for-details/6985117109.html,2019-09-23,17:25,$1299,"2402 N. Ben Wilson St Victoria, TX",True,None,2,1195ft2
Texas,victoriatx,victoriatx,apa,6984971013,None,"Handsome, updated kitchen includes sunny breakfast nook.",https://victoriatx.craigslist.org/apa/d/victoria-handsome-updated-kitchen/6984971013.html,2019-09-23,15:48,$0,None,False,None,None,None
Texas,victoriatx,victoriatx,apa,6984946625,None,A Commuters Dream Location! Save $649 Today!!,https://victoriatx.craigslist.org/apa/d/victoria-commuters-dream-location-save/6984946625.html,2019-09-23,14:07,$1299,Victoria,True,None,2,1195ft2
Texas,victoriatx,victoriatx,apa,6984912291,None,Looking for a three bedroom home? Look no further!!,https://victoriatx.craigslist.org/apa/d/victoria-looking-for-three-bedroom-home/6984912291.html,2019-09-23,13:31,$1028,4405 N. Navarro,True,None,3,1088ft2
Texas,victoriatx,victoriatx,apa,6984897618,None,Welcome home to  Autumn Park,https://victoriatx.craigslist.org/apa/d/victoria-welcome-home-to-autumn-park/6984897618.html,2019-09-23,13:17,$679,4405 N. Navarro,True,None,1,644ft2
Texas,victoriatx,victoriatx,apa,6984890876,None,$199 move-in special,https://victoriatx.craigslist.org/apa/d/victoria-199-move-in-special/6984890876.html,2019-09-23,13:10,$685,2107 N Ben Jordan,True,None,1,643ft2
Texas,victoriatx,victoriatx,apa,6984856296,None,Save $654 Today When You Apply for This Beautiful 2 Bedroom!,https://victoriatx.craigslist.org/apa/d/victoria-save-654-today-when-you-apply/6984856296.html,2019-09-23,12:36,$1309,"2402 N. Ben Wilson St Victoria, TX",True,None,2,1195ft2
Texas,victoriatx,victoriatx,apa,6984746763,None,Large 2/2 Available for Immediate Move-In! $657.50 OFF!,https://victoriatx.craigslist.org/apa/d/victoria-large-2-2-available-for/6984746763.html,2019-09-23,10:48,$1315,"2402 N. Ben Wilson St Victoria, TX",True,None,2,1187ft2
Texas,victoriatx,victoriatx,apa,6984691183,None,Move in for only $199!!!!,https://victoriatx.craigslist.org/apa/d/victoria-move-in-for-only-199/6984691183.html,2019-09-23,09:50,$679,4405 N. Navarro,True,None,1,644ft2
Texas,victoriatx,victoriatx,apa,6984689900,None,Lease Now & Get 1/2 Month Free Rent on Immediate Move-Ins!,https://victoriatx.craigslist.org/apa/d/victoria-lease-now-get-1-2-month-free/6984689900.html,2019-09-23,09:49,$1275,"2402 N. Ben Wilson St Victoria, TX",True,None,2,1074ft2
Texas,victoriatx,victoriatx,apa,6984659569,None,Come in and join us for only $199,https://victoriatx.craigslist.org/apa/d/victoria-come-in-and-join-us-for-only/6984659569.html,2019-09-23,09:13,$685,2107 N Ben Jordan,True,None,1,647ft2
Texas,victoriatx,victoriatx,apa,6984614762,6647427958,Furnished 10 Minutes to Formosa $300 Weekly Ocean Front Bills Paid,https://victoriatx.craigslist.org/apa/d/port-lavaca-furnished-10-minutes-to/6984614762.html,2019-09-23,08:11,$300,Port Lavaca,False,None,None,None
Texas,victoriatx,victoriatx,apa,6977078456,6647432257,Furnished 10 Minutes to Formosa $450 Week Up to 4 Workers,https://victoriatx.craigslist.org/apa/d/port-lavaca-furnished-10-minutes-to/6977078456.html,2019-09-23,08:10,$450,Port Lavaca,False,None,None,None
Texas,victoriatx,victoriatx,apa,6975544004,None,∯Lovely 3 Bedroom house...Waiting for YOU ~!!!,https://victoriatx.craigslist.org/apa/d/victoria-lovely-3-bedroom-housewaiting/6975544004.html,2019-09-23,08:00,$444,None,True,None,3,1200ft2
Texas,victoriatx,victoriatx,apa,6975544390,None,∯Lovely 3 Bedroom house...Waiting for YOU ~!!!,https://victoriatx.craigslist.org/apa/d/victoria-lovely-3-bedroom-housewaiting/6975544390.html,2019-09-23,08:00,$444,None,True,None,3,1200ft2
Texas,victoriatx,victoriatx,apa,6975544761,None,∯Lovely 3 Bedroom house...Waiting for YOU ~!!!,https://victoriatx.craigslist.org/apa/d/victoria-lovely-3-bedroom-housewaiting/6975544761.html,2019-09-23,08:00,$444,None,True,None,3,1200ft2
Texas,victoriatx,victoriatx,apa,6984078096,None,HOUSE FOR RENT- CORPORATE RENTAL,https://victoriatx.craigslist.org/apa/d/edna-house-for-rent-corporate-rental/6984078096.html,2019-09-22,10:38,$450,Edna Texas,True,None,2,1100ft2
Texas,victoriatx,victoriatx,apa,6983755904,None,1/2 Off App & Admin + 1/2 Month Free Rent! Call Now for Details!,https://victoriatx.craigslist.org/apa/d/victoria-1-2-off-app-admin-1-2-month/6983755904.html,2019-09-21,16:31,$1299,"2402 N. Ben Wilson St Victoria, TX",True,None,2,1195ft2
Texas,victoriatx,victoriatx,apa,6983699300,None,Two Bedroom for Immediate Move-In! 1/2 Month Free Rent!,https://victoriatx.craigslist.org/apa/d/victoria-two-bedroom-for-immediate-move/6983699300.html,2019-09-21,15:10,$1299,"2402 N. Ben Wilson St Victoria, TX",True,None,2,1195ft2
Texas,victoriatx,victoriatx,apa,6983612411,None,Call and Ask About 1/2 Month Free Rent!!,https://victoriatx.craigslist.org/apa/d/victoria-call-and-ask-about-1-2-month/6983612411.html,2019-09-21,13:23,$1299,"2402 N. Ben Wilson St Victoria, TX",True,None,2,1195ft2
Texas,victoriatx,victoriatx,apa,6983560338,None,2/2 with Pool View! 1/2 Month FREE Rent! Call for Details!,https://victoriatx.craigslist.org/apa/d/victoria-2-2-with-pool-view-1-2-month/6983560338.html,2019-09-21,12:23,$1385,"2402 N. Ben Wilson St Victoria, TX",True,None,2,1074ft2
Texas,victoriatx,victoriatx,apa,6983529266,None,SPECIAL RATES! CALL FOR MORE INFO!!,https://victoriatx.craigslist.org/apa/d/victoria-special-rates-call-for-more/6983529266.html,2019-09-21,11:49,$1309,"2402 N. Ben Wilson St Victoria, TX",True,None,2,1195ft2
Texas,victoriatx,victoriatx,apa,6983511881,None,Look & Lease Special! 1/2 Off App & Admin + 1/2 Month FREE Rent!,https://victoriatx.craigslist.org/apa/d/victoria-look-lease-special-1-2-off-app/6983511881.html,2019-09-21,11:29,$1315,"2402 N. Ben Wilson St Victoria, TX",True,None,2,1187ft2
Texas,victoriatx,victoriatx,apa,6983486454,None,Spacious three bedroom homes ready for a move-in,https://victoriatx.craigslist.org/apa/d/victoria-spacious-three-bedroom-homes/6983486454.html,2019-09-21,11:01,$1028,4405 N. Navarro,True,None,3,1088ft2
Texas,victoriatx,victoriatx,apa,6983486033,None,Lease Now & Get 1/2 Month Free Rent on Immediate Move-Ins!,https://victoriatx.craigslist.org/apa/d/victoria-lease-now-get-1-2-month-free/6983486033.html,2019-09-21,11:01,$1275,"2402 N. Ben Wilson St Victoria, TX",True,None,2,1074ft2
Texas,victoriatx,victoriatx,apa,6983485554,None,Town homes to call your own!!!,https://victoriatx.craigslist.org/apa/d/victoria-town-homes-to-call-your-own/6983485554.html,2019-09-21,11:00,$699,4405 N. Navarro,True,None,1,644ft2
Texas,victoriatx,victoriatx,apa,6983450265,None,furnished trailer,https://victoriatx.craigslist.org/apa/d/palacios-furnished-trailer/6983450265.html,2019-09-21,10:18,$400,palacios,False,None,1,300ft2
Texas,victoriatx,victoriatx,apa,6983443289,None,Great one bedrooms ready to move-in,https://victoriatx.craigslist.org/apa/d/victoria-great-one-bedrooms-ready-to/6983443289.html,2019-09-21,10:10,$685,2107 N Ben Jordan,True,None,1,647ft2
Texas,victoriatx,victoriatx,apa,6983431445,None,Autumn Park Apartments,https://victoriatx.craigslist.org/apa/d/victoria-autumn-park-apartments/6983431445.html,2019-09-21,09:55,$699,4405 N. Navarro,True,None,1,644ft2
Texas,victoriatx,victoriatx,apa,6983092160,None,1/2 Month Free on Immediate Move-Ins!!,https://victoriatx.craigslist.org/apa/d/victoria-1-2-month-free-on-immediate/6983092160.html,2019-09-20,17:09,$1299,"2402 N. Ben Wilson St Victoria, TX",True,None,2,1195ft2
Texas,victoriatx,victoriatx,apa,6983082678,None,Look & Lease Special! 1/2 Off App & Admin!,https://victoriatx.craigslist.org/apa/d/victoria-look-lease-special-1-2-off-app/6983082678.html,2019-09-20,16:56,$1285,"2402 N. Ben Wilson St Victoria, TX",True,None,2,1074ft2
Texas,victoriatx,victoriatx,apa,6983064892,None,Lease Now and Get 1/2 Month Free! Call Today!!,https://victoriatx.craigslist.org/apa/d/victoria-lease-now-and-get-1-2-month/6983064892.html,2019-09-20,16:33,$1315,"2402 N. Ben Wilson St Victoria, TX",True,None,2,1195ft2
Texas,victoriatx,victoriatx,apa,6982937180,None,Pool View You Have to See! Call to Schedule a Tour!,https://victoriatx.craigslist.org/apa/d/victoria-pool-view-you-have-to-see-call/6982937180.html,2019-09-20,14:03,$1324,"2402 N. Ben Wilson St Victoria, TX",True,None,2,1074ft2
Texas,victoriatx,victoriatx,apa,6982929403,None,Gorgeous Two Bedroom - Luxury at its Finest!,https://victoriatx.craigslist.org/apa/d/victoria-gorgeous-two-bedroom-luxury-at/6982929403.html,2019-09-20,13:54,$1349,"2402 N. Ben Wilson St Victoria, TX",True,None,2,1187ft2
Texas,victoriatx,victoriatx,apa,6982877700,None,Call Today and Ask About Our Move-In Specials!,https://victoriatx.craigslist.org/apa/d/victoria-call-today-and-ask-about-our/6982877700.html,2019-09-20,13:01,$1309,"2402 N. Ben Wilson St Victoria, TX",True,None,2,1195ft2
Texas,victoriatx,victoriatx,apa,6982833490,None,"Perfect location, fantastic homes: Autumn Park!!!",https://victoriatx.craigslist.org/apa/d/victoria-perfect-location-fantastic/6982833490.html,2019-09-20,12:15,$1028,4405 N. Navarro,True,None,3,1088ft2
Texas,victoriatx,victoriatx,apa,6982833345,None,Fantastic town homes just waiting for you!!!,https://victoriatx.craigslist.org/apa/d/victoria-fantastic-town-homes-just/6982833345.html,2019-09-20,12:15,$679,4405 N. Navarro,True,None,1,644ft2
Texas,victoriatx,victoriatx,apa,6982793089,None,$199 look and lease happening NOW!!!!,https://victoriatx.craigslist.org/apa/d/victoria-199-look-and-lease-happening/6982793089.html,2019-09-20,11:33,$685,2107 N Ben Jordan,True,None,1,647ft2
Texas,victoriatx,victoriatx,apa,6982727824,None,Come make Autumn Park your new home for only $199!!!,https://victoriatx.craigslist.org/apa/d/victoria-come-make-autumn-park-your-new/6982727824.html,2019-09-20,10:26,$679,4405 N. Navarro,True,None,3,644ft2
Texas,victoriatx,victoriatx,apa,6982691794,None,$199 gets you in and pays for Septemeber!!!,https://victoriatx.craigslist.org/apa/d/victoria-199-gets-you-in-and-pays-for/6982691794.html,2019-09-20,09:45,$679,4405 N. Navarro,True,None,1,644ft2
Texas,victoriatx,victoriatx,apa,6982672158,None,Look and Lease to get a $199 total move-in!!!,https://victoriatx.craigslist.org/apa/d/victoria-look-and-lease-to-get-199/6982672158.html,2019-09-20,09:20,$685,2107 N Ben Jordan,True,None,1,647ft2
Texas,victoriatx,victoriatx,apa,6976887610,None,Amazing Spacious with 3bed rooms and 2bath home,https://victoriatx.craigslist.org/apa/d/victoria-amazing-spacious-with-3bed/6976887610.html,2019-09-20,08:56,$480,None,True,None,3,1200ft2
Texas,victoriatx,victoriatx,apa,6976887516,None,Amazing Spacious with 3bed rooms and 2bath home,https://victoriatx.craigslist.org/apa/d/victoria-amazing-spacious-with-3bed/6976887516.html,2019-09-20,08:56,$480,None,True,None,3,1200ft2
Texas,victoriatx,victoriatx,apa,6976887768,None,Amazing Spacious with 3bed rooms and 2bath home,https://victoriatx.craigslist.org/apa/d/victoria-amazing-spacious-with-3bed/6976887768.html,2019-09-20,08:56,$480,None,True,None,3,1200ft2
Texas,victoriatx,victoriatx,apa,6961362584,5776971098,3x2   ask about move in special,https://victoriatx.craigslist.org/apa/d/3x2-ask-about-move-in-special/6961362584.html,2019-09-20,07:54,$989,Victoria,True,None,3,1100ft2
Texas,victoriatx,victoriatx,apa,6982242982,None,Tour Today and Get a Great Move-In Special! Call for Details!,https://victoriatx.craigslist.org/apa/d/victoria-tour-today-and-get-great-move/6982242982.html,2019-09-19,14:39,$1309,"2402 N. Ben Wilson St Victoria, TX",True,None,2,1195ft2
Texas,victoriatx,victoriatx,apa,6982132095,None,@**W0w-LuXury LiVing__3bdrm 2Bath APPLY IMMEDIATELY!!!!,https://victoriatx.craigslist.org/apa/d/victoria-w0w-luxury-living3bdrm-2bath/6982132095.html,2019-09-19,14:20,$450,None,True,None,3,1200ft2
Texas,victoriatx,victoriatx,apa,6982132087,None,@**W0w-LuXury LiVing__3bdrm 2Bath APPLY IMMEDIATELY!!!!,https://victoriatx.craigslist.org/apa/d/victoria-w0w-luxury-living3bdrm-2bath/6982132087.html,2019-09-19,13:50,$450,None,True,None,3,1200ft2
Texas,victoriatx,victoriatx,apa,6982132018,None,@**W0w-LuXury LiVing__3bdrm 2Bath APPLY IMMEDIATELY!!!!,https://victoriatx.craigslist.org/apa/d/victoria-w0w-luxury-living3bdrm-2bath/6982132018.html,2019-09-19,13:31,$450,None,True,None,3,1200ft2
Texas,victoriatx,victoriatx,apa,6982182851,None,MOVE-IN SPECIAL! CALL FOR MORE INFO!,https://victoriatx.craigslist.org/apa/d/victoria-move-in-special-call-for-more/6982182851.html,2019-09-19,13:31,$1299,"2402 N. Ben Wilson St Victoria, TX",True,None,2,1195ft2
Texas,victoriatx,victoriatx,apa,6982061414,None,Lease Now and Get $250 Off This Two Bedroom for Immediate Move-In!,https://victoriatx.craigslist.org/apa/d/victoria-lease-now-and-get-250-off-this/6982061414.html,2019-09-19,11:18,$1359,"2402 N. Ben Wilson St Victoria, TX",True,None,2,1187ft2
Texas,victoriatx,victoriatx,apa,6982038908,None,Beautiful High Rise Pool View 2/2! Lease Today and Get $250 Off!,https://victoriatx.craigslist.org/apa/d/victoria-beautiful-high-rise-pool-view/6982038908.html,2019-09-19,10:53,$1349,"2402 N. Ben Wilson St Victoria, TX",True,None,2,1074ft2
Texas,victoriatx,victoriatx,apa,6981968741,None,Spacious three bedroom homes!!!!,https://victoriatx.craigslist.org/apa/d/victoria-spacious-three-bedroom-homes/6981968741.html,2019-09-19,09:32,$1028,4405 N. Navarro,True,None,3,1088ft2
Texas,victoriatx,victoriatx,apa,6981963543,None,Great town homes ready to call your own!!!,https://victoriatx.craigslist.org/apa/d/victoria-great-town-homes-ready-to-call/6981963543.html,2019-09-19,09:25,$679,4405 N. Navarro,True,None,1,644ft2
Texas,victoriatx,victoriatx,apa,6981961288,None,$199 total move-in wont last long!!,https://victoriatx.craigslist.org/apa/d/victoria-199-total-move-in-wont-last/6981961288.html,2019-09-19,09:22,$685,2107 N. Ben Jordan,True,None,1,647ft2
Texas,victoriatx,victoriatx,apa,6961363553,5776971098,READY FOR MOVE IN $199.00 move in special,https://victoriatx.craigslist.org/apa/d/ready-for-move-in-move-in-special/6961363553.html,2019-09-19,08:01,$989,Victoria,True,None,3,1100ft2
Texas,victoriatx,victoriatx,apa,6960580996,5776971098,Ask about Free rent !,https://victoriatx.craigslist.org/apa/d/victoria-ask-about-free-rent/6960580996.html,2019-09-19,08:01,$989,Victoria,True,None,3,1100ft2
Texas,victoriatx,victoriatx,apa,6981750473,None,"4812 Kilpatrick Ave, Fort Worth, TX 76107",https://victoriatx.craigslist.org/apa/d/fort-worth-4812-kilpatrick-ave-fort/6981750473.html,2019-09-18,20:11,$750,Fort Worth,True,None,3,1306ft2
Texas,victoriatx,victoriatx,apa,6981502484,None,Three bedroom two bath just missing you!!!,https://victoriatx.craigslist.org/apa/d/victoria-three-bedroom-two-bath-just/6981502484.html,2019-09-18,14:16,$1028,4405 N. Navarro,True,None,3,1088ft2
Texas,victoriatx,victoriatx,apa,6981501725,None,Make a new home with us for just $199,https://victoriatx.craigslist.org/apa/d/victoria-make-new-home-with-us-for-just/6981501725.html,2019-09-18,14:14,$679,4405 N. Navarro,True,None,1,644ft2
Texas,victoriatx,victoriatx,apa,6981495353,None,Just a couple more people will get out $199 total move in !!,https://victoriatx.craigslist.org/apa/d/victoria-just-couple-more-people-will/6981495353.html,2019-09-18,14:08,$685,2107 N Ben Jordan,True,None,1,647ft2
Texas,victoriatx,victoriatx,apa,6981296120,None,Autumn Park Apartments,https://victoriatx.craigslist.org/apa/d/victoria-autumn-park-apartments/6981296120.html,2019-09-18,10:35,$679,Victoria,True,None,1,644ft2
Texas,victoriatx,victoriatx,apa,6981295839,None,NEXT THREE PEOPLE TO APPLY FOR ASAP MOVE IN GET $199 MOVE-IN!!!,https://victoriatx.craigslist.org/apa/d/victoria-next-three-people-to-apply-for/6981295839.html,2019-09-18,10:35,$685,2107 N. Ben Jordan,True,None,1,647ft2
Texas,victoriatx,victoriatx,apa,6981230298,None,Only two more people will get to move in with $299,https://victoriatx.craigslist.org/apa/d/victoria-only-two-more-people-will-get/6981230298.html,2019-09-18,09:17,$685,2107 N Ben Jordan,True,None,1,647ft2
Texas,victoriatx,victoriatx,apa,6962073735,5776971098,3x2  open until 7PM W-F,https://victoriatx.craigslist.org/apa/d/3x2-open-until-7pm-f/6962073735.html,2019-09-18,08:14,$989,Victoria,True,None,2,1100ft2
Texas,victoriatx,victoriatx,apa,6980913964,None,$199.00 Move In Special!!!,https://victoriatx.craigslist.org/apa/d/victoria-move-in-special/6980913964.html,2019-09-17,17:19,$820,4405 N. Navarro,True,None,2,907ft2
Texas,victoriatx,victoriatx,apa,6980858712,None,Beautiful Two Bedroom - EXTRA Large Bedrooms - Awesome Kitchen!,https://victoriatx.craigslist.org/apa/d/victoria-beautiful-two-bedroom-extra/6980858712.html,2019-09-17,16:06,$1349,"2402 N. Ben Wilson St Victoria, TX",True,None,2,1187ft2
Texas,victoriatx,victoriatx,apa,6960806420,5776971098,Ask about Free rent !,https://victoriatx.craigslist.org/apa/d/victoria-ask-about-free-rent/6960806420.html,2019-09-17,15:37,$989,Victoria,True,None,3,1100ft2
Texas,victoriatx,victoriatx,apa,6967435696,None,Superb 2bed/1bath home rent for this September in victoria TX $340,https://victoriatx.craigslist.org/apa/d/victoria-superb-2bed-1bath-home-rent/6967435696.html,2019-09-17,14:49,$340,None,True,None,None,None
Texas,victoriatx,victoriatx,apa,6980758556,None,1003 E Hiller,https://victoriatx.craigslist.org/apa/d/victoria-1003-hiller/6980758556.html,2019-09-17,14:09,$750,Victoria TX,True,None,2,None
Texas,victoriatx,victoriatx,apa,6980681014,None,Last Days of Summer Move-In Special and Discounted Rates!,https://victoriatx.craigslist.org/apa/d/victoria-last-days-of-summer-move-in/6980681014.html,2019-09-17,12:47,$1309,"2402 N. Ben Wilson St Victoria, TX",True,None,2,1195ft2
Texas,victoriatx,victoriatx,apa,6980562016,None,1 BEDROOM APARTMENT,https://victoriatx.craigslist.org/apa/d/victoria-1-bedroom-apartment/6980562016.html,2019-09-17,10:46,$625,DOWNTOWN VICTORIA,True,None,1,None
Texas,victoriatx,victoriatx,apa,6980537404,None,Three bedroom two bath ready to move-in,https://victoriatx.craigslist.org/apa/d/victoria-three-bedroom-two-bath-ready/6980537404.html,2019-09-17,10:20,$1028,4405 N. Navarro,True,None,3,1088ft2
Texas,victoriatx,victoriatx,apa,6980537138,None,Come see all the changes at Autumn Park!!!,https://victoriatx.craigslist.org/apa/d/victoria-come-see-all-the-changes-at/6980537138.html,2019-09-17,10:19,$679,4405 N. Navarro,True,None,1,644ft2
Texas,victoriatx,victoriatx,apa,6980489508,None,Come make your new home with Summerstone!!!,https://victoriatx.craigslist.org/apa/d/victoria-come-make-your-new-home-with/6980489508.html,2019-09-17,09:24,$685,2107 Ben Jordan,True,None,1,647ft2
Texas,victoriatx,victoriatx,apa,6960579696,5776971098,3x2  - $199.00 move in special,https://victoriatx.craigslist.org/apa/d/3x-move-in-special/6960579696.html,2019-09-17,08:17,$989,Victoria,True,None,3,1100ft2
Texas,victoriatx,victoriatx,apa,6980155822,None,Stop in to Tour and See What Living the Difference is All About!,https://victoriatx.craigslist.org/apa/d/victoria-stop-in-to-tour-and-see-what/6980155822.html,2019-09-16,17:05,$1349,"2402 N. Ben Wilson St Victoria, TX",True,None,2,1187ft2
Texas,victoriatx,victoriatx,apa,6980106159,None,Large Living Space AND Study Nook + Great Discounted Rate!,https://victoriatx.craigslist.org/apa/d/victoria-large-living-space-and-study/6980106159.html,2019-09-16,16:04,$1299,"2402 N. Ben Wilson St Victoria, TX",True,None,2,1195ft2
Texas,victoriatx,victoriatx,apa,6980021458,5245532792,Riverfront RV Lot for Rent,https://victoriatx.craigslist.org/apa/d/thomaston-riverfront-rv-lot-for-rent/6980021458.html,2019-09-16,14:27,$450,Cuero,True,None,None,None
Texas,victoriatx,victoriatx,apa,6979988719,None,Lease Now & Get $250 Off Your First Months Rent on This 2/2!!,https://victoriatx.craigslist.org/apa/d/victoria-lease-now-get-250-off-your/6979988719.html,2019-09-16,13:53,$1309,"2402 N. Ben Wilson St Victoria, TX",True,None,2,1195ft2
Texas,victoriatx,victoriatx,apa,6979805928,None,Town homes ready to call your own!!!,https://victoriatx.craigslist.org/apa/d/victoria-town-homes-ready-to-call-your/6979805928.html,2019-09-16,10:46,$679,4405 N. Navarro,True,None,1,644ft2
Texas,victoriatx,victoriatx,apa,6979803021,None,Three bedroom two bath ready to call home,https://victoriatx.craigslist.org/apa/d/victoria-three-bedroom-two-bath-ready/6979803021.html,2019-09-16,10:43,$1028,4405 N. Navarro,True,None,3,1088ft2
Texas,victoriatx,victoriatx,apa,6979796968,None,$299 total move-in ending soon!!!,https://victoriatx.craigslist.org/apa/d/victoria-299-total-move-in-ending-soon/6979796968.html,2019-09-16,10:36,$685,2107 N Ben Jordan,True,None,1,647ft2
Texas,victoriatx,victoriatx,apa,6979539023,None,mobile home for rent,https://victoriatx.craigslist.org/apa/d/victoria-mobile-home-for-rent/6979539023.html,2019-09-15,21:02,$1000,"Flamingo Estates Mobile Home Pk, Victoria, TX",True,None,3,1200ft2
Texas,victoriatx,victoriatx,apa,6979408997,5507282928,$450 Month all bills paid RENT 32ft  ONE BEDROOM,https://victoriatx.craigslist.org/apa/d/cuero-450-month-all-bills-paid-rent/6979408997.html,2019-09-15,17:04,$450,CUERO,True,None,1,256ft2
Texas,victoriatx,victoriatx,apa,6968778134,None,"Pleasant 2br/2bth home rent this September in victoria, TX $420",https://victoriatx.craigslist.org/apa/d/victoria-pleasant-2br-2bth-home-rent/6968778134.html,2019-09-15,17:03,$420,None,True,None,None,None
Texas,victoriatx,victoriatx,apa,6979408455,6728081870,Cuero RV with slideout $515 month,https://victoriatx.craigslist.org/apa/d/cuero-cuero-rv-with-slideout-515-month/6979408455.html,2019-09-15,16:51,$515,507 Stockdale Ave,True,None,1,256ft2
Texas,victoriatx,victoriatx,apa,6978979031,None,RV SPACE -ALL BILLS INCL  NEAR FORMOSA,https://victoriatx.craigslist.org/apa/d/point-comfort-rv-space-all-bills-incl/6978979031.html,2019-09-14,22:25,$350,OLIVIA,False,None,None,None
Texas,victoriatx,victoriatx,apa,6978966728,None,2 bd/1ba house for rent,https://victoriatx.craigslist.org/apa/d/port-lavaca-2-bd-1ba-house-for-rent/6978966728.html,2019-09-14,21:39,$685,Port lavaca,False,None,2,None
Texas,victoriatx,victoriatx,apa,6978740710,None,Two Bedroom High Rise Pool View! Call for Details!!,https://victoriatx.craigslist.org/apa/d/victoria-two-bedroom-high-rise-pool/6978740710.html,2019-09-14,14:46,$1324,"2402 N. Ben Wilson St Victoria, TX",True,None,2,1074ft2
Texas,victoriatx,victoriatx,apa,6978733906,None,Move-In Special! $250 Off First Months Rent on this 2x2!,https://victoriatx.craigslist.org/apa/d/victoria-move-in-special-250-off-first/6978733906.html,2019-09-14,14:38,$1299,"2402 N. Ben Wilson St Victoria, TX",True,None,2,1195ft2
Texas,victoriatx,victoriatx,apa,6978725572,6228575134,Two Bedroom Upstairs $700 Month,https://victoriatx.craigslist.org/apa/d/two-bedroom-upstairs-700-month/6978725572.html,2019-09-14,14:27,$700,Magnolia Beach,False,None,2,None
Texas,victoriatx,victoriatx,apa,6978602175,None,Gorgeous Two Bedroom - Luxury at its Finest!,https://victoriatx.craigslist.org/apa/d/victoria-gorgeous-two-bedroom-luxury-at/6978602175.html,2019-09-14,12:07,$1299,"2402 N. Ben Wilson St Victoria, TX",True,None,2,1195ft2
Texas,victoriatx,victoriatx,apa,6978559750,None,$199 total move-in wont last long!!,https://victoriatx.craigslist.org/apa/d/victoria-199-total-move-in-wont-last/6978559750.html,2019-09-14,11:20,$675,4405 N. Navarro,True,None,1,644ft2
Texas,victoriatx,victoriatx,apa,6978557910,None,$199 total move-in wont last long!!,https://victoriatx.craigslist.org/apa/d/victoria-199-total-move-in-wont-last/6978557910.html,2019-09-14,11:18,$1028,4405 N. Navarro,True,None,3,1088ft2
Texas,victoriatx,victoriatx,apa,6978531938,None,$299 total move-in ending soon!!!,https://victoriatx.craigslist.org/apa/d/victoria-299-total-move-in-ending-soon/6978531938.html,2019-09-14,10:49,$685,2107 N. Ben Jordan,True,None,1,647ft2
Texas,victoriatx,victoriatx,apa,6978501917,None,End of Summer Discounted Rates & Move-In Specials!,https://victoriatx.craigslist.org/apa/d/victoria-end-of-summer-discounted-rates/6978501917.html,2019-09-14,10:14,$1309,"2402 N. Ben Wilson St Victoria, TX",True,None,2,1195ft2
Texas,victoriatx,victoriatx,apa,6978496742,None,First Floor 2/2 Available for Immediate Move-In! Call for Details!,https://victoriatx.craigslist.org/apa/d/victoria-first-floor-2-2-available-for/6978496742.html,2019-09-14,10:08,$1349,"2402 N. Ben Wilson St Victoria, TX",True,None,2,1187ft2
Texas,victoriatx,victoriatx,apa,6978465677,None,Great Rates & $250 Off First Months Rent!,https://victoriatx.craigslist.org/apa/d/victoria-great-rates-250-off-first/6978465677.html,2019-09-14,09:29,$1299,"2402 N. Ben Wilson St Victoria, TX",True,None,2,1195ft2
Texas,victoriatx,victoriatx,apa,6978203014,None,Country Living 3+ Acres,https://victoriatx.craigslist.org/apa/d/victoria-country-living-3-acres/6978203014.html,2019-09-13,18:39,$1600,Victoria,True,None,3,1500ft2
Texas,victoriatx,victoriatx,apa,6978169421,None,Move In Special? Where do i sign?,https://victoriatx.craigslist.org/apa/d/victoria-move-in-special-where-do-sign/6978169421.html,2019-09-13,17:46,$679,4405 N. Navarro,True,None,1,644ft2
Texas,victoriatx,victoriatx,apa,6978163350,None,Leasing Specials! Call For Details!,https://victoriatx.craigslist.org/apa/d/victoria-leasing-specials-call-for/6978163350.html,2019-09-13,17:37,$1299,"2402 N. Ben Wilson St Victoria, TX",True,None,2,1195ft2
Texas,victoriatx,victoriatx,apa,6978122179,None,$250 Off + Discounted Rate!! Call or More Info!,https://victoriatx.craigslist.org/apa/d/victoria-250-off-discounted-rate-call/6978122179.html,2019-09-13,16:42,$1309,"2402 N. Ben Wilson St Victoria, TX",True,None,2,1195ft2
Texas,victoriatx,victoriatx,apa,6978106354,None,"Beautiful 1st Floor 2x2, Large Kitchen & Walk-In Laundry Room!",https://victoriatx.craigslist.org/apa/d/victoria-beautiful-1st-floor-2x2-large/6978106354.html,2019-09-13,16:21,$1349,"2402 N. Ben Wilson St Victoria, TX",True,None,2,1187ft2
Texas,victoriatx,victoriatx,apa,6978030020,None,Special Move-In Price! Stop In Today!,https://victoriatx.craigslist.org/apa/d/victoria-special-move-in-price-stop-in/6978030020.html,2019-09-13,14:53,$1299,"2402 N. Ben Wilson St Victoria, TX",True,None,2,1195ft2
Texas,victoriatx,victoriatx,apa,6977964436,None,Great homes just missing you!!,https://victoriatx.craigslist.org/apa/d/victoria-great-homes-just-missing-you/6977964436.html,2019-09-13,13:43,$658,2107 N Ben Jordann,True,None,1,647ft2
Texas,victoriatx,victoriatx,apa,6977827225,None,Spooky Spooky Special!!!,https://victoriatx.craigslist.org/apa/d/victoria-spooky-spooky-special/6977827225.html,2019-09-13,11:23,$1089,Autumn Park,True,None,3,1088ft2
Texas,victoriatx,victoriatx,apa,6977799549,None,Ask us about our $299 total move-in,https://victoriatx.craigslist.org/apa/d/victoria-ask-us-about-our-299-total/6977799549.html,2019-09-13,10:55,$685,2107 N. Ben Jordan,True,None,1,647ft2
Texas,victoriatx,victoriatx,apa,6977503549,6912748102,New Cabins 20 min to Formosa,https://victoriatx.craigslist.org/apa/d/vanderbilt-new-cabins-20-min-to-formosa/6977503549.html,2019-09-12,20:27,$800,Vanderbilt,True,None,1,450ft2
Texas,victoriatx,victoriatx,apa,6977248631,None,Summer Blow Out Savings on Largest 2x2! Call Today!,https://victoriatx.craigslist.org/apa/d/victoria-summer-blow-out-savings-on/6977248631.html,2019-09-12,14:21,$1309,"2402 N. Ben Wilson St Victoria, TX",True,None,2,1195ft2
Texas,victoriatx,victoriatx,apa,6977196829,None,$299 total move-in special!!,https://victoriatx.craigslist.org/apa/d/victoria-299-total-move-in-special/6977196829.html,2019-09-12,13:24,$685,2107 N Ben Jordaan Victoria TX,True,None,1,647ft2
Texas,victoriatx,victoriatx,apa,6977184549,None,Stop in Today for Great Discounts & Move-In Special!,https://victoriatx.craigslist.org/apa/d/victoria-stop-in-today-for-great/6977184549.html,2019-09-12,13:11,$1299,"2402 N. Ben Wilson St Victoria, TX",True,None,2,1195ft2
Texas,victoriatx,victoriatx,apa,6977088471,None,Come call Summerstone Home!!!,https://victoriatx.craigslist.org/apa/d/victoria-come-call-summerstone-home/6977088471.html,2019-09-12,11:32,$685,2107 N Ben Jordan,True,None,1,647ft2
Texas,victoriatx,victoriatx,apa,6977033484,None,Great Onebedroom homes to call your own!!!,https://victoriatx.craigslist.org/apa/d/victoria-great-onebedroom-homes-to-call/6977033484.html,2019-09-12,10:34,$685,2107 N Ben Jordan,True,None,1,647ft2
Texas,victoriatx,victoriatx,apa,6976984928,None,Autumn Park Apartments,https://victoriatx.craigslist.org/apa/d/victoria-autumn-park-apartments/6976984928.html,2019-09-12,09:40,$1029,4405 N. Navarro,True,None,3,1088ft2
Texas,victoriatx,victoriatx,apa,6965753661,None,rv for rent,https://victoriatx.craigslist.org/apa/d/victoria-rv-for-rent/6965753661.html,2019-09-12,09:25,$450,victoria,False,None,None,None
Texas,victoriatx,victoriatx,apa,6965756529,None,house for lease,https://victoriatx.craigslist.org/apa/d/victoria-house-for-lease/6965756529.html,2019-09-12,09:24,$1050,victoria,False,None,None,None
Texas,victoriatx,victoriatx,apa,6976531952,None,Move In Special,https://victoriatx.craigslist.org/apa/d/victoria-move-in-special/6976531952.html,2019-09-11,14:47,$199,Victoria,True,None,None,None
Texas,victoriatx,victoriatx,apa,6976510691,None,Now Leasing! $299 total move-in!!,https://victoriatx.craigslist.org/apa/d/victoria-now-leasing-299-total-move-in/6976510691.html,2019-09-11,14:23,$690,2107 N Ben Jordan St,True,None,1,616ft2
Texas,victoriatx,victoriatx,apa,6976441131,None,One bedroom home ready for a move-in,https://victoriatx.craigslist.org/apa/d/victoria-one-bedroom-home-ready-for/6976441131.html,2019-09-11,13:10,$690,2107 N Ben Jordan,True,None,1,616ft2
Texas,victoriatx,victoriatx,apa,6976220624,None,Cozy one bedroom just missing you!!!!,https://victoriatx.craigslist.org/apa/d/victoria-cozy-one-bedroom-just-missing/6976220624.html,2019-09-11,09:14,$690,2107 Ben Jordan,True,None,1,616ft2
Texas,victoriatx,victoriatx,apa,6955968229,5776971098,READY FOR MOVE IN $199.00 move in special,https://victoriatx.craigslist.org/apa/d/ready-for-move-in-move-in-special/6955968229.html,2019-09-11,08:02,$989,Victoria,True,None,2,985ft2
Texas,victoriatx,victoriatx,apa,6976054079,None,Gorgeous 2bed/2bath home in Victoria tx,https://victoriatx.craigslist.org/apa/d/victoria-gorgeous-2bed-2bath-home-in/6976054079.html,2019-09-10,23:52,$900,"Victoria, Texas",False,None,3,1040ft2
Texas,victoriatx,victoriatx,apa,6975817849,None,FALL INTO YOUR NEW APARTMENT,https://victoriatx.craigslist.org/apa/d/cuero-fall-into-your-new-apartment/6975817849.html,2019-09-10,15:34,$585,"Cuero, TX",True,None,1,600ft2
Texas,victoriatx,victoriatx,apa,6975768744,None,Gorgeous 2 beds/1 bath in Victoria,https://victoriatx.craigslist.org/apa/d/victoria-gorgeous-2-beds-1-bath-in/6975768744.html,2019-09-10,15:10,$750,Victoria Tx,True,None,2,1152ft2
Texas,victoriatx,victoriatx,apa,6975702702,None,Now Leasing!,https://victoriatx.craigslist.org/apa/d/victoria-now-leasing/6975702702.html,2019-09-10,13:26,$690,2107 Ben Jordan,True,None,1,616ft2
Texas,victoriatx,victoriatx,apa,6975606464,None,Last Days Of Summer Discounted Rates! Plus $250 Off First Months Rent!,https://victoriatx.craigslist.org/apa/d/victoria-last-days-of-summer-discounted/6975606464.html,2019-09-10,11:45,$1309,"2402 N. Ben Wilson St Victoria, TX",True,None,2,1195ft2
Texas,victoriatx,victoriatx,apa,6975592859,None,Special Move-In Rate! Stop In Today to Tour!,https://victoriatx.craigslist.org/apa/d/victoria-special-move-in-rate-stop-in/6975592859.html,2019-09-10,11:31,$1299,"2402 N. Ben Wilson St Victoria, TX",True,None,2,1195ft2
Texas,victoriatx,victoriatx,apa,6975488240,None,Great one bedrooms ready to call home!!!,https://victoriatx.craigslist.org/apa/d/victoria-great-one-bedrooms-ready-to/6975488240.html,2019-09-10,09:37,$685,2107 Ben Jordan St,True,None,1,647ft2
Texas,victoriatx,victoriatx,apa,6975449409,None,AVAILABLE MID OCT Located in Sandy Hills Estate,https://victoriatx.craigslist.org/apa/d/victoria-available-mid-oct-located-in/6975449409.html,2019-09-10,08:48,$895,Victoria,True,None,3,None
Texas,victoriatx,victoriatx,apa,6975241140,None,Large master bedroom.start living just now~Low monthly!,https://victoriatx.craigslist.org/apa/d/victoria-large-master-bedroomstart/6975241140.html,2019-09-09,21:14,$361,None,False,None,1,685ft2
Texas,victoriatx,victoriatx,apa,6975008450,None,Welcome to your new home!,https://victoriatx.craigslist.org/apa/d/victoria-welcome-to-your-new-home/6975008450.html,2019-09-09,14:40,$690,2107 N. Ben Jordan St,True,None,1,616ft2
Texas,victoriatx,victoriatx,apa,6974929802,None,Come see what Everyone is Talking About!!  Luxury Living is Here!,https://victoriatx.craigslist.org/apa/d/victoria-come-see-what-everyone-is/6974929802.html,2019-09-09,13:18,$1299,"2402 N. Ben Wilson St Victoria, TX",True,None,2,1195ft2
Texas,victoriatx,victoriatx,apa,6974885220,None,Our Largest 2x2 is Ready for You at an Amazing Rate!,https://victoriatx.craigslist.org/apa/d/victoria-our-largest-2x2-is-ready-for/6974885220.html,2019-09-09,12:33,$1309,"2402 N. Ben Wilson St Victoria, TX",True,None,2,1195ft2
Texas,victoriatx,victoriatx,apa,6973954406,None,"* * OPEN HOUSE: Friday, SEPT 6th and Sathurday,   SEPT 7th from 1pm to",https://victoriatx.craigslist.org/apa/d/victoria-open-house-friday-sept-6th-and/6973954406.html,2019-09-08,02:11,$650,"Victoria, TX",True,None,3,2107ft2
Texas,victoriatx,victoriatx,apa,6973954351,None,"* * OPEN HOUSE: Friday, SEPT 6th and Sathurday,   SEPT 7th from 1pm to",https://victoriatx.craigslist.org/apa/d/victoria-open-house-friday-sept-6th-and/6973954351.html,2019-09-08,02:05,$650,"Victoria, TX",True,None,3,2107ft2
Texas,victoriatx,victoriatx,apa,6973880039,None,House Rent,https://victoriatx.craigslist.org/apa/d/victoria-house-rent/6973880039.html,2019-09-07,21:52,$2400,Victoria,False,None,4,2052ft2
Texas,victoriatx,victoriatx,apa,6973727806,None,Hurry Before it's GONE! 2/2 with First Month Free! Today ONLY!,https://victoriatx.craigslist.org/apa/d/victoria-hurry-before-its-gone-2-2-with/6973727806.html,2019-09-07,16:02,$1299,"2402 N. Ben Wilson St Victoria, TX",True,None,2,1195ft2
Texas,victoriatx,victoriatx,apa,6973519247,None,No Rent Until October!! Today Only! Hurry In to Tour!!,https://victoriatx.craigslist.org/apa/d/victoria-no-rent-until-october-today/6973519247.html,2019-09-07,11:56,$1299,"2402 N. Ben Wilson St Victoria, TX",True,None,2,1195ft2
Texas,victoriatx,victoriatx,apa,6973465814,None,One Month Free!! Today ONLY!! Call Now!!,https://victoriatx.craigslist.org/apa/d/victoria-one-month-free-today-only-call/6973465814.html,2019-09-07,10:57,$1309,"2402 N. Ben Wilson St Victoria, TX",True,None,2,1195ft2
Texas,victoriatx,victoriatx,apa,6973423245,None,Lease Today & Get Your First Month Free! Limited Availability!,https://victoriatx.craigslist.org/apa/d/victoria-lease-today-get-your-first/6973423245.html,2019-09-07,10:09,$1309,"2402 N. Ben Wilson St Victoria, TX",True,None,2,1195ft2
Texas,victoriatx,victoriatx,apa,6973412761,None,2BR / 2BATH Country Living,https://victoriatx.craigslist.org/apa/d/victoria-2br-2bath-country-living/6973412761.html,2019-09-07,09:57,$850,None,False,None,None,None
Texas,victoriatx,victoriatx,apa,6973400442,None,TODAY ONLY! ONE MONTH FREE!! LARGEST 2/2!!,https://victoriatx.craigslist.org/apa/d/victoria-today-only-one-month-free/6973400442.html,2019-09-07,09:42,$1299,"2402 N. Ben Wilson St Victoria, TX",True,None,2,1195ft2
Texas,victoriatx,victoriatx,apa,6973050538,None,Large Two Bedroom Available! Lease Now & Get Your First Month Free!!,https://victoriatx.craigslist.org/apa/d/victoria-large-two-bedroom-available/6973050538.html,2019-09-06,16:55,$1309,"2402 N. Ben Wilson St Victoria, TX",True,None,2,1195ft2
Texas,victoriatx,victoriatx,apa,6972834077,None,ONE MONTH FREE!! CALL FOR MORE INFO!!,https://victoriatx.craigslist.org/apa/d/victoria-one-month-free-call-for-more/6972834077.html,2019-09-06,12:52,$1299,"2402 N. Ben Wilson St Victoria, TX",True,None,2,1195ft2
Texas,victoriatx,victoriatx,apa,6972765273,None,Luxury Living Made for You! Stop in Today for a Tour!,https://victoriatx.craigslist.org/apa/d/victoria-luxury-living-made-for-you/6972765273.html,2019-09-06,11:42,$1309,"2402 N. Ben Wilson St Victoria, TX",True,None,2,1195ft2
Texas,victoriatx,victoriatx,apa,6955132705,6647432257,Furnished 3/2 10 Minutes to Formosa up to 5 Workers,https://victoriatx.craigslist.org/apa/d/port-lavaca-furnished-minutes-to/6955132705.html,2019-09-06,09:15,$500,Port Lavaca,False,None,None,None
Texas,victoriatx,victoriatx,apa,6960088596,6914160684,1 Bedroom Apt. for rent,https://victoriatx.craigslist.org/apa/d/victoria-1-bedroom-apt-for-rent/6960088596.html,2019-09-05,20:29,$675,Old Victoria (downtown),True,None,1,None
Texas,victoriatx,victoriatx,apa,6972124235,None,Lease Now! Get $250 Off Your First Month Rent!!,https://victoriatx.craigslist.org/apa/d/victoria-lease-now-get-250-off-your/6972124235.html,2019-09-05,13:33,$1299,"2402 N. Ben Wilson St Victoria, TX",True,None,2,1195ft2
Texas,victoriatx,victoriatx,apa,6972120315,None,Our Largest 2x2 is Ready for You at an Amazing Rate!,https://victoriatx.craigslist.org/apa/d/victoria-our-largest-2x2-is-ready-for/6972120315.html,2019-09-05,13:29,$1309,"2402 N. Ben Wilson St Victoria, TX",True,None,2,1195ft2
Texas,victoriatx,victoriatx,apa,6972108622,None,Beautiful One Bedroom Available on First Floor!,https://victoriatx.craigslist.org/apa/d/victoria-beautiful-one-bedroom/6972108622.html,2019-09-05,13:16,$925,"2402 N. Ben Wilson St Victoria, TX",True,None,1,670ft2
Texas,victoriatx,victoriatx,apa,6971921804,None,$299 Move in Special,https://victoriatx.craigslist.org/apa/d/victoria-299-move-in-special/6971921804.html,2019-09-05,09:54,$679,4405 N. Navarro,True,None,1,644ft2
Texas,victoriatx,victoriatx,apa,6971921563,None,Move In Special? Where do i sign?,https://victoriatx.craigslist.org/apa/d/victoria-move-in-special-where-do-sign/6971921563.html,2019-09-05,09:54,$1029,4405 N. Navarro,True,None,3,1088ft2
Texas,victoriatx,victoriatx,apa,6971359833,None,Move In Special? Where do i sign?,https://victoriatx.craigslist.org/apa/d/victoria-move-in-special-where-do-sign/6971359833.html,2019-09-04,13:18,$679,4405 N. Navarro,True,None,1,644ft2
Texas,victoriatx,victoriatx,apa,6971359580,None,Make your new home with us at Autumn Park,https://victoriatx.craigslist.org/apa/d/victoria-make-your-new-home-with-us-at/6971359580.html,2019-09-04,13:17,$1029,4405 N. Navarro,True,None,3,1088ft2
Texas,victoriatx,victoriatx,apa,6971215110,None,Three bedroom home ready to call your own,https://victoriatx.craigslist.org/apa/d/victoria-three-bedroom-home-ready-to/6971215110.html,2019-09-04,10:48,$1029,4405 N. Navarro,True,None,3,1088ft2
Texas,victoriatx,victoriatx,apa,6971210654,None,Cozy town homes ready to call your own!!,https://victoriatx.craigslist.org/apa/d/victoria-cozy-town-homes-ready-to-call/6971210654.html,2019-09-04,10:43,$679,4405 N. Navarro,True,None,1,644ft2
Texas,victoriatx,victoriatx,apa,6970821532,None,GREAT DISCOUNTS!! SPECIAL RATES!!,https://victoriatx.craigslist.org/apa/d/victoria-great-discounts-special-rates/6970821532.html,2019-09-03,17:40,$1324,"2402 N. Ben Wilson St Victoria, TX",True,None,2,1074ft2
Texas,victoriatx,victoriatx,apa,6970772956,None,$250 Off at Move-In!! Large 2x2 Available Now!,https://victoriatx.craigslist.org/apa/d/victoria-250-off-at-move-in-large-2x2/6970772956.html,2019-09-03,16:37,$1309,"2402 N. Ben Wilson St Victoria, TX",True,None,2,1195ft2
Texas,victoriatx,victoriatx,apa,6970766667,None,"First Floor 1/1, Available for Immediate Move-In!",https://victoriatx.craigslist.org/apa/d/victoria-first-floor-1-1-available-for/6970766667.html,2019-09-03,16:29,$925,"2402 N. Ben Wilson St Victoria, TX",True,None,1,670ft2
Texas,victoriatx,victoriatx,apa,6963238113,6484527466,LUXURY APARTMENT W/KITCHEN ON WATER,https://victoriatx.craigslist.org/apa/d/port-lavaca-luxury-apartment-kitchen-on/6963238113.html,2019-09-03,15:07,$2500,PORT LAVACA,True,None,1,1200ft2
Texas,victoriatx,victoriatx,apa,6969976396,None,Now Leasing!!!,https://victoriatx.craigslist.org/apa/d/victoria-now-leasing/6969976396.html,2019-09-02,15:25,$6749,4405 N. Navarro,True,None,1,644ft2
Texas,victoriatx,victoriatx,apa,6969686893,None,HOUSE FOR RENT AT THE TEXAS COAST,https://victoriatx.craigslist.org/apa/d/gregory-house-for-rent-at-the-texas/6969686893.html,2019-09-02,10:07,$1995,PORTLAND TX,True,None,4,2051ft2
Texas,victoriatx,victoriatx,apa,6968906363,None,Second level front bedroom has queen bed.,https://victoriatx.craigslist.org/apa/d/victoria-second-level-front-bedroom-has/6968906363.html,2019-08-31,19:19,$0,None,False,None,None,None
Texas,victoriatx,victoriatx,apa,6968777498,None,$200 Deposit Move In !!,https://victoriatx.craigslist.org/apa/d/clute-200-deposit-move-in/6968777498.html,2019-08-31,14:47,$740,Clute Tx,True,None,None,None
Texas,victoriatx,victoriatx,apa,6968284892,6220460654,Fast CA$H for your Victoria Home!,https://victoriatx.craigslist.org/apa/d/fast-cah-for-your-victoria-home/6968284892.html,2019-08-30,19:27,$1,None,True,None,None,None
Texas,victoriatx,victoriatx,apa,6967919482,None,Three bedroom home ready to call your own,https://victoriatx.craigslist.org/apa/d/victoria-three-bedroom-home-ready-to/6967919482.html,2019-08-30,11:20,$1029,4405 N. Navarro,True,None,3,1088ft2
Texas,victoriatx,victoriatx,apa,6967919322,None,$299 Move in Special 1Bd/1Bth,https://victoriatx.craigslist.org/apa/d/victoria-299-move-in-special-1bd-1bth/6967919322.html,2019-08-30,11:20,$679,4405 N. Navarro,True,None,1,644ft2
Texas,victoriatx,victoriatx,apa,6949787436,None,Nicely remodeled 3 bedroom 2 bath fabulous deck Nursery Hope,https://victoriatx.craigslist.org/apa/d/ganado-nicely-remodeled-3-bedroom-2/6949787436.html,2019-08-29,17:31,$1275,Port O'Connor   Poin,True,None,3,1640ft2
Texas,victoriatx,victoriatx,apa,6967313420,None,The Time is Now to Live the Difference with Hawthorne at Victoria!,https://victoriatx.craigslist.org/apa/d/victoria-the-time-is-now-to-live-the/6967313420.html,2019-08-29,13:08,$1324,"2402 N. Ben Wilson St Victoria, TX",True,None,2,1074ft2
Texas,victoriatx,victoriatx,apa,6967203753,None,Spacious three bedroom ready to call home!!!!,https://victoriatx.craigslist.org/apa/d/victoria-spacious-three-bedroom-ready/6967203753.html,2019-08-29,11:05,$1029,4405 N. Navarro,True,None,3,1088ft2
Texas,victoriatx,victoriatx,apa,6967203462,None,Cozy town homes ready for a move-in,https://victoriatx.craigslist.org/apa/d/victoria-cozy-town-homes-ready-for-move/6967203462.html,2019-08-29,11:05,$679,4405 N. Navarro,True,None,1,644ft2
Texas,victoriatx,victoriatx,apa,6967188387,None,1st Floor 1/1 Available Now! Stop in for a Tour!,https://victoriatx.craigslist.org/apa/d/victoria-1st-floor-1-1-available-now/6967188387.html,2019-08-29,10:48,$925,"2402 N. Ben Wilson St Victoria, TX",True,None,1,670ft2
Texas,victoriatx,victoriatx,apa,6967105660,None,Come see our great homes!!!,https://victoriatx.craigslist.org/apa/d/victoria-come-see-our-great-homes/6967105660.html,2019-08-29,09:04,$1029,4405 N. Navarro,True,None,3,1088ft2
Texas,victoriatx,victoriatx,apa,6967105468,None,Come ask us about our move-in special!!!,https://victoriatx.craigslist.org/apa/d/victoria-come-ask-us-about-our-move-in/6967105468.html,2019-08-29,09:04,$679,4405 N. Navarro,True,None,1,644ft2
Texas,victoriatx,victoriatx,apa,6956319992,5776971098,$199.00 move in special,https://victoriatx.craigslist.org/apa/d/move-in-special/6956319992.html,2019-08-29,08:00,$989,Victoria,True,None,3,985ft2
Texas,victoriatx,victoriatx,apa,6966889638,None,2bd/1ba Duplex Apartment,https://victoriatx.craigslist.org/apa/d/victoria-2bd-1ba-duplex-apartment/6966889638.html,2019-08-28,19:34,$675,Victoria,True,None,2,850ft2
Texas,victoriatx,victoriatx,apa,6966787155,None,Home Sweet Home! Two Bedrooms Ready for Immediate Move-In!,https://victoriatx.craigslist.org/apa/d/victoria-home-sweet-home-two-bedrooms/6966787155.html,2019-08-28,16:48,$1309,"2402 N. Ben Wilson St Victoria, TX",True,None,2,1195ft2
Texas,victoriatx,victoriatx,apa,6966717779,None,Three bedroom two bath ready for a move-in,https://victoriatx.craigslist.org/apa/d/victoria-three-bedroom-two-bath-ready/6966717779.html,2019-08-28,15:20,$1029,4405 N. Navarro,True,None,3,1088ft2
Texas,victoriatx,victoriatx,apa,6966717555,None,Come ask us about our move-in special!!!!,https://victoriatx.craigslist.org/apa/d/victoria-come-ask-us-about-our-move-in/6966717555.html,2019-08-28,15:20,$679,4405 N. Navarro,True,None,1,644ft2
Texas,victoriatx,victoriatx,apa,6966693183,None,Pre-Leasing One Bedrooms for September and October!,https://victoriatx.craigslist.org/apa/d/victoria-pre-leasing-one-bedrooms-for/6966693183.html,2019-08-28,14:52,$925,"2402 N. Ben Wilson St Victoria, TX",True,None,1,670ft2
Texas,victoriatx,victoriatx,apa,6966610952,None,One Bedroom Frio Available Now! GREAT Discounted Rate!!,https://victoriatx.craigslist.org/apa/d/victoria-one-bedroom-frio-available-now/6966610952.html,2019-08-28,13:19,$925,"2402 N. Ben Wilson St Victoria, TX",True,None,1,670ft2
Texas,victoriatx,victoriatx,apa,6966403322,None,Cozy town home just missing you!!!,https://victoriatx.craigslist.org/apa/d/victoria-cozy-town-home-just-missing-you/6966403322.html,2019-08-28,09:29,$679,4405 N. Navarro,True,None,1,644ft2
Texas,victoriatx,victoriatx,apa,6966403234,None,Great three bedroom home ready to call your own!!!,https://victoriatx.craigslist.org/apa/d/victoria-great-three-bedroom-home-ready/6966403234.html,2019-08-28,09:29,$1029,4405 N. Navarro,True,None,3,1088ft2
Texas,victoriatx,victoriatx,apa,6945754488,6344520088,***VICTORIA Apt/Residential Electricity/ Same Day/ No Credit Ck!!,https://victoriatx.craigslist.org/apa/d/victoria-apt-residential-electricity/6945754488.html,2019-08-28,05:07,$100,Victoria,True,None,None,None
Texas,victoriatx,victoriatx,apa,6966099067,None,Large Living Space + Study Nook! Call For More Info!,https://victoriatx.craigslist.org/apa/d/victoria-large-living-space-study-nook/6966099067.html,2019-08-27,17:56,$1299,"2402 N. Ben Wilson St Victoria, TX",True,None,2,1195ft2
Texas,victoriatx,victoriatx,apa,6965880904,None,Leasing Special? Come Sign Today!,https://victoriatx.craigslist.org/apa/d/victoria-leasing-special-come-sign-today/6965880904.html,2019-08-27,13:29,$1029,4405 N. Navarro,True,None,3,1088ft2
Texas,victoriatx,victoriatx,apa,6965878656,None,Spacious town homes with alot to offer!!!,https://victoriatx.craigslist.org/apa/d/victoria-spacious-town-homes-with-alot/6965878656.html,2019-08-27,13:27,$679,4405 N. Navarro,True,None,1,644ft2
Texas,victoriatx,victoriatx,apa,6965859102,None,Largest Two Bedroom for ONLY $1299! Stop in for a Tour Today!,https://victoriatx.craigslist.org/apa/d/victoria-largest-two-bedroom-for-only/6965859102.html,2019-08-27,13:06,$1299,"2402 N. Ben Wilson St Victoria, TX",True,None,2,1195ft2
Texas,victoriatx,victoriatx,apa,6965846149,None,Live the Difference Only at Hawthorne at Victoria!,https://victoriatx.craigslist.org/apa/d/victoria-live-the-difference-only-at/6965846149.html,2019-08-27,12:52,$1306,"2402 N. Ben Wilson St Victoria, TX",True,None,2,1195ft2
Texas,victoriatx,victoriatx,apa,6965793061,None,RV Park from $450 month,https://victoriatx.craigslist.org/apa/d/alice-rv-park-from-450-month/6965793061.html,2019-08-27,12:07,$450,ALICE Texas,True,None,None,None
Texas,victoriatx,victoriatx,apa,6965499370,None,For Rent,https://victoriatx.craigslist.org/apa/d/goliad-for-rent/6965499370.html,2019-08-26,23:00,$900,Goliad Texas,True,None,2,863ft2
Texas,victoriatx,victoriatx,apa,6965225492,None,Great Specials You Do Not Want to Miss! Call Today!,https://victoriatx.craigslist.org/apa/d/victoria-great-specials-you-do-not-want/6965225492.html,2019-08-26,15:21,$1349,"2402 N. Ben Wilson St Victoria, TX",True,None,2,1195ft2
Texas,victoriatx,victoriatx,apa,6965150627,None,Two Bedrooms Available for You Now! Call to Schedule a Tour!,https://victoriatx.craigslist.org/apa/d/victoria-two-bedrooms-available-for-you/6965150627.html,2019-08-26,13:59,$1324,"2402 N. Ben Wilson St Victoria, TX",True,None,2,1074ft2
Texas,victoriatx,victoriatx,apa,6965111698,None,Move in Special,https://victoriatx.craigslist.org/apa/d/victoria-move-in-special/6965111698.html,2019-08-26,13:19,$1029,4405 N. Navarro,True,None,3,1088ft2
Texas,victoriatx,victoriatx,apa,6965109337,None,Cozy town home!!!,https://victoriatx.craigslist.org/apa/d/victoria-cozy-town-home/6965109337.html,2019-08-26,13:17,$679,4405 N. Navarro,True,None,1,644ft2
Texas,victoriatx,victoriatx,apa,6965030165,None,2/2 Mobile Home for lease in Edna,https://victoriatx.craigslist.org/apa/d/edna-2-2-mobile-home-for-lease-in-edna/6965030165.html,2019-08-26,11:58,$800,Edna Texas,False,None,2,820ft2
Texas,victoriatx,victoriatx,apa,6964976329,None,AVAILABLE LATE AUGUST!! 3 BD/1 BA TRAILER IN SANDY HILLS ESTATES,https://victoriatx.craigslist.org/apa/d/victoria-available-late-august-3-bd-1/6964976329.html,2019-08-26,11:06,$895,775 Guadalupe #5,True,None,3,None
Texas,victoriatx,victoriatx,apa,6964943060,None,Three bedroom home ready to call your own,https://victoriatx.craigslist.org/apa/d/victoria-three-bedroom-home-ready-to/6964943060.html,2019-08-26,10:32,$1029,4405 N. Navarro,True,None,3,1088ft2
Texas,victoriatx,victoriatx,apa,6964939284,None,Leasing Special? Come Sign Today!,https://victoriatx.craigslist.org/apa/d/victoria-leasing-special-come-sign-today/6964939284.html,2019-08-26,10:28,$679,4405 N. Navarro,True,None,1,644ft2
Texas,victoriatx,victoriatx,apa,6964559674,None,Rv for Rent,https://victoriatx.craigslist.org/apa/d/port-lavaca-rv-for-rent/6964559674.html,2019-08-25,17:46,$1234,Port lavaca area,True,None,1,None
Texas,victoriatx,victoriatx,apa,6964470604,None,Three bedroom home ready to call your own,https://victoriatx.craigslist.org/apa/d/victoria-three-bedroom-home-ready-to/6964470604.html,2019-08-25,14:53,$1029,4405 N. Navarro,True,None,3,1088ft2
Texas,victoriatx,victoriatx,apa,6964468014,None,Cozy town homes ready to call our own!!!,https://victoriatx.craigslist.org/apa/d/victoria-cozy-town-homes-ready-to-call/6964468014.html,2019-08-25,14:50,$679,4405 N. Navarro,True,None,1,644ft2
Texas,victoriatx,victoriatx,apa,6963967704,None,Large Living Space AND Study Nook + Great Discounted Rate!,https://victoriatx.craigslist.org/apa/d/victoria-large-living-space-and-study/6963967704.html,2019-08-24,16:57,$1349,"2402 N. Ben Wilson St Victoria, TX",True,None,2,1195ft2
Texas,victoriatx,victoriatx,apa,6963950338,None,Live the Difference Only at Hawthorne at Victoria!,https://victoriatx.craigslist.org/apa/d/victoria-live-the-difference-only-at/6963950338.html,2019-08-24,16:30,$1349,"2402 N. Ben Wilson St Victoria, TX",True,None,2,1195ft2
Texas,victoriatx,victoriatx,apa,6963021422,None,2x2 Ready for Immediate Move-In! Call to Schedule a Tour!,https://victoriatx.craigslist.org/apa/d/victoria-2x2-ready-for-immediate-move/6963021422.html,2019-08-23,12:19,$1324,"2402 N. Ben Wilson St Victoria, TX",True,None,2,1074ft2
Texas,victoriatx,victoriatx,apa,6962990011,None,Move-In Special! $250 Off First Months Rent on this 2x2!,https://victoriatx.craigslist.org/apa/d/victoria-move-in-special-250-off-first/6962990011.html,2019-08-23,11:47,$1295,"2402 N. Ben Wilson St Victoria, TX",True,None,2,1153ft2
Texas,victoriatx,victoriatx,apa,6962952576,None,Bring us your RV!,https://victoriatx.craigslist.org/apa/d/victoria-bring-us-your-rv/6962952576.html,2019-08-23,11:08,$295,Victoria,True,None,None,None
Texas,victoriatx,victoriatx,apa,6962880050,None,Three bedroom just missing you!!!,https://victoriatx.craigslist.org/apa/d/victoria-three-bedroom-just-missing-you/6962880050.html,2019-08-23,09:49,$1029,4405 N. Navarro,True,None,3,1088ft2
Texas,victoriatx,victoriatx,apa,6962874352,None,EXTENDED MOVE-IN SPECIAL,https://victoriatx.craigslist.org/apa/d/victoria-extended-move-in-special/6962874352.html,2019-08-23,09:42,$679,4405 N. Navarro,True,None,1,644ft2
Texas,victoriatx,victoriatx,apa,6944964857,6546430503,Riverfront Cabin,https://victoriatx.craigslist.org/apa/d/riverfront-cabin/6944964857.html,2019-08-23,09:42,$795,Tivoli,True,None,1,370ft2
Texas,victoriatx,victoriatx,apa,6962617966,None,"Two story, 3 bedroom 2.5 bath house built in 2004.",https://victoriatx.craigslist.org/apa/d/victoria-two-story-3-bedroom-25-bath/6962617966.html,2019-08-22,21:19,$0,None,False,None,None,None
Texas,victoriatx,victoriatx,apa,6955236028,None,Family Home for Rent,https://victoriatx.craigslist.org/apa/d/kenedy-family-home-for-rent/6955236028.html,2019-08-22,19:23,$2000,"Kenedy, TX",True,None,4,None
Texas,victoriatx,victoriatx,apa,6962391582,None,Cozy town-home just missing you!!!,https://victoriatx.craigslist.org/apa/d/victoria-cozy-town-home-just-missing-you/6962391582.html,2019-08-22,14:12,$679,4405 N. Navarro,True,None,1,644ft2
Texas,victoriatx,victoriatx,apa,6962388477,None,Three bedroom home ready to call your own,https://victoriatx.craigslist.org/apa/d/victoria-three-bedroom-home-ready-to/6962388477.html,2019-08-22,14:08,$1029,4405 N. Navarro,True,None,3,1088ft2
Texas,victoriatx,victoriatx,apa,6962270972,None,EDNA'S Newest AFFORDABLE LUXURY community,https://victoriatx.craigslist.org/apa/d/edna-ednas-newest-affordable-luxury/6962270972.html,2019-08-22,12:11,$742,Edna,True,None,2,1050ft2
Texas,victoriatx,victoriatx,apa,6962278808,None,FIRST FLOOR NEW APARTMENT,https://victoriatx.craigslist.org/apa/d/edna-first-floor-new-apartment/6962278808.html,2019-08-22,12:10,$742,Edna,True,None,2,1050ft2
Texas,victoriatx,victoriatx,apa,6962245775,None,Luxury Affordable Apartments,https://victoriatx.craigslist.org/apa/d/edna-luxury-affordable-apartments/6962245775.html,2019-08-22,11:35,$742,EDNA,True,None,2,1050ft2
Texas,victoriatx,victoriatx,apa,6962237309,None,High Rise View - 2x2 - Discounted Rate!,https://victoriatx.craigslist.org/apa/d/victoria-high-rise-view-2x2-discounted/6962237309.html,2019-08-22,11:26,$1334,"2402 N. Ben Wilson St Victoria, TX",True,None,2,1074ft2
Texas,victoriatx,victoriatx,apa,6962152944,None,One bedroom town homes!!!,https://victoriatx.craigslist.org/apa/d/victoria-one-bedroom-town-homes/6962152944.html,2019-08-22,09:53,$679,4405 N. Navarro,True,None,1,644ft2
Texas,victoriatx,victoriatx,apa,6962146644,None,Three bedroom two bath ready for a move-in,https://victoriatx.craigslist.org/apa/d/victoria-three-bedroom-two-bath-ready/6962146644.html,2019-08-22,09:45,$1029,4405 N. Navarro,True,None,3,1088ft2
Texas,victoriatx,victoriatx,apa,6962138269,None,Home for Rent in Cuero,https://victoriatx.craigslist.org/apa/d/cuero-home-for-rent-in-cuero/6962138269.html,2019-08-22,09:35,$725,Cuero,True,None,2,None
Texas,victoriatx,victoriatx,apa,6957765393,6698159015,******Todas Las Cuentas Incluido! $197.50 POR SEMANA*****,https://victoriatx.craigslist.org/apa/d/bloomington-todas-las-cuentas-incluido/6957765393.html,2019-08-22,02:27,$198,Bloomington,True,None,2,None
Texas,victoriatx,victoriatx,apa,6961778161,None,3/2 ready to call your own!!!,https://victoriatx.craigslist.org/apa/d/victoria-3-2-ready-to-call-your-own/6961778161.html,2019-08-21,16:43,$1029,4405 N. Navarro,True,None,3,1088ft2
Texas,victoriatx,victoriatx,apa,6961747328,6399339286,Mother In Law Apartment,https://victoriatx.craigslist.org/apa/d/victoria-mother-in-law-apartment/6961747328.html,2019-08-21,16:04,$575,Victoria,True,None,1,None
Texas,victoriatx,victoriatx,apa,6961611672,None,Cozy town homes ready for a move-in,https://victoriatx.craigslist.org/apa/d/victoria-cozy-town-homes-ready-for-move/6961611672.html,2019-08-21,13:32,$679,4405 N. Navarro,True,None,1,644ft2
Texas,victoriatx,victoriatx,apa,6961605915,None,Three bedroom two bath ready for to call your own!!!,https://victoriatx.craigslist.org/apa/d/victoria-three-bedroom-two-bath-ready/6961605915.html,2019-08-21,13:26,$1029,4405 N. Navarro,True,None,3,1088ft2
Texas,victoriatx,victoriatx,apa,6961496500,None,Beautiful renovated Apartment & Townhomes,https://victoriatx.craigslist.org/apa/d/sweeny-beautiful-renovated-apartment/6961496500.html,2019-08-21,11:32,$750,"301 E. Ashley Wilson Rd. Sweeny, Tx",True,None,None,None
Texas,victoriatx,victoriatx,apa,6961485812,None,One bedroom one bath town-homes!!,https://victoriatx.craigslist.org/apa/d/victoria-one-bedroom-one-bath-town-homes/6961485812.html,2019-08-21,11:21,$679,4405 N. Navarro,True,None,1,644ft2
Texas,victoriatx,victoriatx,apa,6961414761,None,Three bedroom two bath homes for a move-in,https://victoriatx.craigslist.org/apa/d/victoria-three-bedroom-two-bath-homes/6961414761.html,2019-08-21,10:05,$1029,4405 N. Navarro,True,None,3,1088ft2
Texas,victoriatx,victoriatx,apa,6940309942,5776971098,2x2  ready for move in !!!! Hurry IN,https://victoriatx.craigslist.org/apa/d/2x2-ready-for-move-in-hurry-in/6940309942.html,2019-08-21,08:59,$850,Victoria,True,None,2,985ft2
Texas,victoriatx,victoriatx,apa,6960830095,None,Stop in for a Tour Today! Great Specials + Discounted Rates!,https://victoriatx.craigslist.org/apa/d/victoria-stop-in-for-tour-today-great/6960830095.html,2019-08-20,13:05,$1324,"2402 N. Ben Wilson St Victoria, TX",True,None,2,1074ft2
Texas,victoriatx,victoriatx,apa,6960825843,None,$250 Off! $250 Off! $250 Off!,https://victoriatx.craigslist.org/apa/d/victoria-250-off-250-off-250-off/6960825843.html,2019-08-20,13:01,$1295,"2402 N. Ben Wilson St Victoria, TX",True,None,2,1153ft2
Texas,victoriatx,victoriatx,apa,6960731256,None,RV Spots for Rent,https://victoriatx.craigslist.org/apa/d/palacios-rv-spots-for-rent/6960731256.html,2019-08-20,11:24,$450,"Palacios, TX",False,None,None,None
Texas,victoriatx,victoriatx,apa,6960634263,None,One bedroom town homes!!!,https://victoriatx.craigslist.org/apa/d/victoria-one-bedroom-town-homes/6960634263.html,2019-08-20,09:40,$679,4405 N. Navarro,True,None,1,644ft2
Texas,victoriatx,victoriatx,apa,6960632778,None,Three bedroom two bath ready for a move-in,https://victoriatx.craigslist.org/apa/d/victoria-three-bedroom-two-bath-ready/6960632778.html,2019-08-20,09:38,$1029,4405 N. Navarro,True,None,3,1088ft2
Texas,victoriatx,victoriatx,apa,6960598542,6916245264,"1 1/2 bedroom 2 blocks from bay beach, pier and boat ramp",https://victoriatx.craigslist.org/apa/d/palacios-bedroom-2-blocks-from-bay/6960598542.html,2019-08-20,08:55,$700,Palacios,True,None,1,650ft2
Texas,victoriatx,victoriatx,apa,6940677693,5776971098,MOVE IN SPECIAL $199.00 open until 7PM W-F,https://victoriatx.craigslist.org/apa/d/move-in-special-open-until-7pm-f/6940677693.html,2019-08-20,08:27,$989,Victoria,True,None,3,1100ft2
Texas,victoriatx,victoriatx,apa,6960091083,None,$299 Move in Special,https://victoriatx.craigslist.org/apa/d/barker-299-move-in-special/6960091083.html,2019-08-19,13:38,$679,4405 N. Navarro,True,None,1,644ft2
Texas,victoriatx,victoriatx,apa,6959959886,None,$250 OFF First Month First Floor 2x2! Call NOW!,https://victoriatx.craigslist.org/apa/d/victoria-250-off-first-month-first/6959959886.html,2019-08-19,11:28,$1295,"2402 N. Ben Wilson St Victoria, TX",True,None,2,1153ft2
Texas,victoriatx,victoriatx,apa,6959892409,None,Largest Two Bedroom - $500 Off! - AVAILABLE FOR IMMEDIATE MOVE IN!!,https://victoriatx.craigslist.org/apa/d/victoria-largest-two-bedroom-off/6959892409.html,2019-08-19,10:21,$1309,"2402 N. Ben Wilson St Victoria, TX",True,None,2,1195ft2
Texas,victoriatx,victoriatx,apa,6959884210,None,One bedroom town homes!!,https://victoriatx.craigslist.org/apa/d/victoria-one-bedroom-town-homes/6959884210.html,2019-08-19,10:13,$679,4405 N. Navarro,True,None,1,644ft2
Texas,victoriatx,victoriatx,apa,6959851056,None,Three bedroom two bath ready for a move-in,https://victoriatx.craigslist.org/apa/d/victoria-three-bedroom-two-bath-ready/6959851056.html,2019-08-19,09:36,$1029,4405 N. Navarro,True,None,3,1088ft2
