Indiana,terrehaute,terrehaute,apa,6989465000,None,"Three Bedroom, One Bathroom Available for rent",https://terrehaute.craigslist.org/apa/d/terre-haute-three-bedroom-one-bathroom/6989465000.html,2019-10-03,20:39,$450,"1420 5th Ave, Terre Haute, IN 47807",True,None,3,1000ft2
Indiana,terrehaute,terrehaute,apa,6990729859,6977436919,1 Bedroom Home / Cottage For Rent,https://terrehaute.craigslist.org/apa/d/rockville-1-bedroom-home-cottage-for/6990729859.html,2019-10-03,19:25,$515,Rockville,True,None,1,550ft2
Indiana,terrehaute,terrehaute,apa,6992009917,None,1005 S. 19th Street -- 2 Bed 1 Bath,https://terrehaute.craigslist.org/apa/d/terre-haute-th-street-2-bed-1-bath/6992009917.html,2019-10-03,15:33,$750,Terre Haute,True,None,None,None
Indiana,terrehaute,terrehaute,apa,6975725510,6639758831,2bed/2bath and 2bed/1bath---Move in today!!! (T-pm),https://terrehaute.craigslist.org/apa/d/terre-haute-2bed-2bath-and-2bed-1bath/6975725510.html,2019-10-03,14:59,$699,Terre Haute,True,None,2,None
Indiana,terrehaute,terrehaute,apa,6991937038,None,3bdrm 1 bath house $625,https://terrehaute.craigslist.org/apa/d/terre-haute-3bdrm-1-bath-house-625/6991937038.html,2019-10-03,14:10,$625,North terre haute,False,None,3,1000ft2
Indiana,terrehaute,terrehaute,apa,6991930657,None,Completely Remodeled 2 Bedroom Apartment 676 Delaware #32,https://terrehaute.craigslist.org/apa/d/terre-haute-completely-remodeled-2/6991930657.html,2019-10-03,14:04,$750,"Terre Haute, IN",True,None,2,975ft2
Indiana,terrehaute,terrehaute,apa,6974989419,None,524 Deming -- 2 Bed 1 Bath,https://terrehaute.craigslist.org/apa/d/terre-haute-524-deming-2-bed-1-bath/6974989419.html,2019-10-03,14:02,$775,Terre Haute,True,None,2,None
Indiana,terrehaute,terrehaute,apa,6974979181,None,1425 Ohio St. -- 2 Bed 1 Bath,https://terrehaute.craigslist.org/apa/d/terre-haute-1425-ohio-st-2-bed-1-bath/6974979181.html,2019-10-03,14:01,$700,Terre Haute,True,None,2,None
Indiana,terrehaute,terrehaute,apa,6974974762,None,920 Washington Ave. -- 2 Bed 1 Bath,https://terrehaute.craigslist.org/apa/d/terre-haute-920-washington-ave-2-bed-1/6974974762.html,2019-10-03,14:01,$500,Terre Haute,True,None,2,None
Indiana,terrehaute,terrehaute,apa,6974964060,None,518 S. 5th St. Apt. F -- 2 Bed 1 Bath,https://terrehaute.craigslist.org/apa/d/terre-haute-518-5th-st-apt-2-bed-1-bath/6974964060.html,2019-10-03,14:01,$550,Terre Haute,True,None,2,None
Indiana,terrehaute,terrehaute,apa,6974930975,None,652 Frontier Ct. --2 Bed 1 Bath,https://terrehaute.craigslist.org/apa/d/terre-haute-652-frontier-ct-2-bed-1-bath/6974930975.html,2019-10-03,14:01,$750,Terre Haute,True,None,2,None
Indiana,terrehaute,terrehaute,apa,6974921649,None,518 S. 5th St. Apt. C -- 1 Bed 1 Bath,https://terrehaute.craigslist.org/apa/d/terre-haute-518-5th-st-apt-1-bed-1-bath/6974921649.html,2019-10-03,14:01,$525,Terre Haute,True,None,1,None
Indiana,terrehaute,terrehaute,apa,6974905576,None,610 S. 5th Apt. B -- 1 Bed 1 Bath,https://terrehaute.craigslist.org/apa/d/terre-haute-610-5th-apt-1-bed-1-bath/6974905576.html,2019-10-03,14:00,$450,"Terre Haute, IN",True,None,1,None
Indiana,terrehaute,terrehaute,apa,6974886055,None,19 N. 14th Street -- 1 Bed 1 Bath,https://terrehaute.craigslist.org/apa/d/terre-haute-19-14th-street-1-bed-1-bath/6974886055.html,2019-10-03,14:00,$575,"Downtown Terre Haute, IN",True,None,1,None
Indiana,terrehaute,terrehaute,apa,6980631569,None,1711 N. 23rd -- 2 Bed 1 Bath,https://terrehaute.craigslist.org/apa/d/terre-haute-rd-2-bed-1-bath/6980631569.html,2019-10-03,14:00,$525,Terre Haute,True,None,2,None
Indiana,terrehaute,terrehaute,apa,6980627287,None,1605 S. 10th St -- 3 Bed 1 Bath,https://terrehaute.craigslist.org/apa/d/terre-haute-th-st-3-bed-1-bath/6980627287.html,2019-10-03,14:00,$695,Terre Haute,True,None,3,None
Indiana,terrehaute,terrehaute,apa,6982188828,None,2405 S. 6th St. -- 2 Bed 1 Bath,https://terrehaute.craigslist.org/apa/d/terre-haute-th-st-2-bed-1-bath/6982188828.html,2019-10-03,14:00,$575,Terre Haute,True,None,2,None
Indiana,terrehaute,terrehaute,apa,6982194534,None,1231 S. 10th St. -- 1 Bed 1 Bath,https://terrehaute.craigslist.org/apa/d/terre-haute-th-st-1-bed-1-bath/6982194534.html,2019-10-03,14:00,$550,Terre Haute,True,None,1,None
Indiana,terrehaute,terrehaute,apa,6974917249,None,1607 S. 18th St. -- 1 Bed 1 Bath,https://terrehaute.craigslist.org/apa/d/terre-haute-th-st-1-bed-1-bath/6974917249.html,2019-10-03,14:00,$525,"Terre Haute, IN",True,None,1,None
Indiana,terrehaute,terrehaute,apa,6982199613,None,1470 S. 7th St. -- 3 Bed 1.5 Bath,https://terrehaute.craigslist.org/apa/d/terre-haute-th-st-3-bed-15-bath/6982199613.html,2019-10-03,14:00,$700,Terre Haute,True,None,3,None
Indiana,terrehaute,terrehaute,apa,6975007100,None,723 S. 6th St. -- 2 Bed 1 Bath,https://terrehaute.craigslist.org/apa/d/terre-haute-723-6th-st-2-bed-1-bath/6975007100.html,2019-10-03,13:59,$750,Terre Haute,True,None,2,None
Indiana,terrehaute,terrehaute,apa,6975012061,None,725 S. 6th St. -- 2 Bed 1 Bath,https://terrehaute.craigslist.org/apa/d/terre-haute-725-6th-st-2-bed-1-bath/6975012061.html,2019-10-03,13:59,$750,Terre Haute,True,None,2,None
Indiana,terrehaute,terrehaute,apa,6975017285,None,5923 Braddock Ave. -- 2 Bed 1 Bath,https://terrehaute.craigslist.org/apa/d/terre-haute-5923-braddock-ave-2-bed-1/6975017285.html,2019-10-03,13:59,$600,Terre Haute,True,None,2,None
Indiana,terrehaute,terrehaute,apa,6975031349,None,2327 N. 13th St. -- 3 Bed 1 Bath,https://terrehaute.craigslist.org/apa/d/terre-haute-th-st-3-bed-1-bath/6975031349.html,2019-10-03,13:56,$650,Terre Haute,True,None,3,None
Indiana,terrehaute,terrehaute,apa,6975035559,None,886 Dawn Drive -- 3 Bed 1 Bath,https://terrehaute.craigslist.org/apa/d/terre-haute-886-dawn-drive-3-bed-1-bath/6975035559.html,2019-10-03,13:56,$700,Terre Haute,True,None,3,None
Indiana,terrehaute,terrehaute,apa,6977017929,None,932 8th Avenue -- 2 Bed 1 Bath,https://terrehaute.craigslist.org/apa/d/terre-haute-932-8th-avenue-2-bed-1-bath/6977017929.html,2019-10-03,13:56,$525,Terre Haute,True,None,2,None
Indiana,terrehaute,terrehaute,apa,6977012119,None,20 N. 35th St. -- 2 Bed 1 Bath,https://terrehaute.craigslist.org/apa/d/terre-haute-20-35th-st-2-bed-1-bath/6977012119.html,2019-10-03,13:56,$650,Terre Haute,True,None,2,None
Indiana,terrehaute,terrehaute,apa,6974926163,None,613 S. 15th St. -- 1 Bed 1 Bath,https://terrehaute.craigslist.org/apa/d/terre-haute-th-st-1-bed-1-bath/6974926163.html,2019-10-03,13:55,$525,Terre Haute,True,None,1,None
Indiana,terrehaute,terrehaute,apa,6987113402,None,3160 N. 16th St. -- 3 Bed 1 Bath,https://terrehaute.craigslist.org/apa/d/terre-haute-th-st-3-bed-1-bath/6987113402.html,2019-10-03,13:55,$750,Terre Haute,True,None,3,None
Indiana,terrehaute,terrehaute,apa,6987118531,None,1725 Garfield Ave. -- 2 Bed 1 Bath,https://terrehaute.craigslist.org/apa/d/terre-haute-1725-garfield-ave-2-bed-1/6987118531.html,2019-10-03,13:55,$695,Terre Haute,True,None,2,None
Indiana,terrehaute,terrehaute,apa,6987095207,6974969446,2023 N. 12th St. -- 2 Bed 1 Bath,https://terrehaute.craigslist.org/apa/d/terre-haute-th-st-2-bed-1-bath/6987095207.html,2019-10-03,13:55,$625,Terre Haute,True,None,2,None
Indiana,terrehaute,terrehaute,apa,6972137990,None,2 Br 2 Bath House,https://terrehaute.craigslist.org/apa/d/terre-haute-2-br-2-bath-house/6972137990.html,2019-10-03,13:05,$650,Terre Haute,True,None,2,1102ft2
Indiana,terrehaute,terrehaute,apa,6991781527,None,ISO 3 bedroom,https://terrehaute.craigslist.org/apa/d/paris-iso-3-bedroom/6991781527.html,2019-10-03,11:22,$700,Marshall/ Paris,False,None,None,None
Indiana,terrehaute,terrehaute,apa,6991713659,None,End your search at Jamestown Village!,https://terrehaute.craigslist.org/apa/d/end-your-search-at-jamestown-village/6991713659.html,2019-10-03,11:15,$585,"S 6th St,Terre Haute, IN",True,None,2,816ft2
Indiana,terrehaute,terrehaute,apa,6991747017,None,Great one bedroom apartment,https://terrehaute.craigslist.org/apa/d/terre-haute-great-one-bedroom-apartment/6991747017.html,2019-10-03,10:40,$450,None,True,None,1,None
Indiana,terrehaute,terrehaute,apa,6973977556,6065939953,3 BEDROOM HOUSE FOR RENT,https://terrehaute.craigslist.org/apa/d/terre-haute-3-bedroom-house-for-rent/6973977556.html,2019-10-03,10:12,$795,Terre Haute,True,None,3,None
Indiana,terrehaute,terrehaute,apa,6991725938,None,1 Bedroom-all electric,https://terrehaute.craigslist.org/apa/d/terre-haute-1-bedroom-all-electric/6991725938.html,2019-10-03,10:11,$500,"Terre Haute, IN 47802",False,None,1,None
Indiana,terrehaute,terrehaute,apa,6991724263,None,Spacious 1 bedroom apartment with Washer & Dryer!!!,https://terrehaute.craigslist.org/apa/d/clinton-spacious-1-bedroom-apartment/6991724263.html,2019-10-03,10:09,$435,Clinton,True,None,1,None
Indiana,terrehaute,terrehaute,apa,6973388983,6045117124,520 S. 4th St.-Walk to ISU,https://terrehaute.craigslist.org/apa/d/terre-haute-520-4th-st-walk-to-isu/6973388983.html,2019-10-03,10:06,$600,520 S. 4th,True,None,2,None
Indiana,terrehaute,terrehaute,apa,6973392748,6148502481,or 1BR for $550 at 1453 Ohio St- Close to Class!,https://terrehaute.craigslist.org/apa/d/terre-haute-or-1br-for-550-at-1453-ohio/6973392748.html,2019-10-03,10:06,$650,1453 Ohio St.,True,None,2,None
Indiana,terrehaute,terrehaute,apa,6973396930,6174854749,or $650/2BR at 320 S. 4th St.-3 blocks from ISU,https://terrehaute.craigslist.org/apa/d/terre-haute-or-650-2br-at-320-4th-st-3/6973396930.html,2019-10-03,10:06,$500,320 S. 4th St.,True,None,1,None
Indiana,terrehaute,terrehaute,apa,6991711841,None,1 Bedroom house fully remodled,https://terrehaute.craigslist.org/apa/d/terre-haute-1-bedroom-house-fully/6991711841.html,2019-10-03,09:51,$550,Terre Haute,True,None,1,1100ft2
Indiana,terrehaute,terrehaute,apa,6991618557,None,Clean area 4 bedroom 2 bth Reelsville West Union meticulous attached g,https://terrehaute.craigslist.org/apa/d/prairieton-clean-area-4-bedroom-2-bth/6991618557.html,2019-10-03,05:00,$1125,Dugger Eaton Linton,True,None,5,1880ft2
Indiana,terrehaute,terrehaute,apa,6991522929,None,"2 bedroom half of a duplex,water paid by owner $650,-",https://terrehaute.craigslist.org/apa/d/terre-haute-2-bedroom-half-of/6991522929.html,2019-10-02,21:16,$650,19 rose avenue terre haute,True,None,2,None
Indiana,terrehaute,terrehaute,apa,6986941245,None,1 Bedroom Apartment,https://terrehaute.craigslist.org/apa/d/terre-haute-1-bedroom-apartment/6986941245.html,2019-10-02,15:46,$540,None,False,None,1,None
Indiana,terrehaute,terrehaute,apa,6986943951,None,1 bedroom House,https://terrehaute.craigslist.org/apa/d/terre-haute-1-bedroom-house/6986943951.html,2019-10-02,15:45,$470,None,False,None,1,None
Indiana,terrehaute,terrehaute,apa,6982894420,None,2 Bedroom House,https://terrehaute.craigslist.org/apa/d/terre-haute-2-bedroom-house/6982894420.html,2019-10-02,15:45,$495,None,False,None,1,None
Indiana,terrehaute,terrehaute,apa,6987685441,None,Spacious Remodeled 3 br 1 bath apartment,https://terrehaute.craigslist.org/apa/d/terre-haute-spacious-remodeled-3-br-1/6987685441.html,2019-10-02,15:42,$600,Farrington Grove,True,None,3,None
Indiana,terrehaute,terrehaute,apa,6986179930,5032369740,"2 Bedroom, 1 Bath Duplex - South End",https://terrehaute.craigslist.org/apa/d/2-bedroom-1-bath-duplex-south-end/6986179930.html,2019-10-02,14:44,$700,4532 SOUTH REDWOOD STREET,False,None,2,None
Indiana,terrehaute,terrehaute,apa,6986179013,5032369740,"2 Bedroom, 1 Bath Duplex - South End",https://terrehaute.craigslist.org/apa/d/2-bedroom-1-bath-duplex-south-end/6986179013.html,2019-10-02,14:44,$700,1092 DAWN DRIVE,False,None,2,None
Indiana,terrehaute,terrehaute,apa,6986171588,5080304694,"2 Bedroom, 1 Bath Duplex -  PHYLBECK",https://terrehaute.craigslist.org/apa/d/2-bedroom-1-bath-duplex-phylbeck/6986171588.html,2019-10-02,14:44,$650,None,False,None,2,None
Indiana,terrehaute,terrehaute,apa,6974732311,5032369740,"2 Bedroom, 1 Bath Duplex - South End",https://terrehaute.craigslist.org/apa/d/2-bedroom-1-bath-duplex-south-end/6974732311.html,2019-10-02,14:44,$700,4540 SOUTH Redwood,False,None,2,None
Indiana,terrehaute,terrehaute,apa,6984633580,5056105595,SPECIAL THIS WEEK CENTER CITY,https://terrehaute.craigslist.org/apa/d/terre-haute-special-this-week-center/6984633580.html,2019-10-02,14:44,$695,Center City,True,None,1,None
Indiana,terrehaute,terrehaute,apa,6991131420,None,AWESOME 3 BEDROOM HOUSE WITH WOOD FLOORS!,https://terrehaute.craigslist.org/apa/d/terre-haute-awesome-3-bedroom-house/6991131420.html,2019-10-02,14:10,$510,terre haute,True,None,2,685ft2
Indiana,terrehaute,terrehaute,apa,6989032203,None,2 Bedroom Apartment Maple Park Apartments,https://terrehaute.craigslist.org/apa/d/vincennes-2-bedroom-apartment-maple/6989032203.html,2019-10-02,13:58,$0,"Vincennes, IN",True,None,2,765ft2
Indiana,terrehaute,terrehaute,apa,6991187851,None,LOOKING 2 RENT A HOUSE WE CAN CALL HOME WE ARE IN OUR 60S VERY CLEAN,https://terrehaute.craigslist.org/apa/d/terre-haute-looking-2-rent-house-we-can/6991187851.html,2019-10-02,13:44,$600,BRAZIL CLINTON MONTEZUMA TERRE HAUTE ROSEDALE BRIDGESTON MAN,False,None,3,None
Indiana,terrehaute,terrehaute,apa,6991164179,None,"2 bedroom half of a duplex, lots of space. $650,-",https://terrehaute.craigslist.org/apa/d/terre-haute-2-bedroom-half-of-duplex/6991164179.html,2019-10-02,13:19,$650,19 rose avenue terre haute,True,None,2,None
Indiana,terrehaute,terrehaute,apa,6991070736,None,"Roomy 3 bedroom, 1 bath duplex",https://terrehaute.craigslist.org/apa/d/terre-haute-roomy-3-bedroom-1-bath/6991070736.html,2019-10-02,11:43,$650,"1514 S 7th St., Terre Haute, IN",True,None,3,None
Indiana,terrehaute,terrehaute,apa,6991002835,None,Spacious 2 bedroom 2 bath with private Balcony!,https://terrehaute.craigslist.org/apa/d/clinton-spacious-2-bedroom-2-bath-with/6991002835.html,2019-10-02,10:19,$525,Clinton,True,None,2,None
Indiana,terrehaute,terrehaute,apa,6990949431,None,Welcome Home to your spacious 1 br apartment WITH washer & dryer!!!!,https://terrehaute.craigslist.org/apa/d/clinton-welcome-home-to-your-spacious-1/6990949431.html,2019-10-02,08:58,$435,Clinton,True,None,1,None
Indiana,terrehaute,terrehaute,apa,6975953235,None,Nice/Clean 1 BR on north side,https://terrehaute.craigslist.org/apa/d/terre-haute-nice-clean-1-br-on-north/6975953235.html,2019-10-01,18:30,$410,3774 E. Park Ave.,True,None,1,350ft2
Indiana,terrehaute,terrehaute,apa,6989140803,None,2 and 3 bedroom mobile home for rent 495 and up,https://terrehaute.craigslist.org/apa/d/terre-haute-2-and-3-bedroom-mobile-home/6989140803.html,2019-10-01,18:07,$495,Terre haute in,False,None,2,None
Indiana,terrehaute,terrehaute,apa,6989138405,None,House for rent,https://terrehaute.craigslist.org/apa/d/terre-haute-house-for-rent/6989138405.html,2019-10-01,16:46,$600,Terrehaue,True,None,3,1200ft2
Indiana,terrehaute,terrehaute,apa,6989143906,None,House for rent,https://terrehaute.craigslist.org/apa/d/terre-haute-house-for-rent/6989143906.html,2019-10-01,16:46,$400,Terrehaue,False,None,1,600ft2
Indiana,terrehaute,terrehaute,apa,6990484263,None,Iso 2 bedroom house,https://terrehaute.craigslist.org/apa/d/terre-haute-iso-2-bedroom-house/6990484263.html,2019-10-01,14:22,$550,Terre haute,False,None,2,None
Indiana,terrehaute,terrehaute,apa,6980664238,None,3 Bedroom 2 Bathroom Apartment fully remodled,https://terrehaute.craigslist.org/apa/d/terre-haute-3-bedroom-2-bathroom/6980664238.html,2019-10-01,14:15,$650,2401 S. Center St.,True,None,3,1200ft2
Indiana,terrehaute,terrehaute,apa,6990485822,None,APARTMENT FOR RENT,https://terrehaute.craigslist.org/apa/d/marshall-apartment-for-rent/6990485822.html,2019-10-01,14:11,$375,Marshall Illinois,True,None,1,None
Indiana,terrehaute,terrehaute,apa,6990476953,None,"Nice East Side - 3 Bedrm., 2 Bath, Fenced Yard",https://terrehaute.craigslist.org/apa/d/terre-haute-nice-east-side-3-bedrm-2/6990476953.html,2019-10-01,14:01,$975,"406 S. 30th Street, Terre Haute",True,None,None,None
Indiana,terrehaute,terrehaute,apa,6990436961,None,Two Bedroom Apartment with Washer & Dryer!!!,https://terrehaute.craigslist.org/apa/d/clinton-two-bedroom-apartment-with/6990436961.html,2019-10-01,13:19,$525,Clinton,True,None,2,None
Indiana,terrehaute,terrehaute,apa,6988269436,4646262140,Clean Upstairs Studio Apartment (Near ISU),https://terrehaute.craigslist.org/apa/d/terre-haute-clean-upstairs-studio/6988269436.html,2019-10-01,12:15,$450,2002 N 12 St. Apt #1 Terre Haute IN.,True,None,1,None
Indiana,terrehaute,terrehaute,apa,6990305810,None,1 Bedroom / 1 Bathroom located in Southern Vigo County,https://terrehaute.craigslist.org/apa/d/terre-haute-1-bedroom-1-bathroom/6990305810.html,2019-10-01,10:56,$475,Terre Haute,True,None,1,None
Indiana,terrehaute,terrehaute,apa,6990252006,None,Spacious 1 bedroom apartment * MOVE IN READY!,https://terrehaute.craigslist.org/apa/d/clinton-spacious-1-bedroom-apartment/6990252006.html,2019-10-01,09:45,$435,Clinton,True,None,1,None
Indiana,terrehaute,terrehaute,apa,6976156886,6661274570,2 and 3 bed available!!!! (T-Am),https://terrehaute.craigslist.org/apa/d/terre-haute-2-and-3-bed-available-am/6976156886.html,2019-10-01,08:31,$699,Terre Haute,True,None,2,None
Indiana,terrehaute,terrehaute,apa,6990201576,6929031496,4 Bedroom Close o ISU,https://terrehaute.craigslist.org/apa/d/terre-haute-4-bedroom-close-isu/6990201576.html,2019-10-01,08:05,$700,Farrington Grove,True,None,4,2500ft2
Indiana,terrehaute,terrehaute,apa,6990089917,None,Great Schools 3 bedroom 2 bath Graysville Metcalf contemporary Dual /,https://terrehaute.craigslist.org/apa/d/hutsonville-great-schools-3-bedroom-2/6990089917.html,2019-10-01,00:02,$1185,Sullivan Annapolis Martinsville,True,None,4,1270ft2
Indiana,terrehaute,terrehaute,apa,6972775474,None,1634 S 5th St  Terre Haute  IN,https://terrehaute.craigslist.org/apa/d/terre-haute-th-st-terre-haute-in/6972775474.html,2019-09-30,20:40,$885,Farrington Grove Historical District,True,None,3,1884ft2
Indiana,terrehaute,terrehaute,apa,6987525155,6931578071,"Clean and spacious 3 bedroom, 1 1/2 bathroom duplex",https://terrehaute.craigslist.org/apa/d/terre-haute-clean-and-spacious-3/6987525155.html,2019-09-30,20:37,$595,"662 Oak St., Terre Haute, IN",True,None,3,None
Indiana,terrehaute,terrehaute,apa,6984570320,6955643058,"1 bedroom, 1 bath apartment near ISU Campus",https://terrehaute.craigslist.org/apa/d/terre-haute-1-bedroom-1-bath-apartment/6984570320.html,2019-09-30,20:36,$400,"1239 S 7th St, Apt C, Terre Haute, IN",True,None,1,None
Indiana,terrehaute,terrehaute,apa,6984931623,6957596843,Beautiful Roomy Bungalow Home. Many Updates.,https://terrehaute.craigslist.org/apa/d/terre-haute-beautiful-roomy-bungalow/6984931623.html,2019-09-30,18:32,$650,Terre Haute,True,None,2,None
Indiana,terrehaute,terrehaute,apa,6989805183,None,3 bedroom 2 bathroom apartment with lots of space!,https://terrehaute.craigslist.org/apa/d/clinton-3-bedroom-2-bathroom-apartment/6989805183.html,2019-09-30,15:08,$674,clinton,True,None,3,None
Indiana,terrehaute,terrehaute,apa,6975400241,6660264640,2bed/1bath-- Available now!!! (M-Pm),https://terrehaute.craigslist.org/apa/d/terre-haute-2bed-1bath-available-now-pm/6975400241.html,2019-09-30,14:41,$699,Terre Haute,True,None,2,650ft2
Indiana,terrehaute,terrehaute,apa,6986408608,None,Apartment for rent,https://terrehaute.craigslist.org/apa/d/saint-mary-of-the-woods-apartment-for/6986408608.html,2019-09-30,13:27,$400,St. Mary's,True,None,1,None
Indiana,terrehaute,terrehaute,apa,6989697008,None,1 bedroom apartment -w/d included! Apply today!,https://terrehaute.craigslist.org/apa/d/clinton-1-bedroom-apartment-d-included/6989697008.html,2019-09-30,13:12,$435,clinton,True,None,1,None
Indiana,terrehaute,terrehaute,apa,6986368301,None,TRAILER FOR RENT,https://terrehaute.craigslist.org/apa/d/terre-haute-trailer-for-rent/6986368301.html,2019-09-30,13:01,$450,Terre Haute IN,False,None,1,None
Indiana,terrehaute,terrehaute,apa,6986374239,None,TRAILER FOR RENT,https://terrehaute.craigslist.org/apa/d/terre-haute-trailer-for-rent/6986374239.html,2019-09-30,13:01,$485,Terre Haute IN,False,None,2,None
Indiana,terrehaute,terrehaute,apa,6978592419,None,Great 3 bedroom 1 1/2 bath apartment,https://terrehaute.craigslist.org/apa/d/terre-haute-great-3-bedroom-bath/6978592419.html,2019-09-30,12:31,$600,Farrington Grove,True,None,3,None
Indiana,terrehaute,terrehaute,apa,6981403128,None,3 BEDROOM DUPLEX UNITS! *OPEN HOUSE FRIDAY 10/4 5:30PM*,https://terrehaute.craigslist.org/apa/d/terre-haute-3-bedroom-duplex-units-open/6981403128.html,2019-09-30,12:01,$650,18 Home Avenue,True,None,3,1000ft2
Indiana,terrehaute,terrehaute,apa,6987117726,None,4BED/1.5BATH/RENT TO OWN/ALMOST 3000 SQ. FT!,https://terrehaute.craigslist.org/apa/d/terre-haute-4bed-15bath-rent-to-own/6987117726.html,2019-09-30,11:56,$700,2022 N 11th st,True,None,4,2900ft2
Indiana,terrehaute,terrehaute,apa,6989607411,None,"Nice 2 bedroom, 1 bath duplex",https://terrehaute.craigslist.org/apa/d/terre-haute-nice-2-bedroom-1-bath-duplex/6989607411.html,2019-09-30,11:37,$600,"Terre Haute, IN",True,None,2,None
Indiana,terrehaute,terrehaute,apa,6989599474,6950792459,2 bed/1 bath home,https://terrehaute.craigslist.org/apa/d/terre-haute-2-bed-1-bath-home/6989599474.html,2019-09-30,11:29,$500,None,True,None,None,None
Indiana,terrehaute,terrehaute,apa,6989591817,None,Three Bedroom South,https://terrehaute.craigslist.org/apa/d/terre-haute-three-bedroom-south/6989591817.html,2019-09-30,11:20,$700,2215 S 10 1/2,True,None,3,864ft2
Indiana,terrehaute,terrehaute,apa,6989589828,None,Large two bedroom north,https://terrehaute.craigslist.org/apa/d/terre-haute-large-two-bedroom-north/6989589828.html,2019-09-30,11:17,$625,2206 2nd Ave,False,None,2,1664ft2
Indiana,terrehaute,terrehaute,apa,6989584854,None,Two Bedroom Home North,https://terrehaute.craigslist.org/apa/d/terre-haute-two-bedroom-home-north/6989584854.html,2019-09-30,11:12,$500,1014 3rd Ave,True,None,2,768ft2
Indiana,terrehaute,terrehaute,apa,6989573529,None,3 BEDROOM DUPLEX UNITS! *OPEN HOUSE TUESDAY 9/27 6PM*,https://terrehaute.craigslist.org/apa/d/terre-haute-3-bedroom-duplex-units-open/6989573529.html,2019-09-30,10:59,$600,"Terre Haute, IN",True,None,3,1000ft2
Indiana,terrehaute,terrehaute,apa,6989556002,6964884664,Newly Remodeled Two Bedroom North,https://terrehaute.craigslist.org/apa/d/terre-haute-newly-remodeled-two-bedroom/6989556002.html,2019-09-30,10:37,$525,2001 1St Ave,True,None,2,880ft2
Indiana,terrehaute,terrehaute,apa,6989555745,6899146851,Four bedroom available in August,https://terrehaute.craigslist.org/apa/d/terre-haute-four-bedroom-available-in/6989555745.html,2019-09-30,10:37,$800,1470 S 10th St Apt 1,True,None,4,1440ft2
Indiana,terrehaute,terrehaute,apa,6989555388,6959893856,Three bedroom Home with garage,https://terrehaute.craigslist.org/apa/d/terre-haute-three-bedroom-home-with/6989555388.html,2019-09-30,10:36,$625,2226 1St Ave,True,None,3,926ft2
Indiana,terrehaute,terrehaute,apa,6989555185,6970515494,Two Bedroom Walking distance to campus with Reduced Rent !,https://terrehaute.craigslist.org/apa/d/terre-haute-two-bedroom-walking/6989555185.html,2019-09-30,10:36,$625,708 S 7th Apt 2,True,None,2,900ft2
Indiana,terrehaute,terrehaute,apa,6989554917,6970519753,One bedroom Home,https://terrehaute.craigslist.org/apa/d/terre-haute-one-bedroom-home/6989554917.html,2019-09-30,10:36,$450,2017 1/2 Deming St,True,None,1,640ft2
Indiana,terrehaute,terrehaute,apa,6989552574,6970522372,Large Two Bedroom all utilities Paid !,https://terrehaute.craigslist.org/apa/d/terre-haute-large-two-bedroom-all/6989552574.html,2019-09-30,10:33,$750,1621 S 9th St Apt E,True,None,2,700ft2
Indiana,terrehaute,terrehaute,apa,6989552360,6979743310,Three Bedroom all utilities paid walking distance to campus,https://terrehaute.craigslist.org/apa/d/terre-haute-three-bedroom-all-utilities/6989552360.html,2019-09-30,10:33,$625,627 S 7th Apt 2,True,None,3,1223ft2
Indiana,terrehaute,terrehaute,apa,6989552152,6979746385,Large One Bedroom all utilities paid !,https://terrehaute.craigslist.org/apa/d/terre-haute-large-one-bedroom-all/6989552152.html,2019-09-30,10:33,$475,2301 Hulman St,True,None,1,620ft2
Indiana,terrehaute,terrehaute,apa,6989551948,6979747805,Two Bedroom Walking Distance to Campus,https://terrehaute.craigslist.org/apa/d/terre-haute-two-bedroom-walking/6989551948.html,2019-09-30,10:32,$495,654 Deming St apt 2,True,None,2,847ft2
Indiana,terrehaute,terrehaute,apa,6989551729,6979749557,Three Bedroom apt,https://terrehaute.craigslist.org/apa/d/terre-haute-three-bedroom-apt/6989551729.html,2019-09-30,10:32,$600,1623 1/2 Ohio St,True,None,3,1165ft2
Indiana,terrehaute,terrehaute,apa,6989514131,None,Apply for this spacious 2 bed/2 bath apartment today!,https://terrehaute.craigslist.org/apa/d/clinton-apply-for-this-spacious-2-bed-2/6989514131.html,2019-09-30,09:41,$525,clinton,True,None,2,None
Indiana,terrehaute,terrehaute,apa,6972629389,6641506566,"2 and 3 bedroom apartments available!----STOP NOW, CLICK HERE! (M-am)",https://terrehaute.craigslist.org/apa/d/terre-haute-2-and-3-bedroom-apartments/6972629389.html,2019-09-30,08:22,$699,Terre Haute,True,None,1,580ft2
Indiana,terrehaute,terrehaute,apa,6989456174,None,TWO Houses two bedrooms,https://terrehaute.craigslist.org/apa/d/terre-haute-two-houses-two-bedrooms/6989456174.html,2019-09-30,07:20,$525,None,False,None,2,None
Indiana,terrehaute,terrehaute,apa,6989454971,None,3 bedroom house North,https://terrehaute.craigslist.org/apa/d/terre-haute-3-bedroom-house-north/6989454971.html,2019-09-30,07:14,$550,TERRE HAUTE,False,None,3,None
Indiana,terrehaute,terrehaute,apa,6989379464,None,Stunning Collett Park 3 bed available now!,https://terrehaute.craigslist.org/apa/d/terre-haute-stunning-collett-park-3-bed/6989379464.html,2019-09-29,22:56,$800,Terre Haute,True,None,3,1200ft2
Indiana,terrehaute,terrehaute,apa,6989248750,None,Family friendly 4 bedroom 2 baths Paris Bridgeton splendid great start,https://terrehaute.craigslist.org/apa/d/universal-family-friendly-4-bedroom-2/6989248750.html,2019-09-29,19:13,$900,Russellville Fairbanks Riley,True,None,3,1999ft2
Indiana,terrehaute,terrehaute,apa,6989211319,None,3 Bedroom 2 Bath Country Home,https://terrehaute.craigslist.org/apa/d/staunton-3-bedroom-2-bath-country-home/6989211319.html,2019-09-29,17:11,$795,"Brazil, IN",False,None,3,1500ft2
Indiana,terrehaute,terrehaute,apa,6989149241,None,Looking for an apt or house,https://terrehaute.craigslist.org/apa/d/terre-haute-looking-for-an-apt-or-house/6989149241.html,2019-09-29,16:00,$400,terre haute,False,None,None,None
Indiana,terrehaute,terrehaute,apa,6988054048,None,3 Bedroom house for rent - Ready to move into,https://terrehaute.craigslist.org/apa/d/terre-haute-3-bedroom-house-for-rent/6988054048.html,2019-09-27,18:54,$650,"1614 Garfield Ave, 4 blocks to Union Hospital",False,None,3,None
Indiana,terrehaute,terrehaute,apa,6987877018,None,Big yard 4 bedroom 2 bth Putnamville West Terre Haute marvelous Heated,https://terrehaute.craigslist.org/apa/d/redmon-big-yard-4-bedroom-2-bth/6987877018.html,2019-09-27,16:46,$1025,Centerpoint Brazil Cory,True,None,5,1735ft2
Indiana,terrehaute,terrehaute,apa,6987955620,None,2 bed/1 bath apartment - washer & dryer included!!!!,https://terrehaute.craigslist.org/apa/d/clinton-2-bed-1-bath-apartment-washer/6987955620.html,2019-09-27,16:42,$525,Clinton,True,None,2,None
Indiana,terrehaute,terrehaute,apa,6987666050,None,PLEASE HELP,https://terrehaute.craigslist.org/apa/d/terre-haute-please-help/6987666050.html,2019-09-27,11:24,$700,None,False,None,None,None
Indiana,terrehaute,terrehaute,apa,6967201605,None,Spooky Savings,https://terrehaute.craigslist.org/apa/d/terre-haute-spooky-savings/6967201605.html,2019-09-27,11:04,$830,Terre Haute,True,None,None,None
Indiana,terrehaute,terrehaute,apa,6987618796,None,Spacious 2 bedroom apartment with w/d hookup!,https://terrehaute.craigslist.org/apa/d/clinton-spacious-2-bedroom-apartment/6987618796.html,2019-09-27,10:29,$509,Clinton,True,None,2,None
Indiana,terrehaute,terrehaute,apa,6987434572,None,"Huge top floor unit, hot tub in back yard!",https://terrehaute.craigslist.org/apa/d/terre-haute-huge-top-floor-unit-hot-tub/6987434572.html,2019-09-26,22:27,$800,Terre haute,True,None,3,1200ft2
Indiana,terrehaute,terrehaute,apa,6986987634,None,AWESOME 3 BEDROOM HOUSE WITH WOOD FLOORS!,https://terrehaute.craigslist.org/apa/d/terre-haute-awesome-3-bedroom-house/6986987634.html,2019-09-26,13:39,$540,terre haute,True,None,3,1040ft2
Indiana,terrehaute,terrehaute,apa,6987000792,None,Bright and clean 3 bed 2 bath single story home in the northeast heigh,https://terrehaute.craigslist.org/apa/d/albuquerque-bright-and-clean-3-bed-2/6987000792.html,2019-09-26,12:21,$850,Albuquerque,True,None,3,1442ft2
Indiana,terrehaute,terrehaute,apa,6986931840,None,Now Leasing,https://terrehaute.craigslist.org/apa/d/knightsville-now-leasing/6986931840.html,2019-09-26,11:03,$424,"Brazil, IN",True,None,None,None
Indiana,terrehaute,terrehaute,apa,6986882783,None,2 Bedroom Corner Apartment with Double Closets & Appliances Furnished!,https://terrehaute.craigslist.org/apa/d/paris-2-bedroom-corner-apartment-with/6986882783.html,2019-09-26,09:57,$600,"Paris, IL",True,None,2,None
Indiana,terrehaute,terrehaute,apa,6968978171,4335396835,$500 to $600 STUDIO & 1 BEDRM APTS ALL UTILITIES PAID,https://terrehaute.craigslist.org/apa/d/500-to-600-studio-1-bedrm-apts-all/6968978171.html,2019-09-26,09:47,$500,TERRE HAUTE,True,None,None,None
Indiana,terrehaute,terrehaute,apa,6986609176,None,"2 bedroom, 2 bath",https://terrehaute.craigslist.org/apa/d/terre-haute-2-bedroom-2-bath/6986609176.html,2019-09-25,18:41,$650,Seelyville,False,None,2,600ft2
Indiana,terrehaute,terrehaute,apa,6982647718,None,HOUSE FOR RENT,https://terrehaute.craigslist.org/apa/d/terre-haute-house-for-rent/6982647718.html,2019-09-25,13:42,$585,Terre Haute IN,True,None,3,None
Indiana,terrehaute,terrehaute,apa,6986284532,None,AWESOME 3 BEDROOM HOUSE WITH WOOD FLOORS!,https://terrehaute.craigslist.org/apa/d/terre-haute-awesome-3-bedroom-house/6986284532.html,2019-09-25,13:27,$500,terre haute,True,None,3,645ft2
Indiana,terrehaute,terrehaute,apa,6985781080,None,3369 Wabash Ave Unit 3 - near stadium,https://terrehaute.craigslist.org/apa/d/terre-haute-3369-wabash-ave-unit-3-near/6985781080.html,2019-09-24,16:35,$695,"Terre Haute, IN",True,None,2,900ft2
Indiana,terrehaute,terrehaute,apa,6985601347,None,Cute remodeled with fireplace apartment,https://terrehaute.craigslist.org/apa/d/terre-haute-cute-remodeled-with/6985601347.html,2019-09-24,13:18,$650,"8270 S. US HWY 41, Apt B, Terre Haute",True,None,2,None
Indiana,terrehaute,terrehaute,apa,6985421480,None,Large east side house (2250),https://terrehaute.craigslist.org/apa/d/terre-haute-large-east-side-house-2250/6985421480.html,2019-09-24,10:00,$995,2250 Crawford,True,None,None,None
Indiana,terrehaute,terrehaute,apa,6975774840,6885799788,All utilities paid (620.5),https://terrehaute.craigslist.org/apa/d/terre-haute-all-utilities-paid-6205/6975774840.html,2019-09-24,09:40,$600,620.5 South Center,True,None,1,None
Indiana,terrehaute,terrehaute,apa,6975778074,6880805628,side by side duplex (621),https://terrehaute.craigslist.org/apa/d/terre-haute-side-by-side-duplex-621/6975778074.html,2019-09-24,09:40,$595,621 Washington Ave,True,None,3,None
Indiana,terrehaute,terrehaute,apa,6975779701,4569915234,Walk to ISU (707/1),https://terrehaute.craigslist.org/apa/d/terre-haute-walk-to-isu-707-1/6975779701.html,2019-09-24,09:39,$640,707 3rd Ave,True,None,2,None
Indiana,terrehaute,terrehaute,apa,6975782032,5387936295,All utilities included (440 #2),https://terrehaute.craigslist.org/apa/d/terre-haute-all-utilities-included-440-2/6975782032.html,2019-09-24,09:39,$730,440 S 17th Apt. #2,True,None,2,None
Indiana,terrehaute,terrehaute,apa,6975782564,4427100443,Close to ISU (614),https://terrehaute.craigslist.org/apa/d/terre-haute-close-to-isu-614/6975782564.html,2019-09-24,09:39,$975,614 S 5th,True,None,5,None
Indiana,terrehaute,terrehaute,apa,6975785314,4320303012,Northside on the edge of town (2310 #2),https://terrehaute.craigslist.org/apa/d/terre-haute-northside-on-the-edge-of/6975785314.html,2019-09-24,09:39,$465,2310 East Florence Ave Apt. #2,True,None,1,None
Indiana,terrehaute,terrehaute,apa,6974992783,None,3 BR 1 1/2 BA,https://terrehaute.craigslist.org/apa/d/shelburn-3-br-ba/6974992783.html,2019-09-24,09:04,$575,Shelburn,False,None,3,None
Indiana,terrehaute,terrehaute,apa,6985195179,6072022796,5 Bd. Student Preferred house,https://terrehaute.craigslist.org/apa/d/5-bd-student-preferred-house/6985195179.html,2019-09-23,20:26,$0,None,False,None,5,None
Indiana,terrehaute,terrehaute,apa,6984962184,None,WANTING HOUSE OR MODULAR ON SOME LAND 2 RENT IN VIGO PARKE MANFIELDS,https://terrehaute.craigslist.org/apa/d/terre-haute-wanting-house-or-modular-on/6984962184.html,2019-09-23,15:41,$600,ROCKVILLE MANSFIELD BRIDGESTON CLINTON ROSEDALE MORTH TERRE ,False,None,3,None
Indiana,terrehaute,terrehaute,apa,6984832762,None,Spacious 3 bedroom 2bth West York Ridge Farm new hot tub,https://terrehaute.craigslist.org/apa/d/redmon-spacious-3-bedroom-2bth-west/6984832762.html,2019-09-23,15:11,$875,Eaton Sullivan Universal,True,None,5,1122ft2
Indiana,terrehaute,terrehaute,apa,6984937773,None,5 bed/2 bath home,https://terrehaute.craigslist.org/apa/d/terre-haute-5-bed-2-bath-home/6984937773.html,2019-09-23,14:57,$900,S 9th Street,True,None,None,None
Indiana,terrehaute,terrehaute,apa,6984932170,None,2 bed/1 bath home,https://terrehaute.craigslist.org/apa/d/terre-haute-2-bed-1-bath-home/6984932170.html,2019-09-23,14:51,$575,South 18th Street Terre Haute,True,None,None,None
Indiana,terrehaute,terrehaute,apa,6984927654,None,1 bed/ 1 bath $400 Apartment Upper,https://terrehaute.craigslist.org/apa/d/terre-haute-1-bed-1-bath-400-apartment/6984927654.html,2019-09-23,14:46,$400,3rd Ave Terre Haute,True,None,None,None
Indiana,terrehaute,terrehaute,apa,6984892777,None,1 bed/ 1 bath,https://terrehaute.craigslist.org/apa/d/terre-haute-1-bed-1-bath/6984892777.html,2019-09-23,14:12,$400,Locust Street Terre Haute,True,None,None,None
Indiana,terrehaute,terrehaute,apa,6964330271,None,House for rent,https://terrehaute.craigslist.org/apa/d/terre-haute-house-for-rent/6964330271.html,2019-09-23,12:16,$600,Terrehaue,True,None,2,1200ft2
Indiana,terrehaute,terrehaute,apa,6965680164,4391504630,Clover Park Apartments,https://terrehaute.craigslist.org/apa/d/clover-park-apartments/6965680164.html,2019-09-23,11:08,$482,"2543 E County Rd 1000S, Cloverdale, IN",False,None,2,None
Indiana,terrehaute,terrehaute,apa,6984661621,None,$749 / 2br - 850ft2 - Grass Lake Apartment 2 Bedroom,https://terrehaute.craigslist.org/apa/d/terre-haute-749-2br-850ft2-grass-lake/6984661621.html,2019-09-23,10:56,$747,Terre haute,True,None,2,850ft2
Indiana,terrehaute,terrehaute,apa,6984614794,None,Super updated 3 bedroom 1.5bth Dennison Clinton sharp shopping,https://terrehaute.craigslist.org/apa/d/terre-haute-super-updated-3-bedroom/6984614794.html,2019-09-23,10:38,$1160,Metcalf Hume Judson,True,None,4,1263ft2
Indiana,terrehaute,terrehaute,apa,6984650758,6946620014,Larger 1 BR/BA Apartment - Handicap Accessible,https://terrehaute.craigslist.org/apa/d/terre-haute-larger-1-br-ba-apartment/6984650758.html,2019-09-23,10:02,$525,"8310 S. US Hwy 41, Terre Haute, IN Apt A",True,None,1,None
Indiana,terrehaute,terrehaute,apa,6984644775,6949588388,Price lowered! Collett Park 3 bedroom/ 1 bath available September,https://terrehaute.craigslist.org/apa/d/terre-haute-price-lowered-collett-park/6984644775.html,2019-09-23,09:54,$800,Collett Park,True,None,3,1100ft2
Indiana,terrehaute,terrehaute,apa,6972629106,None,Collett Park 3 bedroom/ 1 bath available,https://terrehaute.craigslist.org/apa/d/terre-haute-collett-park-3-bedroom-1/6972629106.html,2019-09-22,22:50,$800,Terre Haute,True,None,3,1100ft2
Indiana,terrehaute,terrehaute,apa,6984182577,6707594757,2-3 Bedroom Victorian Home,https://terrehaute.craigslist.org/apa/d/terre-haute-2-3-bedroom-victorian-home/6984182577.html,2019-09-22,14:07,$0,"Terre Haute, in",False,None,None,1579ft2
Indiana,terrehaute,terrehaute,apa,6978668331,None,w,https://terrehaute.craigslist.org/apa/d/vincennes/6978668331.html,2019-09-21,17:20,$700,vincennes,False,None,2,1300ft2
Indiana,terrehaute,terrehaute,apa,6983191156,6707594322,3-4 Bd. Victorian Home,https://terrehaute.craigslist.org/apa/d/terre-haute-3-4-bd-victorian-home/6983191156.html,2019-09-20,20:53,$0,"Terre Haute, in",False,None,4,1879ft2
Indiana,terrehaute,terrehaute,apa,6983008602,None,Spacious 1 bedroom apartment * MOVE IN READY!,https://terrehaute.craigslist.org/apa/d/clinton-spacious-1-bedroom-apartment/6983008602.html,2019-09-20,16:24,$435,Clinton,True,None,1,None
Indiana,terrehaute,terrehaute,apa,6962951624,5090306178,3 Bedroom Duplex Available   WINDSOR,https://terrehaute.craigslist.org/apa/d/3-bedroom-duplex-available-windsor/6962951624.html,2019-09-20,15:18,$750,1041      WINDSOR,False,None,3,1025ft2
Indiana,terrehaute,terrehaute,apa,6962954529,5624518895,HOUSE FOR RENT,https://terrehaute.craigslist.org/apa/d/house-for-rent/6962954529.html,2019-09-20,15:18,$700,2117 SOUTH 8TH,False,None,2,None
Indiana,terrehaute,terrehaute,apa,6982771628,None,*Special* 2 Bedroom Luxury Apartment,https://terrehaute.craigslist.org/apa/d/terre-haute-special-2-bedroom-luxury/6982771628.html,2019-09-20,12:12,$929,TERRE HAUTE,True,None,None,1018ft2
Indiana,terrehaute,terrehaute,apa,6982683551,None,Spacious 2 bedroom apartment with private balcony is waiting for you!,https://terrehaute.craigslist.org/apa/d/clinton-spacious-2-bedroom-apartment/6982683551.html,2019-09-20,10:35,$525,Clinton,True,None,2,None
Indiana,terrehaute,terrehaute,apa,6982619389,None,4 Bedroom 2.5 bath home on east side.,https://terrehaute.craigslist.org/apa/d/terre-haute-4-bedroom-25-bath-home-on/6982619389.html,2019-09-20,09:04,$1500,Woodshire Subdivision,True,None,4,2300ft2
Indiana,terrehaute,terrehaute,apa,6976520917,None,TRAILER FOR RENT,https://terrehaute.craigslist.org/apa/d/terre-haute-trailer-for-rent/6976520917.html,2019-09-19,15:53,$525,Terre Haute IN,False,None,2,None
Indiana,terrehaute,terrehaute,apa,6982153042,6735902932,Large two bedroom,https://terrehaute.craigslist.org/apa/d/terre-haute-large-two-bedroom/6982153042.html,2019-09-19,14:04,$565,North by Sky King airport,False,None,2,None
Indiana,terrehaute,terrehaute,apa,6981731118,None,6 Acre Lost Creek Home For Rent,https://terrehaute.craigslist.org/apa/d/terre-haute-6-acre-lost-creek-home-for/6981731118.html,2019-09-18,20:27,$750,Terre Haute,True,None,3,1000ft2
Indiana,terrehaute,terrehaute,apa,6961776971,None,COMING SOON brand NEW 2019 Homes,https://terrehaute.craigslist.org/apa/d/robinson-coming-soon-brand-new-2019/6961776971.html,2019-09-18,11:22,$835,Robinson,True,None,3,1216ft2
Indiana,terrehaute,terrehaute,apa,6981003129,5904069754,3 Beds One Car garage. AAA Location!!!,https://terrehaute.craigslist.org/apa/d/terre-haute-3-beds-one-car-garage-aaa/6981003129.html,2019-09-17,20:44,$795,"2936 Franklin St. Terre Haute, IN",True,None,3,None
Indiana,terrehaute,terrehaute,apa,6961112283,None,Please Help,https://terrehaute.craigslist.org/apa/d/seelyville-please-help/6961112283.html,2019-09-17,16:57,$650,None,False,None,None,None
Indiana,terrehaute,terrehaute,apa,6969609284,None,Three-bedroom two bathroom Home South Whitley,https://terrehaute.craigslist.org/apa/d/three-bedroom-two-bathroom-home-south/6969609284.html,2019-09-17,14:36,$1133,South Whitley,False,None,3,1842ft2
Indiana,terrehaute,terrehaute,apa,6980407208,None,2 apartments available,https://terrehaute.craigslist.org/apa/d/saint-mary-of-the-woods-2-apartments/6980407208.html,2019-09-17,07:58,$625,West Terre Haute,False,None,3,None
Indiana,terrehaute,terrehaute,apa,6968099172,None,"3 Bedroom, off street parking, recently painted",https://terrehaute.craigslist.org/apa/d/terre-haute-3-bedroom-off-street/6968099172.html,2019-09-17,07:41,$650,"1614 Garfield Ave, 4 blocks to Union Hospital",False,None,3,None
Indiana,terrehaute,terrehaute,apa,6966402785,None,2bed/1ba home in North Terre Haute,https://terrehaute.craigslist.org/apa/d/terre-haute-2bed-1ba-home-in-north/6966402785.html,2019-09-16,14:16,$550,N 14th st,True,None,2,None
Indiana,terrehaute,terrehaute,apa,6976238045,None,2 bed/1 bath all  utilities pd,https://terrehaute.craigslist.org/apa/d/terre-haute-2-bed-1-bath-all-utilities/6976238045.html,2019-09-16,14:16,$500,"Seelyville, Indiana",True,None,2,None
Indiana,terrehaute,terrehaute,apa,6977232258,None,2 bed/1 bath very large clean basement,https://terrehaute.craigslist.org/apa/d/terre-haute-2-bed-1-bath-very-large/6977232258.html,2019-09-16,14:10,$550,Terre Haute,True,None,None,None
Indiana,terrehaute,terrehaute,apa,6977245096,None,3 bed/ 2 bath,https://terrehaute.craigslist.org/apa/d/terre-haute-3-bed-2-bath/6977245096.html,2019-09-16,14:10,$650,Terre Haute,True,None,None,None
Indiana,terrehaute,terrehaute,apa,6960688211,None,Stadium Apartments Available,https://terrehaute.craigslist.org/apa/d/terre-haute-stadium-apartments-available/6960688211.html,2019-09-16,10:12,$725,Terre Haute,True,None,None,None
Indiana,terrehaute,terrehaute,apa,6960692236,None,343 White Oak Condo,https://terrehaute.craigslist.org/apa/d/terre-haute-343-white-oak-condo/6960692236.html,2019-09-16,10:12,$780,Terre Haute,True,None,None,None
Indiana,terrehaute,terrehaute,apa,6979706930,None,"Large 4 bed/2 bath apartment - w/d hook up, bark park, playground",https://terrehaute.craigslist.org/apa/d/clinton-large-4-bed-2-bath-apartment-d/6979706930.html,2019-09-16,09:51,$721,Clinton,True,None,4,None
Indiana,terrehaute,terrehaute,apa,6979705468,None,Look no further! Make Meadow Park Apartments your next home!,https://terrehaute.craigslist.org/apa/d/clinton-look-no-further-make-meadow/6979705468.html,2019-09-16,09:49,$684,Clinton,True,None,3,None
Indiana,terrehaute,terrehaute,apa,6979704356,None,2 bedroom 2 bathroom with balcony and w/d hook up!,https://terrehaute.craigslist.org/apa/d/clinton-2-bedroom-2-bathroom-with/6979704356.html,2019-09-16,09:48,$525,Clinton,True,None,2,None
Indiana,terrehaute,terrehaute,apa,6979703204,None,2 bed/1 bath apartment - washer & dryer included!!!!,https://terrehaute.craigslist.org/apa/d/clinton-2-bed-1-bath-apartment-washer/6979703204.html,2019-09-16,09:46,$513,Clinton,True,None,2,None
Indiana,terrehaute,terrehaute,apa,6979701273,None,Spacious 1 bedroom apartment with access to 24/7 fitness center!,https://terrehaute.craigslist.org/apa/d/clinton-spacious-1-bedroom-apartment/6979701273.html,2019-09-16,09:44,$429,Clinton,True,None,1,None
Indiana,terrehaute,terrehaute,apa,6966398213,None,"Cardio room, Limited access gates, Ceiling fans",https://terrehaute.craigslist.org/apa/d/pinellas-park-cardio-room-limited/6966398213.html,2019-09-16,09:35,$978,None,True,None,1,821ft2
Indiana,terrehaute,terrehaute,apa,6961328810,6661198836,2bed/1bath---WALK TO CAMPUS! (m-am),https://terrehaute.craigslist.org/apa/d/terre-haute-2bed-1bath-walk-to-campus-am/6961328810.html,2019-09-16,08:57,$699,Terre Haute,True,None,2,None
Indiana,terrehaute,terrehaute,apa,6979087309,None,TWO bedroom north,https://terrehaute.craigslist.org/apa/d/terre-haute-two-bedroom-north/6979087309.html,2019-09-15,09:42,$525,None,False,None,2,None
Indiana,terrehaute,terrehaute,apa,6979071645,4894748989,3 Bedroom with attached garage,https://terrehaute.craigslist.org/apa/d/terre-haute-3-bedroom-with-attached/6979071645.html,2019-09-15,09:23,$775,Southern Manor Apts,True,None,3,1400ft2
Indiana,terrehaute,terrehaute,apa,6979073250,4894731494,2 bedroom with attached garage,https://terrehaute.craigslist.org/apa/d/terre-haute-2-bedroom-with-attached/6979073250.html,2019-09-15,09:13,$685,Southern Manor Apts,True,None,2,850ft2
Indiana,terrehaute,terrehaute,apa,6979072432,4894736138,1 bedroom with attached garage,https://terrehaute.craigslist.org/apa/d/terre-haute-1-bedroom-with-attached/6979072432.html,2019-09-15,09:11,$575,Southern Manor Apts,True,None,1,550ft2
Indiana,terrehaute,terrehaute,apa,6978160960,None,1 Bedroom Apartment near Rose Hulman,https://terrehaute.craigslist.org/apa/d/terre-haute-1-bedroom-apartment-near/6978160960.html,2019-09-13,20:20,$530,Terre haute,True,None,1,None
Indiana,terrehaute,terrehaute,apa,6978199126,4893426920,1 bedroom (4 Room) House for Rent,https://terrehaute.craigslist.org/apa/d/1-bedroom-4-room-house-for-rent/6978199126.html,2019-09-13,19:32,$500,2218 N 27th St,False,None,1,None
Indiana,terrehaute,terrehaute,apa,6978176112,None,Family friendly 4 bedroom 2 bath Bloomingdale Fontanet fabulous marble,https://terrehaute.craigslist.org/apa/d/clay-city-family-friendly-4-bedroom-2/6978176112.html,2019-09-13,19:30,$1185,Staunton Reelsville Saint Bernice,True,None,3,1792ft2
Indiana,terrehaute,terrehaute,apa,6957465185,5009524497,One Bedroom -1 OR 2 BED & 2 Bath - Across from ISU Free parking pass!,https://terrehaute.craigslist.org/apa/d/one-bedroom-1-or-2-bed-2-bath-across/6957465185.html,2019-09-13,12:10,$700,Center City,False,None,1,None
Indiana,terrehaute,terrehaute,apa,6957463607,5024682403,STUDENTS AVAILABLE NOW LIMITED SPECIAL,https://terrehaute.craigslist.org/apa/d/students-available-now-limited-special/6957463607.html,2019-09-13,12:10,$595,Riverside Apartments,False,None,1,None
Indiana,terrehaute,terrehaute,apa,6968576469,None,One bedroom apt.,https://terrehaute.craigslist.org/apa/d/terre-haute-one-bedroom-apt/6968576469.html,2019-09-13,11:01,$500,626 east Curry Drive,True,None,1,600ft2
Indiana,terrehaute,terrehaute,apa,6977694313,4530917321,7 Bedroom House ! Available Now!,https://terrehaute.craigslist.org/apa/d/7-bedroom-house-available-now/6977694313.html,2019-09-13,09:53,$750,523 S. 7th,False,None,7,2000ft2
Indiana,terrehaute,terrehaute,apa,6977693777,3760374312,One Bedroom House,https://terrehaute.craigslist.org/apa/d/one-bedroom-house/6977693777.html,2019-09-13,09:52,$400,1837 N 1st Street,False,None,1,500ft2
Indiana,terrehaute,terrehaute,apa,6972630695,None,Live on a Lake!,https://terrehaute.craigslist.org/apa/d/seelyville-live-on-lake/6972630695.html,2019-09-12,18:01,$610,1646 N. Tabortown,True,None,2,850ft2
Indiana,terrehaute,terrehaute,apa,6964414631,None,"1435 4-bed, Historic home in nice neighborhood",https://terrehaute.craigslist.org/apa/d/terre-haute-bed-historic-home-in-nice/6964414631.html,2019-09-12,10:09,$925,Farrington Grove,True,None,4,None
Indiana,terrehaute,terrehaute,apa,6976699241,None,3 Bed / 2 Bath - Beautiful Family Home for Rent,https://terrehaute.craigslist.org/apa/d/terre-haute-3-bed-2-bath-beautiful/6976699241.html,2019-09-11,19:26,$900,Terre Haute,True,None,3,1788ft2
Indiana,terrehaute,terrehaute,apa,6956698344,6485561109,1BR Apt For Rent,https://terrehaute.craigslist.org/apa/d/terre-haute-1br-apt-for-rent/6956698344.html,2019-09-11,16:47,$450,41 S 18th St,False,None,1,450ft2
Indiana,terrehaute,terrehaute,apa,6967245794,4437243119,Large 3 bedroom Duplex apartment,https://terrehaute.craigslist.org/apa/d/terre-haute-large-3-bedroom-duplex/6967245794.html,2019-09-11,14:31,$900,"1227 S. 9th Street, Terre Haute, Indiana",True,None,3,1800ft2
Indiana,terrehaute,terrehaute,apa,6976273397,None,Large 4 bedroom 2 bathroom apartment - pet friendly!,https://terrehaute.craigslist.org/apa/d/clinton-large-4-bedroom-2-bathroom/6976273397.html,2019-09-11,11:16,$721,Clinton,True,None,4,None
Indiana,terrehaute,terrehaute,apa,6976271495,None,"3 bedroom 2 bathroom apartment - 24/7 fitness center, playground",https://terrehaute.craigslist.org/apa/d/clinton-3-bedroom-2-bathroom-apartment/6976271495.html,2019-09-11,11:14,$694,Clinton,True,None,3,None
Indiana,terrehaute,terrehaute,apa,6976270547,None,Roomy 2 bedroom 2 bathroom apartment with balcony!,https://terrehaute.craigslist.org/apa/d/clinton-roomy-2-bedroom-2-bathroom/6976270547.html,2019-09-11,11:13,$525,Clinton,True,None,2,None
Indiana,terrehaute,terrehaute,apa,6976267689,None,2 bedroom 1 bathroom apartment with beautiful hardwood floors,https://terrehaute.craigslist.org/apa/d/clinton-2-bedroom-1-bathroom-apartment/6976267689.html,2019-09-11,11:10,$513,Clinton,True,None,2,None
Indiana,terrehaute,terrehaute,apa,6976265786,None,Spacious 1 bedroom apartment * MOVE IN READY!,https://terrehaute.craigslist.org/apa/d/clinton-spacious-1-bedroom-apartment/6976265786.html,2019-09-11,11:08,$429,Clinton,True,None,1,None
Indiana,terrehaute,terrehaute,apa,6954857313,5646881608,MIDTOWN APARTMENTS COMING SOON 1 LEFT!!!!!!,https://terrehaute.craigslist.org/apa/d/midtown-apartments-coming-soon-1-left/6954857313.html,2019-09-11,09:22,$450,507 SOUTH 4TH STREET,False,None,1,None
Indiana,terrehaute,terrehaute,apa,6954856720,5080332457,Gorgeous 3 Bedroom Condo & 2 Full Baths Available,https://terrehaute.craigslist.org/apa/d/gorgeous-3-bedroom-condo-2-full-baths/6954856720.html,2019-09-11,09:22,$1299,Fruitridge Glen,True,None,3,1426ft2
Indiana,terrehaute,terrehaute,apa,6954856388,5024682403,ISU STUDENTS LIMITED TIME SPAECIAL,https://terrehaute.craigslist.org/apa/d/isu-students-limited-time-spaecial/6954856388.html,2019-09-11,09:22,$595,Riverside Apartments,False,None,1,None
Indiana,terrehaute,terrehaute,apa,6954863674,5080332457,Gorgeous 3 Bedroom Condo & 2 Full Baths Available,https://terrehaute.craigslist.org/apa/d/gorgeous-3-bedroom-condo-2-full-baths/6954863674.html,2019-09-11,09:22,$1299,Fruitridge Glen,False,None,3,1426ft2
Indiana,terrehaute,terrehaute,apa,6954863137,5009524497,One Bedroom -1 Bath - Across from ISU Free parking pass!,https://terrehaute.craigslist.org/apa/d/one-bedroom-1-bath-across-from-isu-free/6954863137.html,2019-09-11,09:22,$700,Center City,False,None,1,None
Indiana,terrehaute,terrehaute,apa,6954856971,5091625497,BEAUTIFUL 2 BEDROOM & 2 BATH,https://terrehaute.craigslist.org/apa/d/beautiful-2-bedroom-2-bath/6954856971.html,2019-09-11,09:22,$999,3903 Fruitridge Glen,False,None,2,1082ft2
Indiana,terrehaute,terrehaute,apa,6954955035,5009524497,One Bedroom -1 Bath - Across from ISU Free parking pass!,https://terrehaute.craigslist.org/apa/d/one-bedroom-1-bath-across-from-isu-free/6954955035.html,2019-09-11,09:22,$650,Center City,True,None,1,None
Indiana,terrehaute,terrehaute,apa,6954953415,5009524497,One Bedroom -1 Bath - Across from ISU Free parking pass!,https://terrehaute.craigslist.org/apa/d/one-bedroom-1-bath-across-from-isu-free/6954953415.html,2019-09-11,09:22,$650,Center City,False,None,1,None
Indiana,terrehaute,terrehaute,apa,6976154187,None,Im Working on an apt for one person,https://terrehaute.craigslist.org/apa/d/terre-haute-im-working-on-an-apt-for/6976154187.html,2019-09-11,08:23,$650,Terre Haute,False,None,None,None
Indiana,terrehaute,terrehaute,apa,6966627475,None,"Apartment soon to be ready,Sec 8 ok",https://terrehaute.craigslist.org/apa/d/terre-haute-apartment-soon-to-be/6966627475.html,2019-09-11,07:55,$650,South Terre Haute,False,None,None,None
Indiana,terrehaute,terrehaute,apa,6970981575,None,1 bedroom close to isu really nice,https://terrehaute.craigslist.org/apa/d/terre-haute-1-bedroom-close-to-isu/6970981575.html,2019-09-11,07:52,$800,south terre haute,False,None,1,None
Indiana,terrehaute,terrehaute,apa,6975908365,None,Townhouse in Garden Quarter,https://terrehaute.craigslist.org/apa/d/terre-haute-townhouse-in-garden-quarter/6975908365.html,2019-09-10,18:48,$775,None,False,None,2,1160ft2
Indiana,terrehaute,terrehaute,apa,6975599678,None,Apply for this spacious 3 bedroom 2 bathroom apartment today!,https://terrehaute.craigslist.org/apa/d/clinton-apply-for-this-spacious-3/6975599678.html,2019-09-10,12:38,$694,Clinton,True,None,3,None
Indiana,terrehaute,terrehaute,apa,6975599584,None,2 bedroom 2 bathroom with balcony!,https://terrehaute.craigslist.org/apa/d/clinton-2-bedroom-2-bathroom-with/6975599584.html,2019-09-10,12:38,$525,Clinton,True,None,2,None
Indiana,terrehaute,terrehaute,apa,6975595638,None,Ground level 2 bedroom 1 bathroom with beautiful hardwood floors!,https://terrehaute.craigslist.org/apa/d/clinton-ground-level-2-bedroom-1/6975595638.html,2019-09-10,12:34,$522,Clinton,True,None,2,None
Indiana,terrehaute,terrehaute,apa,6975394887,6921197263,Charming two bedroom rent/rent to own options,https://terrehaute.craigslist.org/apa/d/terre-haute-charming-two-bedroom-rent/6975394887.html,2019-09-10,08:06,$600,Terre Haute,True,None,2,1705ft2
Indiana,terrehaute,terrehaute,apa,6975394426,6921197263,Charming two bedroom rent/rent to own options,https://terrehaute.craigslist.org/apa/d/terre-haute-charming-two-bedroom-rent/6975394426.html,2019-09-10,08:05,$600,Terre Haute,True,None,2,1705ft2
Indiana,terrehaute,terrehaute,apa,6975259439,None,2 Bedroom Corner Apartment with Double Closets & Appliances Furnished!,https://terrehaute.craigslist.org/apa/d/paris-2-bedroom-corner-apartment-with/6975259439.html,2019-09-09,21:28,$600,"Paris, IL",True,None,2,None
Indiana,terrehaute,terrehaute,apa,6975238056,None,4-5 Bedroom Home for Rent,https://terrehaute.craigslist.org/apa/d/terre-haute-4-5-bedroom-home-for-rent/6975238056.html,2019-09-09,20:47,$600,Terre Haute,False,None,5,1800ft2
Indiana,terrehaute,terrehaute,apa,6974855023,None,3 bedroom 2 bathroom apartment with lots of space!,https://terrehaute.craigslist.org/apa/d/clinton-3-bedroom-2-bathroom-apartment/6974855023.html,2019-09-09,13:04,$694,Clinton,True,None,3,None
Indiana,terrehaute,terrehaute,apa,6974852834,None,Apply for this spacious 2 bed/2 bath apartment today!,https://terrehaute.craigslist.org/apa/d/clinton-apply-for-this-spacious-2-bed-2/6974852834.html,2019-09-09,13:02,$525,Clinton,True,None,2,None
Indiana,terrehaute,terrehaute,apa,6974849007,None,1 bedroom apartment - spacious and clean! Apply today!,https://terrehaute.craigslist.org/apa/d/clinton-1-bedroom-apartment-spacious/6974849007.html,2019-09-09,12:58,$429,Clinton,True,None,None,None
Indiana,terrehaute,terrehaute,apa,6974641090,None,Nice neighboorhood 4 bedroom 2 bath Coal City Ridge Farm sharp Outdoor,https://terrehaute.craigslist.org/apa/d/robinson-nice-neighboorhood-4-bedroom-2/6974641090.html,2019-09-09,10:09,$1235,Worthington Mecca Hymera,True,None,3,1736ft2
Indiana,terrehaute,terrehaute,apa,6974517343,None,3 bedroom    625,https://terrehaute.craigslist.org/apa/d/terre-haute-3-bedroom-625/6974517343.html,2019-09-08,23:01,$625,Terre Haute.,True,None,3,None
Indiana,terrehaute,terrehaute,apa,6974037315,None,1BR Apartment for Rent,https://terrehaute.craigslist.org/apa/d/terre-haute-1br-apartment-for-rent/6974037315.html,2019-09-08,10:07,$575,South 7th,False,None,None,None
Indiana,terrehaute,terrehaute,apa,6973520518,None,Family friendly 4 bedroom 2 baths Coalmont Centerpoint  schools,https://terrehaute.craigslist.org/apa/d/hymera-family-friendly-4-bedroom-2/6973520518.html,2019-09-07,14:32,$925,Riley Eaton Switz City,True,None,5,1438ft2
Indiana,terrehaute,terrehaute,apa,6973492962,None,House for Rent,https://terrehaute.craigslist.org/apa/d/clay-city-house-for-rent/6973492962.html,2019-09-07,12:27,$650,Clay City,True,None,2,None
Indiana,terrehaute,terrehaute,apa,6973480295,None,1-BR Apt. in Sullivan County,https://terrehaute.craigslist.org/apa/d/hymera-1-br-apt-in-sullivan-county/6973480295.html,2019-09-07,12:13,$425,Hymera,True,None,1,624ft2
Indiana,terrehaute,terrehaute,apa,6956209207,6148502481,or 1BR for $550 at 1453 Ohio St- Close to Class!,https://terrehaute.craigslist.org/apa/d/terre-haute-or-1br-for-550-at-1453-ohio/6956209207.html,2019-09-07,10:27,$650,1453 Ohio St.,True,None,2,None
Indiana,terrehaute,terrehaute,apa,6971624726,None,"3Bed with a nice bath Ready for Rent today,low RENT!Greencastle",https://terrehaute.craigslist.org/apa/d/greencastle-3bed-with-nice-bath-ready/6971624726.html,2019-09-07,04:26,$700,"Greencastle, IN",True,None,3,1200ft2
Indiana,terrehaute,terrehaute,apa,6973235494,6745918782,1216 S. 19th St,https://terrehaute.craigslist.org/apa/d/terre-haute-th-st/6973235494.html,2019-09-06,23:57,$750,Terre Haute,True,None,3,None
Indiana,terrehaute,terrehaute,apa,6972083128,None,House for rent,https://terrehaute.craigslist.org/apa/d/terre-haute-house-for-rent/6972083128.html,2019-09-05,13:49,$695,Terre Haute IN,False,None,3,None
Indiana,terrehaute,terrehaute,apa,6956835788,4437243119,Large 3 bedroom Duplex apartment,https://terrehaute.craigslist.org/apa/d/terre-haute-large-3-bedroom-duplex/6956835788.html,2019-09-04,23:58,$900,"1227 S. 9th Street, Terre Haute, Indiana",True,None,3,1800ft2
Indiana,terrehaute,terrehaute,apa,6971678645,None,Private and quiet area 3 bedroom 2bth Pimento Dana  sky lights,https://terrehaute.craigslist.org/apa/d/chrisman-private-and-quiet-area-3/6971678645.html,2019-09-04,23:00,$975,Russellville Reelsville Mecca,True,None,3,1224ft2
Indiana,terrehaute,terrehaute,apa,6971380504,6935695262,4 Bd Home Students Preferred,https://terrehaute.craigslist.org/apa/d/terre-haute-4-bd-home-students-preferred/6971380504.html,2019-09-04,14:40,$0,"terre haute , in",False,None,4,None
Indiana,terrehaute,terrehaute,apa,6971338872,None,House for rent,https://terrehaute.craigslist.org/apa/d/terre-haute-house-for-rent/6971338872.html,2019-09-04,13:55,$650,Terre Haute IN,False,None,3,None
Indiana,terrehaute,terrehaute,apa,6952156920,6868697358,Great three bedroom home in central Terre Haute,https://terrehaute.craigslist.org/apa/d/terre-haute-great-three-bedroom-home-in/6952156920.html,2019-09-04,10:07,$600,None,True,None,3,1100ft2
Indiana,terrehaute,terrehaute,apa,6952157797,6888553447,Great three bedroom duplex,https://terrehaute.craigslist.org/apa/d/terre-haute-great-three-bedroom-duplex/6952157797.html,2019-09-04,10:07,$600,14th and Ohio,True,None,3,1600ft2
Indiana,terrehaute,terrehaute,apa,6952160960,None,Great four-five bedroom close to ISU!,https://terrehaute.craigslist.org/apa/d/terre-haute-great-four-five-bedroom/6952160960.html,2019-09-04,10:07,$875,None,True,None,4,None
Indiana,terrehaute,terrehaute,apa,6952162630,None,Great two bedroom,https://terrehaute.craigslist.org/apa/d/terre-haute-great-two-bedroom/6952162630.html,2019-09-04,10:06,$500,None,True,None,2,None
Indiana,terrehaute,terrehaute,apa,6950292226,6739548916,2  BEDROOM HOUSE For RENT,https://terrehaute.craigslist.org/apa/d/terre-haute-2-bedroom-house-for-rent/6950292226.html,2019-09-04,08:43,$595,2412 6TH AV,True,None,2,756ft2
Indiana,terrehaute,terrehaute,apa,6970934749,6935695262,4 Bd Home Students Preferred,https://terrehaute.craigslist.org/apa/d/terre-haute-4-bd-home-students-preferred/6970934749.html,2019-09-03,21:52,$0,"terre haute , in",False,None,4,None
Indiana,terrehaute,terrehaute,apa,6970486862,None,Great Schools 3 bedroom 2 bath Eaton Chrisman  ceramic tile,https://terrehaute.craigslist.org/apa/d/fairbanks-great-schools-3-bedroom-2/6970486862.html,2019-09-03,13:36,$950,Clinton Metcalf Brocton,True,None,3,1420ft2
Indiana,terrehaute,terrehaute,apa,6970193672,None,2 bedroom home for rent,https://terrehaute.craigslist.org/apa/d/terre-haute-2-bedroom-home-for-rent/6970193672.html,2019-09-02,22:50,$575,None,True,None,2,None
Indiana,terrehaute,terrehaute,apa,6970119562,None,1 Bedroom house,https://terrehaute.craigslist.org/apa/d/terre-haute-1-bedroom-house/6970119562.html,2019-09-02,20:08,$500,Terre Haute,False,None,1,800ft2
Indiana,terrehaute,terrehaute,apa,6969613336,5196484670,"House for Rent  909 Washington Street, Clay City",https://terrehaute.craigslist.org/apa/d/house-for-rent-909-washington-street/6969613336.html,2019-09-02,07:32,$650,Clay City,True,None,2,None
Indiana,terrehaute,terrehaute,apa,6948564492,None,3 BR 2 BA,https://terrehaute.craigslist.org/apa/d/terre-haute-3-br-2-ba/6948564492.html,2019-09-01,20:12,$950,Historic Farrington Grove,True,None,3,1884ft2
Indiana,terrehaute,terrehaute,apa,6951757934,None,three bed room-3 1/2 bathrm House Terre Haute,https://terrehaute.craigslist.org/apa/d/miami-three-bed-room-bathrm-house-terre/6951757934.html,2019-09-01,18:03,$1168,Roann,True,None,3,1905ft2
Indiana,terrehaute,terrehaute,apa,6961920358,3309930291,FOR RENT: Mobile homes & HELP WANTED,https://terrehaute.craigslist.org/apa/d/for-rent-mobile-homes-help-wanted/6961920358.html,2019-09-01,01:27,$200,Linton,False,None,3,None
Indiana,terrehaute,terrehaute,apa,6968132874,None,Kitchen includes stainless steel refrigerator and dishwasher.,https://terrehaute.craigslist.org/apa/d/terre-haute-kitchen-includes-stainless/6968132874.html,2019-08-30,17:26,$0,None,False,None,None,None
Indiana,terrehaute,terrehaute,apa,6968074126,None,LOOK at the View...Just LOOK at it...Right There..Just LOOK!!!,https://terrehaute.craigslist.org/apa/d/charleston-look-at-the-viewjust-look-at/6968074126.html,2019-08-30,15:10,$270,Charleston,True,None,3,None
Indiana,terrehaute,terrehaute,apa,6968072553,None,Won't You Be My Neighbor?!,https://terrehaute.craigslist.org/apa/d/charleston-wont-you-be-my-neighbor/6968072553.html,2019-08-30,15:08,$270,Charleston,True,None,3,None
Indiana,terrehaute,terrehaute,apa,6968069245,None,Make the MOOOOVE to Beautiful  Longacre Estates,https://terrehaute.craigslist.org/apa/d/charleston-make-the-moooove-to/6968069245.html,2019-08-30,15:04,$750,Charleston,True,None,3,None
Indiana,terrehaute,terrehaute,apa,6968068085,None,Make The Move To Briar Ridge *Brand New* Homes For Rent ( 3/2),https://terrehaute.craigslist.org/apa/d/seelyville-make-the-move-to-briar-ridge/6968068085.html,2019-08-30,15:03,$749,TERRE HAUTE,True,None,3,None
Indiana,terrehaute,terrehaute,apa,6968004298,None,Charming home for rent,https://terrehaute.craigslist.org/apa/d/terre-haute-charming-home-for-rent/6968004298.html,2019-08-30,13:52,$595,Terre Haute IN,True,None,3,None
Indiana,terrehaute,terrehaute,apa,6967449968,None,Pet friendly 4 bedroom 2 baths Lewis Switz City  whirlpool tub,https://terrehaute.craigslist.org/apa/d/clinton-pet-friendly-4-bedroom-2-baths/6967449968.html,2019-08-29,17:47,$1150,Metcalf Russellville Staunton,True,None,5,1945ft2
Indiana,terrehaute,terrehaute,apa,6967454550,None,3 Bedroom w/ washer and dryer,https://terrehaute.craigslist.org/apa/d/terre-haute-3-bedroom-washer-and-dryer/6967454550.html,2019-08-29,16:56,$700,None,True,None,3,None
Indiana,terrehaute,terrehaute,apa,6958519227,6651988987,"Brazil - Large 3 Bedroom/2bath, Washer/Dryer",https://terrehaute.craigslist.org/apa/d/brazil-brazil-large-3-bedroom-2bath/6958519227.html,2019-08-29,16:52,$700,"242 N. Harrison Street, Brazil, Indiana",True,None,3,None
Indiana,terrehaute,terrehaute,apa,6947932090,None,438 2nd Ave - Section 8 Welcome!,https://terrehaute.craigslist.org/apa/d/terre-haute-438-2nd-ave-section-8/6947932090.html,2019-08-29,15:34,$590,"438 2nd Ave Terre Haute, IN 47807",True,None,2,1133ft2
Indiana,terrehaute,terrehaute,apa,6947952558,None,1130 N 6th St. - Section 8 Welcome!,https://terrehaute.craigslist.org/apa/d/terre-haute-th-st-section-8-welcome/6947952558.html,2019-08-29,15:34,$775,"1130 N 6th St.  Terre Haute, IN 47807",True,None,3,None
Indiana,terrehaute,terrehaute,apa,6958213059,None,3365 Wabash Ave Unit 4 - near stadium,https://terrehaute.craigslist.org/apa/d/terre-haute-3365-wabash-ave-unit-4-near/6958213059.html,2019-08-29,15:32,$695,"Terre Haute, IN",True,None,2,900ft2
Indiana,terrehaute,terrehaute,apa,6967358728,None,Mobile Home for Rent,https://terrehaute.craigslist.org/apa/d/seelyville-mobile-home-for-rent/6967358728.html,2019-08-29,14:59,$199,Briar Ridge MHC ~TERRE HAUTE IN,True,None,3,None
Indiana,terrehaute,terrehaute,apa,6967333243,None,Stop Here and Check This One Out!,https://terrehaute.craigslist.org/apa/d/terre-haute-stop-here-and-check-this/6967333243.html,2019-08-29,14:30,$760,The Garden Quarter Apartments,True,None,2,932ft2
Indiana,terrehaute,terrehaute,apa,6967288963,None,We Have the Right Apartment For You!,https://terrehaute.craigslist.org/apa/d/terre-haute-we-have-the-right-apartment/6967288963.html,2019-08-29,13:41,$850,Terre Haute,True,None,1,874ft2
Indiana,terrehaute,terrehaute,apa,6967286117,None,The Perfect One Bedroom Apartment!,https://terrehaute.craigslist.org/apa/d/terre-haute-the-perfect-one-bedroom/6967286117.html,2019-08-29,13:38,$850,Cobblestone Crossings Apartments,True,None,1,7057ft2
Indiana,terrehaute,terrehaute,apa,6967270644,None,$100 Off First Month Deposit!,https://terrehaute.craigslist.org/apa/d/terre-haute-100-off-first-month-deposit/6967270644.html,2019-08-29,13:21,$880,Cobblestone Crossings Apartments,True,None,2,987ft2
Indiana,terrehaute,terrehaute,apa,6967256199,None,Amenities You Desire!,https://terrehaute.craigslist.org/apa/d/terre-haute-amenities-you-desire/6967256199.html,2019-08-29,13:05,$950,Cobblestone Crossings Apartments,True,None,3,1246ft2
Indiana,terrehaute,terrehaute,apa,6950411596,5245170041,$700 3 bedroom 2 bath Home,https://terrehaute.craigslist.org/apa/d/terre-haute-bedroom-2-bath-home/6950411596.html,2019-08-29,12:57,$700,308 s 13th st,True,None,3,1400ft2
Indiana,terrehaute,terrehaute,apa,6967248161,None,Tour With Us Today!,https://terrehaute.craigslist.org/apa/d/terre-haute-tour-with-us-today/6967248161.html,2019-08-29,12:56,$840,Cobblestone Crossings Apartments,True,None,2,987ft2
Indiana,terrehaute,terrehaute,apa,6945679635,4884591559,Ashton Apartments-2 Bedroom/2 bathroom  -,https://terrehaute.craigslist.org/apa/d/terre-haute-ashton-apartments-2-bedroom/6945679635.html,2019-08-29,09:48,$945,NORTH TERRE HAUTE,True,None,1,None
Indiana,terrehaute,terrehaute,apa,6945683754,4884591559,1 Bedroom Loft Available September,https://terrehaute.craigslist.org/apa/d/terre-haute-1-bedroom-loft-available/6945683754.html,2019-08-29,09:45,$725,NORTH TERRE HAUTE,True,None,1,None
Indiana,terrehaute,terrehaute,apa,6966884977,None,Sublease Apartment,https://terrehaute.craigslist.org/apa/d/bloomington-sublease-apartment/6966884977.html,2019-08-28,20:25,$690,Bloomington,True,None,1,700ft2
Indiana,terrehaute,terrehaute,apa,6966692751,None,2 Bedroom house for Rent,https://terrehaute.craigslist.org/apa/d/terre-haute-2-bedroom-house-for-rent/6966692751.html,2019-08-28,15:51,$500,Terre Haute,False,None,2,None
Indiana,terrehaute,terrehaute,apa,6966635237,None,One bedroom sec 8 ok Availble soon All utilities,https://terrehaute.craigslist.org/apa/d/terre-haute-one-bedroom-sec-8-ok/6966635237.html,2019-08-28,14:46,$520,South Terre Haute,False,None,None,None
Indiana,terrehaute,terrehaute,apa,6955063890,None,2 BEDROOM / 1 BATHROOM APARTMENT,https://terrehaute.craigslist.org/apa/d/terre-haute-2-bedroom-1-bathroom/6955063890.html,2019-08-28,12:49,$600,"8310 S. US HWY 41, APT 16, TERRE HAUTE, IN",True,None,2,None
Indiana,terrehaute,terrehaute,apa,6964915169,None,2 Bedroom/1 Bathroom,https://terrehaute.craigslist.org/apa/d/terre-haute-2-bedroom-1-bathroom/6964915169.html,2019-08-28,12:48,$600,"8310 S. US HWY 41, Terre Haute, IN",True,None,2,None
Indiana,terrehaute,terrehaute,apa,6945163634,6714261200,Available Now! 2 Bedroom 2 Bathroom Apartments at Annex Terre Haute,https://terrehaute.craigslist.org/apa/d/terre-haute-available-now-2-bedroom-2/6945163634.html,2019-08-28,12:06,$705,224 N 3rd Street,True,None,2,831ft2
Indiana,terrehaute,terrehaute,apa,6966381422,None,Cute 3 bedroom house,https://terrehaute.craigslist.org/apa/d/terre-haute-cute-3-bedroom-house/6966381422.html,2019-08-28,10:01,$500,None,True,None,3,None
Indiana,terrehaute,terrehaute,apa,6966253935,None,Available Now Small Two Bedroom Mobile Cataract lake a cunot Area,https://terrehaute.craigslist.org/apa/d/spencer-available-now-small-two-bedroom/6966253935.html,2019-08-28,00:41,$500,None,True,None,2,750ft2
Indiana,terrehaute,terrehaute,apa,6966113781,None,LOOK at the View...Just LOOK at it...Right There..Just LOOK!!!,https://terrehaute.craigslist.org/apa/d/charleston-look-at-the-viewjust-look-at/6966113781.html,2019-08-27,19:19,$270,Charleston,True,None,3,None
Indiana,terrehaute,terrehaute,apa,6945748886,6639758831,2bed/1bath---Walk to Campus!!! (M-am),https://terrehaute.craigslist.org/apa/d/terre-haute-2bed-1bath-walk-to-campus-am/6945748886.html,2019-08-27,13:08,$599,Terre Haute,True,None,2,None
Indiana,terrehaute,terrehaute,apa,6965759376,None,Pet friendly 4 bedroom 2 bth West Terre Haute Chrisman splendid centra,https://terrehaute.craigslist.org/apa/d/russellville-pet-friendly-4-bedroom-2/6965759376.html,2019-08-27,13:06,$895,Lewis Jasonville Rosedale,True,None,4,1780ft2
Indiana,terrehaute,terrehaute,apa,6965246251,None,Great Schools 3 bedroom 2 bath Judson Vermilion beautiful Space in Kit,https://terrehaute.craigslist.org/apa/d/montezuma-great-schools-3-bedroom-2/6965246251.html,2019-08-26,17:33,$1160,Eaton Clinton Annapolis,True,None,3,1293ft2
Indiana,terrehaute,terrehaute,apa,6945515071,5024682403,STUDENTS AVAILABLE NOW LIMITED SPECIAL,https://terrehaute.craigslist.org/apa/d/students-available-now-limited-special/6945515071.html,2019-08-26,15:17,$595,Riverside Apartments,False,None,1,None
Indiana,terrehaute,terrehaute,apa,6945516536,5032369740,"2 Bedroom, 1 Bath Duplex - North End",https://terrehaute.craigslist.org/apa/d/2-bedroom-1-bath-duplex-north-end/6945516536.html,2019-08-26,15:10,$650,Phylbeck,False,None,2,None
Indiana,terrehaute,terrehaute,apa,6949865374,None,Wooded Lots Available Spencer,https://terrehaute.craigslist.org/apa/d/spencer-wooded-lots-available-spencer/6949865374.html,2019-08-26,14:44,$250,231 Coon Path,True,None,None,None
Indiana,terrehaute,terrehaute,apa,6964843634,4602899046,Apt Near ISU and Downtown,https://terrehaute.craigslist.org/apa/d/terre-haute-apt-near-isu-and-downtown/6964843634.html,2019-08-26,09:33,$425,7th & Oak,True,None,1,320ft2
Indiana,terrehaute,terrehaute,apa,6964842998,4602899046,Apt Near ISU and Downtown,https://terrehaute.craigslist.org/apa/d/terre-haute-apt-near-isu-and-downtown/6964842998.html,2019-08-26,09:32,$500,705 Oak,True,None,1,580ft2
Indiana,terrehaute,terrehaute,apa,6953172192,6949744644,Two bedroom mobile home on own land not park Washer Dryer included,https://terrehaute.craigslist.org/apa/d/poland-two-bedroom-mobile-home-on-own/6953172192.html,2019-08-26,01:49,$500575,Owen County Cataract Lake Cunot area,True,None,2,700ft2
Indiana,terrehaute,terrehaute,apa,6963935212,None,Private parking for 3 cars plus detached garage.,https://terrehaute.craigslist.org/apa/d/terre-haute-private-parking-for-3-cars/6963935212.html,2019-08-24,18:14,$0,None,False,None,None,None
Indiana,terrehaute,terrehaute,apa,6963863733,None,Pet friendly 3 bedroom 2 bathrooms Putnamville Staunton stunning lots,https://terrehaute.craigslist.org/apa/d/universal-pet-friendly-3-bedroom-2/6963863733.html,2019-08-24,17:28,$875,Bridgeton Seelyville Cory,True,None,3,1238ft2
Indiana,terrehaute,terrehaute,apa,6949416885,6260463356,Large 3 Bdrm,https://terrehaute.craigslist.org/apa/d/large-3-bdrm/6949416885.html,2019-08-24,11:41,$645,1 mile frim ISU,True,None,3,None
Indiana,terrehaute,terrehaute,apa,6963054797,6791068833,2 bedroom 1 bath apartment,https://terrehaute.craigslist.org/apa/d/brazil-2-bedroom-1-bath-apartment/6963054797.html,2019-08-23,13:56,$695,Brazil Indiana,False,None,1,None
Indiana,terrehaute,terrehaute,apa,6963054168,6791068833,1 bedroom 1 bath apartment,https://terrehaute.craigslist.org/apa/d/brazil-1-bedroom-1-bath-apartment/6963054168.html,2019-08-23,13:52,$575,Brazil Indiana,False,None,1,None
Indiana,terrehaute,terrehaute,apa,6963051169,6791068833,1 bedroom 1 bath apartment,https://terrehaute.craigslist.org/apa/d/brazil-1-bedroom-1-bath-apartment/6963051169.html,2019-08-23,13:51,$550,Brazil Indiana,False,None,1,None
Indiana,terrehaute,terrehaute,apa,6942292535,5032369740,"2 Bedroom, 1 Bath Duplex - South End",https://terrehaute.craigslist.org/apa/d/2-bedroom-1-bath-duplex-south-end/6942292535.html,2019-08-23,12:07,$750,4532 Redwood,False,None,2,930ft2
Indiana,terrehaute,terrehaute,apa,6962614418,None,Pet friendly 4 bedroom 2 bath Farmersburg Newport  hardwood floors,https://terrehaute.craigslist.org/apa/d/bridgeton-pet-friendly-4-bedroom-2-bath/6962614418.html,2019-08-22,21:56,$875,Rockville Staunton Riley,True,None,4,1743ft2
Indiana,terrehaute,terrehaute,apa,6959663176,None,NEWLY UPDATED 3 BED - HOME ON CORNER LOT,https://terrehaute.craigslist.org/apa/d/terre-haute-newly-updated-3-bed-home-on/6959663176.html,2019-08-22,20:11,$780,N 17TH,True,None,3,None
Indiana,terrehaute,terrehaute,apa,6961921546,6150975259,3 bedroom house North End Terre Haute,https://terrehaute.craigslist.org/apa/d/3-bedroom-house-north-end-terre-haute/6961921546.html,2019-08-21,21:37,$900,North Terre Haute,False,None,3,1200ft2
Indiana,terrehaute,terrehaute,apa,6961589874,None,3br house for rent,https://terrehaute.craigslist.org/apa/d/brazil-3br-house-for-rent/6961589874.html,2019-08-21,14:09,$650,Brazil,False,None,3,1500ft2
Indiana,terrehaute,terrehaute,apa,6961332787,None,3bd/1ba home for rent,https://terrehaute.craigslist.org/apa/d/terre-haute-3bd-1ba-home-for-rent/6961332787.html,2019-08-21,09:16,$550,None,True,None,3,None
Indiana,terrehaute,terrehaute,apa,6961019723,None,Make the MOOOOVE to Beautiful  Longacre Estates,https://terrehaute.craigslist.org/apa/d/charleston-make-the-moooove-to/6961019723.html,2019-08-20,18:01,$750,Charleston,True,None,3,None
Indiana,terrehaute,terrehaute,apa,6961021116,None,LOOK at the View...Just LOOK at it...Right There..Just LOOK!!!,https://terrehaute.craigslist.org/apa/d/charleston-look-at-the-viewjust-look-at/6961021116.html,2019-08-20,17:40,$270,Charleston,True,None,3,None
Indiana,terrehaute,terrehaute,apa,6939136776,None,Lot for rent,https://terrehaute.craigslist.org/apa/d/spencer-lot-for-rent/6939136776.html,2019-08-20,12:15,$250,North of Spencer,True,None,None,None
Indiana,terrehaute,terrehaute,apa,6947892699,6639758831,2bed/1bath starting at $625!!!!---Walk to Campus!!! (Th-am),https://terrehaute.craigslist.org/apa/d/terre-haute-2bed-1bath-starting-at-walk/6947892699.html,2019-08-20,10:06,$625,Terre Haute,True,None,2,None
Indiana,terrehaute,terrehaute,apa,6960367868,None,Apartment  for rent,https://terrehaute.craigslist.org/apa/d/saint-mary-of-the-woods-apartment-for/6960367868.html,2019-08-19,20:24,$500,West Terre Haute,True,None,1,None
Indiana,terrehaute,terrehaute,apa,6960265284,None,House for rent.,https://terrehaute.craigslist.org/apa/d/terre-haute-house-for-rent/6960265284.html,2019-08-19,17:54,$600,1523 Woodley Avenue  Terre Haute Indiana 47804,True,None,2,948ft2
Indiana,terrehaute,terrehaute,apa,6960261105,None,4-5 Bedroom Home for Rent,https://terrehaute.craigslist.org/apa/d/terre-haute-4-5-bedroom-home-for-rent/6960261105.html,2019-08-19,17:48,$650,Terre Haute,False,None,5,1800ft2
