Pennsylvania,williamsport,williamsport,apa,6976477859,None,3rd Floor with a great view!,https://williamsport.craigslist.org/apa/d/williamsport-3rd-floor-with-great-view/6976477859.html,2019-10-03,21:00,$840,South Williamsport,True,None,2,640ft2
Pennsylvania,williamsport,williamsport,apa,6992231185,6578607638,SHAMOKIN 3 BD/2 BA HALF DOUBLE FOR RENT,https://williamsport.craigslist.org/apa/d/shamokin-shamokin-3-bd-2-ba-half-double/6992231185.html,2019-10-03,20:59,$600,None,False,None,3,None
Pennsylvania,williamsport,williamsport,apa,6992225297,6508445188,SHAMOKIN 3 BD/1 BA HALF DOUBLE FOR RENT,https://williamsport.craigslist.org/apa/d/shamokin-shamokin-3-bd-1-ba-half-double/6992225297.html,2019-10-03,20:47,$625,None,False,None,3,None
Pennsylvania,williamsport,williamsport,apa,6971700250,6906995649,650.00 all welcome everything included,https://williamsport.craigslist.org/apa/d/montoursville-all-welcome-everything/6971700250.html,2019-10-03,19:08,$0,Montoursville,False,None,1,None
Pennsylvania,williamsport,williamsport,apa,6987368204,None,Washington Blvd 1 Bedroom,https://williamsport.craigslist.org/apa/d/williamsport-washington-blvd-1-bedroom/6987368204.html,2019-10-03,18:37,$495,Williamsport,True,None,1,None
Pennsylvania,williamsport,williamsport,apa,6987360754,None,Historic District 1 bedroom,https://williamsport.craigslist.org/apa/d/williamsport-historic-district-1-bedroom/6987360754.html,2019-10-03,18:37,$495,Williamsport,True,None,1,None
Pennsylvania,williamsport,williamsport,apa,6992147428,None,Rustic Home For Rent - Montoursville Schools,https://williamsport.craigslist.org/apa/d/hillsgrove-rustic-home-for-rent/6992147428.html,2019-10-03,18:32,$950,"Barbours, PA",True,None,2,1700ft2
Pennsylvania,williamsport,williamsport,apa,6974265595,6487557755,***FULLY FURNISHED CORPORATE RENTALS***,https://williamsport.craigslist.org/apa/d/williamsport-fully-furnished-corporate/6974265595.html,2019-10-03,18:29,$0,(Williamsport-Harrisburg-Hershey),True,None,2,1100ft2
Pennsylvania,williamsport,williamsport,apa,6992125592,5418774675,Nice 2 bed 1 bath Apt. in S. Wmspt.,https://williamsport.craigslist.org/apa/d/nice-2-bed-1-bath-apt-in-wmspt/6992125592.html,2019-10-03,17:59,$725,South Williamsport,True,None,2,800ft2
Pennsylvania,williamsport,williamsport,apa,6992074696,None,1-BR Furnished Apartment for Rent,https://williamsport.craigslist.org/apa/d/montandon-1-br-furnished-apartment-for/6992074696.html,2019-10-03,16:51,$1650,Lewisburg,True,None,1,1250ft2
Pennsylvania,williamsport,williamsport,apa,6985261003,None,Nice one bedroom in Newberry,https://williamsport.craigslist.org/apa/d/montoursville-nice-one-bedroom-in/6985261003.html,2019-10-03,16:34,$550,None,True,None,1,None
Pennsylvania,williamsport,williamsport,apa,6981549814,None,Just on the Market! New - Construction - 1 Bedroom,https://williamsport.craigslist.org/apa/d/williamsport-just-on-the-market-new/6981549814.html,2019-10-03,16:19,$1030,South Williamsport,True,None,1,728ft2
Pennsylvania,williamsport,williamsport,apa,6991993787,6024612868,3  Bedroom Apartment - 143-147 E. Main St. #2A,https://williamsport.craigslist.org/apa/d/castanea-3-bedroom-apartment-main-st-2a/6991993787.html,2019-10-03,15:14,$700,Lock Haven PA,True,None,3,None
Pennsylvania,williamsport,williamsport,apa,6991991014,6987831116,Beautiful Two Bedroom Apartment,https://williamsport.craigslist.org/apa/d/williamsport-beautiful-two-bedroom/6991991014.html,2019-10-03,15:11,$850,Downtown Williamsport,True,None,2,None
Pennsylvania,williamsport,williamsport,apa,6984984114,None,Apartment,https://williamsport.craigslist.org/apa/d/montandon-apartment/6984984114.html,2019-10-03,14:26,$775,Lewisburg,True,None,2,None
Pennsylvania,williamsport,williamsport,apa,6989883357,None,3 Bedroom Single Family House,https://williamsport.craigslist.org/apa/d/montoursville-3-bedroom-single-family/6989883357.html,2019-10-03,14:01,$750,Williamsport /Brandon Park Area,True,None,3,None
Pennsylvania,williamsport,williamsport,apa,6991916565,6472727973,2 Bedroom Apartment-Partially Furnished- 61 N Jones St #1A,https://williamsport.craigslist.org/apa/d/castanea-2-bedroom-apartment-partially/6991916565.html,2019-10-03,13:49,$690,"Lock Haven, PA",True,None,2,None
Pennsylvania,williamsport,williamsport,apa,6991915978,6028384410,1 Bedroom Apartment LHU Student or Professional-193 N Fairview Unit B,https://williamsport.craigslist.org/apa/d/castanea-1-bedroom-apartment-lhu/6991915978.html,2019-10-03,13:48,$500,"Lock Haven, PA",True,None,1,None
Pennsylvania,williamsport,williamsport,apa,6987176511,6552475281,3 Bedroom Duplex  - 122 Pearl St,https://williamsport.craigslist.org/apa/d/mill-hall-3-bedroom-duplex-pearl-st/6987176511.html,2019-10-03,13:47,$825,"Lock Haven, PA",True,None,3,None
Pennsylvania,williamsport,williamsport,apa,6991914883,6750100008,3 Bedroom Townhouse - New Price Drop! - 604 W Main St. #1F,https://williamsport.craigslist.org/apa/d/lock-haven-3-bedroom-townhouse-new/6991914883.html,2019-10-03,13:47,$750,"Lock Haven, PA",True,None,3,816ft2
Pennsylvania,williamsport,williamsport,apa,6984998134,None,Studio apartments/efficiencies,https://williamsport.craigslist.org/apa/d/montoursville-studio-apartments/6984998134.html,2019-10-03,13:40,$500,Williamsport,True,None,1,None
Pennsylvania,williamsport,williamsport,apa,6975357203,6657760227,All utitlites included.,https://williamsport.craigslist.org/apa/d/williamsport-all-utitlites-included/6975357203.html,2019-10-03,13:40,$500,Williamsport,True,None,1,None
Pennsylvania,williamsport,williamsport,apa,6991841048,None,"2 Bedroom Double Wide on 1 acre, Country setting, Mtsville School Dist",https://williamsport.craigslist.org/apa/d/cogan-station-2-bedroom-double-wide-on/6991841048.html,2019-10-03,12:28,$800,Cogan Station,False,None,2,1000ft2
Pennsylvania,williamsport,williamsport,apa,6972749222,None,Sweet upgrade in time for the leaves changing,https://williamsport.craigslist.org/apa/d/williamsport-sweet-upgrade-in-time-for/6972749222.html,2019-10-03,12:06,$990,South Williamsport,True,None,2,710ft2
Pennsylvania,williamsport,williamsport,apa,6990265477,None,"1, 2, and 3 bedroom apartments/ townhouses",https://williamsport.craigslist.org/apa/d/danville-1-2-and-3-bedroom-apartments/6990265477.html,2019-10-03,11:20,$700,"Danville, PA",True,None,1,None
Pennsylvania,williamsport,williamsport,apa,6971409743,5794180860,"*MOVE RIGHT IN* 2 Bedroom, Fully Furnished Apt*  All Utilities Paid",https://williamsport.craigslist.org/apa/d/move-right-in-2-bedroom-fully-furnished/6971409743.html,2019-10-03,11:19,$850,926 Washington Boulevard,True,None,2,None
Pennsylvania,williamsport,williamsport,apa,6991735686,None,"Catawissa, Lg 2 Bed (See Pics) (Convenient 2 Danville - Bloomsburg)",https://williamsport.craigslist.org/apa/d/catawissa-catawissa-lg-2-bed-see-pics/6991735686.html,2019-10-03,10:25,$695,Catawissa,True,None,2,1100ft2
Pennsylvania,williamsport,williamsport,apa,6985975316,None,3 bedroom,https://williamsport.craigslist.org/apa/d/montoursville-3-bedroom/6985975316.html,2019-10-03,09:43,$750,Loyalsock Twp,False,None,3,1500ft2
Pennsylvania,williamsport,williamsport,apa,6991694208,4891156541,2  BR APARTMENT IN TOWANDA PA,https://williamsport.craigslist.org/apa/d/2-br-apartment-in-towanda-pa/6991694208.html,2019-10-03,09:25,$650,TOWANDA PA,False,None,2,None
Pennsylvania,williamsport,williamsport,apa,6972561848,None,1 bedroom apartment,https://williamsport.craigslist.org/apa/d/coal-township-1-bedroom-apartment/6972561848.html,2019-10-03,08:57,$545,shamokin,False,None,1,750ft2
Pennsylvania,williamsport,williamsport,apa,6982712281,None,Rent to Own House; 3 acres; Full basement; Great View; 11 yr old house,https://williamsport.craigslist.org/apa/d/wyalusing-rent-to-own-house-3-acres/6982712281.html,2019-10-03,08:38,$1728,"Wyalusing, PA",True,None,2,None
Pennsylvania,williamsport,williamsport,apa,6989510946,6703057787,2 BEDROOM HOUSE FOR RENT,https://williamsport.craigslist.org/apa/d/selinsgrove-2-bedroom-house-for-rent/6989510946.html,2019-10-03,08:16,$1000,Selinsgrove PA,True,None,2,None
Pennsylvania,williamsport,williamsport,apa,6991655900,6858583532,Luxury Furnished Apartments - 2 bedroom apts,https://williamsport.craigslist.org/apa/d/williamsport-luxury-furnished/6991655900.html,2019-10-03,07:59,$1100,137 North St,True,None,1,None
Pennsylvania,williamsport,williamsport,apa,6989181585,None,Spacious Berwick 3 bed house for Rent,https://williamsport.craigslist.org/apa/d/berwick-spacious-berwick-3-bed-house/6989181585.html,2019-10-03,07:12,$650,Berwick,True,None,3,None
Pennsylvania,williamsport,williamsport,apa,6972513523,None,Studio Apt - $2450/Sem - Utilities Included,https://williamsport.craigslist.org/apa/d/williamsport-studio-apt-sem-utilities/6972513523.html,2019-10-03,06:42,$2450,Williamsport,True,None,None,None
Pennsylvania,williamsport,williamsport,apa,6972514566,None,Huge 3BR-$1900/Sem/Person - Utilities Included,https://williamsport.craigslist.org/apa/d/montoursville-huge-3br-1900-sem-person/6972514566.html,2019-10-03,06:41,$2450,Williamsport,True,None,3,None
Pennsylvania,williamsport,williamsport,apa,6972519860,None,Huge 4BR-$1900/Sem/Person - Utilities Included,https://williamsport.craigslist.org/apa/d/williamsport-huge-4br-1900-sem-person/6972519860.html,2019-10-03,06:41,$2450,Williamsport,True,None,4,None
Pennsylvania,williamsport,williamsport,apa,6981111258,None,Pet Friendly First Floor Two Bedroom - $675/Month,https://williamsport.craigslist.org/apa/d/castanea-pet-friendly-first-floor-two/6981111258.html,2019-10-03,06:41,$675,Lock Haven,True,None,2,None
Pennsylvania,williamsport,williamsport,apa,6981116281,None,*Receive a $200 Visa Gift Card at Move in *Nice 4BR/1BA Townhome,https://williamsport.craigslist.org/apa/d/castanea-receive-200-visa-gift-card-at/6981116281.html,2019-10-03,06:41,$995,Lock Haven,True,None,4,None
Pennsylvania,williamsport,williamsport,apa,6982524463,None,Studio Apt - $400/Month - Utilities Included,https://williamsport.craigslist.org/apa/d/williamsport-studio-apt-month-utilities/6982524463.html,2019-10-03,06:41,$400,Williamsport,True,None,None,None
Pennsylvania,williamsport,williamsport,apa,6989415629,None,Gorgeous 2BR/1BA Single Home with Garage! - 995/Month - Pet Friendly!,https://williamsport.craigslist.org/apa/d/muncy-gorgeous-2br-1ba-single-home-with/6989415629.html,2019-10-03,06:40,$995,Muncy,True,None,2,None
Pennsylvania,williamsport,williamsport,apa,6989419546,None,Huge 3BR/1BA - $995/Month - Utilities Included!,https://williamsport.craigslist.org/apa/d/montoursville-huge-3br-1ba-month/6989419546.html,2019-10-03,06:40,$995,Williamsport,True,None,3,None
Pennsylvania,williamsport,williamsport,apa,6986039755,None,Pet Friendly First Floor Two Bedroom - $675/Month,https://williamsport.craigslist.org/apa/d/castanea-pet-friendly-first-floor-two/6986039755.html,2019-10-03,06:40,$675,Lock Haven,True,None,2,None
Pennsylvania,williamsport,williamsport,apa,6986049799,None,*Receive a $200 Visa Gift Card at Move in *Nice 4BR/1BA Townhome in Lo,https://williamsport.craigslist.org/apa/d/castanea-receive-200-visa-gift-card-at/6986049799.html,2019-10-03,06:40,$995,Lock Haven,True,None,4,None
Pennsylvania,williamsport,williamsport,apa,6987492587,None,Huge 3BR-$1900/Sem/Person - Utilities Included,https://williamsport.craigslist.org/apa/d/montoursville-huge-3br-1900-sem-person/6987492587.html,2019-10-03,06:40,$2450,Williamsport,True,None,3,None
Pennsylvania,williamsport,williamsport,apa,6987490893,None,Studio Apt - $400/Month - Utilities Inclu,https://williamsport.craigslist.org/apa/d/williamsport-studio-apt-month-utilities/6987490893.html,2019-10-03,06:40,$400,Williamsport,True,None,None,None
Pennsylvania,williamsport,williamsport,apa,6980386227,None,"Furnished Studio Apartment- $550/Month - Includes Gas, Water, Sewer an",https://williamsport.craigslist.org/apa/d/williamsport-furnished-studio-apartment/6980386227.html,2019-10-03,06:39,$550,Williamsport,True,None,None,None
Pennsylvania,williamsport,williamsport,apa,6984509588,None,Gorgeous 2BR/1BA Single Home with Garage! - 995/Month - Pet Friendly!,https://williamsport.craigslist.org/apa/d/muncy-gorgeous-2br-1ba-single-home-with/6984509588.html,2019-10-03,06:39,$995,Muncy,True,None,2,None
Pennsylvania,williamsport,williamsport,apa,6984513109,None,Huge 3BR/1BA - $995/Month - Utilities Included!,https://williamsport.craigslist.org/apa/d/montoursville-huge-3br-1ba-month/6984513109.html,2019-10-03,06:39,$995,Williamsport,True,None,3,None
Pennsylvania,williamsport,williamsport,apa,6982529182,None,Huge 3BR-$1900/Sem/Person - Utilities Included,https://williamsport.craigslist.org/apa/d/montoursville-huge-3br-1900-sem-person/6982529182.html,2019-10-03,06:39,$2450,Williamsport,True,None,3,None
Pennsylvania,williamsport,williamsport,apa,6979589197,None,Huge 3BR/1BA - $995/Month - Utilities Included!,https://williamsport.craigslist.org/apa/d/montoursville-huge-3br-1ba-month/6979589197.html,2019-10-03,06:39,$995,Williamsport,True,None,3,None
Pennsylvania,williamsport,williamsport,apa,6991635836,None,Rent this 3BR House in Lock Haven - Receive a $200 Visa Gift Card at M,https://williamsport.craigslist.org/apa/d/castanea-rent-this-3br-house-in-lock/6991635836.html,2019-10-03,06:38,$895,Lock Haven,True,None,3,None
Pennsylvania,williamsport,williamsport,apa,6977288809,None,Just on the market for mid-November!,https://williamsport.craigslist.org/apa/d/williamsport-just-on-the-market-for-mid/6977288809.html,2019-10-03,06:37,$915,South Williamsport,True,None,2,710ft2
Pennsylvania,williamsport,williamsport,apa,6991637569,None,*Receive a $200 Visa Gift Card at Move in *Nice 4BR/1BA Townhome in Lo,https://williamsport.craigslist.org/apa/d/castanea-receive-200-visa-gift-card-at/6991637569.html,2019-10-03,06:32,$995,Lock Haven,True,None,4,None
Pennsylvania,williamsport,williamsport,apa,6991633057,None,Pet Friendly First Floor Two Bedroom - $675/Month,https://williamsport.craigslist.org/apa/d/castanea-pet-friendly-first-floor-two/6991633057.html,2019-10-03,05:56,$675,Lock Haven,True,None,2,None
Pennsylvania,williamsport,williamsport,apa,6983703432,None,"LARGE 1BR w/ LIVING ROOM and DINING ROOM, HEAT INCLUDED!!!",https://williamsport.craigslist.org/apa/d/williamsport-large-1br-living-room-and/6983703432.html,2019-10-02,22:20,$610,"Williamsport, PA",True,None,1,None
Pennsylvania,williamsport,williamsport,apa,6983708587,None,"LARGE 1BR with a SUNROOM, Secured Building",https://williamsport.craigslist.org/apa/d/williamsport-large-1br-with-sunroom/6983708587.html,2019-10-02,22:20,$610,"Williamsport, PA",True,None,1,None
Pennsylvania,williamsport,williamsport,apa,6986859038,None,LARGE 2BR with Living room and Dining room,https://williamsport.craigslist.org/apa/d/williamsport-large-2br-with-living-room/6986859038.html,2019-10-02,22:20,$710,"Williamsport, PA",True,None,2,None
Pennsylvania,williamsport,williamsport,apa,6973237626,None,Washington Blvd 1 Bedroom,https://williamsport.craigslist.org/apa/d/williamsport-washington-blvd-1-bedroom/6973237626.html,2019-10-02,21:24,$495,Williamsport,True,None,1,None
Pennsylvania,williamsport,williamsport,apa,6991494944,6965383100,Two bedroom first floor apartment,https://williamsport.craigslist.org/apa/d/castanea-two-bedroom-first-floor/6991494944.html,2019-10-02,20:21,$600,"25 N. Hanna St. , Lock Haven",True,None,2,None
Pennsylvania,williamsport,williamsport,apa,6991476967,6935657920,MOBILE HOME RENTAL IN THE COUNTRY,https://williamsport.craigslist.org/apa/d/danville-mobile-home-rental-in-the/6991476967.html,2019-10-02,19:48,$850,DANVILLE,True,None,2,900ft2
Pennsylvania,williamsport,williamsport,apa,6977058639,4959253386,PRIVATE OWNED. CURRENTLY 2-5 BDRMS AVAILABLE IN NORTHUMBERLAND COUNTY,https://williamsport.craigslist.org/apa/d/private-owned-currently-2-5-bdrms/6977058639.html,2019-10-02,17:57,$575,PETS OK-GARAGES-LARGE YARDS,True,None,5,None
Pennsylvania,williamsport,williamsport,apa,6991381103,6479314901,2 Bedroom House for Rent,https://williamsport.craigslist.org/apa/d/2-bedroom-house-for-rent/6991381103.html,2019-10-02,17:26,$700,Muncy,False,None,2,None
Pennsylvania,williamsport,williamsport,apa,6991271467,4435890796,Very Attractive Apartment- Great Location,https://williamsport.craigslist.org/apa/d/very-attractive-apartment-great-location/6991271467.html,2019-10-02,15:14,$500,"South Williamsport, PA",False,None,1,None
Pennsylvania,williamsport,williamsport,apa,6991265165,None,55 & Up Townhouses,https://williamsport.craigslist.org/apa/d/picture-rocks-55-up-townhouses/6991265165.html,2019-10-02,15:07,$1600,Hughesville,True,None,1,860ft2
Pennsylvania,williamsport,williamsport,apa,6991251252,5911421585,Lewisburg Downtown 2-BR Apartment,https://williamsport.craigslist.org/apa/d/montandon-lewisburg-downtown-2-br/6991251252.html,2019-10-02,14:51,$1450,Lewisburg,True,None,2,None
Pennsylvania,williamsport,williamsport,apa,6991225481,None,Loft apartment HUGE,https://williamsport.craigslist.org/apa/d/shamokin-dam-loft-apartment-huge/6991225481.html,2019-10-02,14:23,$600,Sunbury,True,None,None,None
Pennsylvania,williamsport,williamsport,apa,6991213087,None,"Nice One Bedroom, One Bath in Milton",https://williamsport.craigslist.org/apa/d/west-milton-nice-one-bedroom-one-bath/6991213087.html,2019-10-02,14:10,$695,None,True,None,1,None
Pennsylvania,williamsport,williamsport,apa,6975383616,6487557755,***FULLY FURNISHED CORPORATE RENTALS***,https://williamsport.craigslist.org/apa/d/williamsport-fully-furnished-corporate/6975383616.html,2019-10-02,13:17,$0,(Williamsport-Harrisburg-Hershey),True,None,2,1100ft2
Pennsylvania,williamsport,williamsport,apa,6987698694,None,W 4th Street apt for rent,https://williamsport.craigslist.org/apa/d/williamsport-4th-street-apt-for-rent/6987698694.html,2019-10-02,12:16,$950,"Williamsport, PA",False,None,3,None
Pennsylvania,williamsport,williamsport,apa,6975516765,6862778608,Hughesville 2 Bedroom for Rent,https://williamsport.craigslist.org/apa/d/hughesville-hughesville-2-bedroom-for/6975516765.html,2019-10-02,12:15,$625,Hughesville,False,None,2,None
Pennsylvania,williamsport,williamsport,apa,6981482998,None,"3 Bedroom 2nd Floor Apartment, Pet Friendly, Playgrounds",https://williamsport.craigslist.org/apa/d/williamsport-3-bedroom-2nd-floor/6981482998.html,2019-10-02,11:41,$1095,Nestled in historic Williamsport,True,None,3,None
Pennsylvania,williamsport,williamsport,apa,6970326603,None,"Nice One Bedroom, One Bath in Milton",https://williamsport.craigslist.org/apa/d/west-milton-nice-one-bedroom-one-bath/6970326603.html,2019-10-02,11:18,$650,Milton,True,None,1,None
Pennsylvania,williamsport,williamsport,apa,6982615468,5849247326,"1st Floor, Archbald, Utilities Included",https://williamsport.craigslist.org/apa/d/1st-floor-archbald-utilities-included/6982615468.html,2019-10-02,11:15,$500,Archbald,False,None,1,None
Pennsylvania,williamsport,williamsport,apa,6980604708,None,Bright upgraded kitchen...1st floor!,https://williamsport.craigslist.org/apa/d/williamsport-bright-upgraded-kitchen1st/6980604708.html,2019-10-02,10:33,$990,South Williamsport,True,None,2,710ft2
Pennsylvania,williamsport,williamsport,apa,6981288428,None,No Stairs!  This apartment comes with a ramp for ease of living.,https://williamsport.craigslist.org/apa/d/williamsport-no-stairs-this-apartment/6981288428.html,2019-10-02,10:33,$1015,"Easy access to Rt 15, I-180/220",True,None,2,None
Pennsylvania,williamsport,williamsport,apa,6981193042,None,"Immediately Available 2 BR Apt, Cable TV ready, Playgrounds",https://williamsport.craigslist.org/apa/d/williamsport-immediately-available-2-br/6981193042.html,2019-10-02,09:33,$900,Close to Williamsport Area Schools,True,None,2,None
Pennsylvania,williamsport,williamsport,apa,6979275136,6011457335,"Spacious 2 Bedroom, 1 Bath downtown Carriage House",https://williamsport.craigslist.org/apa/d/spacious-2-bedroom-1-bath-downtown/6979275136.html,2019-10-02,09:23,$1350,Lewisburg,True,None,2,1350ft2
Pennsylvania,williamsport,williamsport,apa,6990962486,None,Stunning Luxury 4+ Bedroom Mansion,https://williamsport.craigslist.org/apa/d/montandon-stunning-luxury-4-bedroom/6990962486.html,2019-10-02,09:22,$2995,Lewisburg,True,None,4,4500ft2
Pennsylvania,williamsport,williamsport,apa,6979650613,6838754737,APARTMENT FOR RENT,https://williamsport.craigslist.org/apa/d/selinsgrove-apartment-for-rent/6979650613.html,2019-10-02,09:20,$850,Selinsgrove,True,None,2,None
Pennsylvania,williamsport,williamsport,apa,6990955974,None,Large 5BD ranch house w/ garage,https://williamsport.craigslist.org/apa/d/washingtonville-large-5bd-ranch-house/6990955974.html,2019-10-02,09:10,$1300,Bloomsburg,True,None,5,1600ft2
Pennsylvania,williamsport,williamsport,apa,6990930953,None,"$635 4MONTH LEASE! Efficiency,Furnished,Utilities included,Country set",https://williamsport.craigslist.org/apa/d/montoursville-635-4month-lease/6990930953.html,2019-10-02,08:13,$600,Williamsport,True,None,None,None
Pennsylvania,williamsport,williamsport,apa,6990853849,None,1 bedroom apt.,https://williamsport.craigslist.org/apa/d/coal-township-1-bedroom-apt/6990853849.html,2019-10-01,23:50,$545,Shamokin,True,None,1,750ft2
Pennsylvania,williamsport,williamsport,apa,6990835220,None,One bedroom apartment,https://williamsport.craigslist.org/apa/d/montoursville-one-bedroom-apartment/6990835220.html,2019-10-01,22:52,$550,None,True,None,None,None
Pennsylvania,williamsport,williamsport,apa,6978284383,5180583444,- OUT OF TOWN WORKERS - FURNISHED PRIVATE BEDROOMS - APT.  640 #2,https://williamsport.craigslist.org/apa/d/williamsport-out-of-town-workers/6978284383.html,2019-10-01,22:17,$450,GRACE ST. WILLIAMSPORT  PA,True,None,None,None
Pennsylvania,williamsport,williamsport,apa,6982742810,4908564264,FURNISHED 5 PRIVATE BEDROOM HOUSE (OUT OF TOWN WORKERS WELCOME),https://williamsport.craigslist.org/apa/d/williamsport-furnished-5-private/6982742810.html,2019-10-01,22:14,$450,Walnut St Williamsport Pa,True,None,None,None
Pennsylvania,williamsport,williamsport,apa,6971542571,6969547447,"1 Bedroom Apartment for Rent, Sunbury",https://williamsport.craigslist.org/apa/d/shamokin-dam-1-bedroom-apartment-for/6971542571.html,2019-10-01,22:03,$565,Sunbury PA,True,None,1,None
Pennsylvania,williamsport,williamsport,apa,6984592741,None,Studio apartment in Jersey Shore,https://williamsport.craigslist.org/apa/d/jersey-shore-studio-apartment-in-jersey/6984592741.html,2019-10-01,21:18,$350,1220 Alleghney st jersey shore PA,True,None,None,None
Pennsylvania,williamsport,williamsport,apa,6987629781,None,Large 1st floor 2 bed apt- Williamsport,https://williamsport.craigslist.org/apa/d/montoursville-large-1st-floor-2-bed-apt/6987629781.html,2019-10-01,21:17,$1050,925 w 4th st,True,None,2,None
Pennsylvania,williamsport,williamsport,apa,6970632164,6672164285,1 bedroom apartment includes everything,https://williamsport.craigslist.org/apa/d/williamsport-1-bedroom-apartment/6970632164.html,2019-10-01,19:26,$875,Williamsport,True,None,1,None
Pennsylvania,williamsport,williamsport,apa,6990550711,None,"Has a new roof, new sun room, hot water heater.",https://williamsport.craigslist.org/apa/d/montoursville-has-new-roof-new-sun-room/6990550711.html,2019-10-01,16:29,$0,None,False,None,None,None
Pennsylvania,williamsport,williamsport,apa,6990570993,None,half dbl for rent in williamsport,https://williamsport.craigslist.org/apa/d/montoursville-half-dbl-for-rent-in/6990570993.html,2019-10-01,15:46,$750,williamsport,False,None,4,None
Pennsylvania,williamsport,williamsport,apa,6990551994,6936031863,3 Bedroom  FULLY FURNISHED Apartment for,https://williamsport.craigslist.org/apa/d/williamsport-3-bedroom-fully-furnished/6990551994.html,2019-10-01,15:24,$900,Williamsport,True,None,3,None
Pennsylvania,williamsport,williamsport,apa,6990543068,6939691869,3 Bedroom Mobile Home for Rent,https://williamsport.craigslist.org/apa/d/canton-3-bedroom-mobile-home-for-rent/6990543068.html,2019-10-01,15:13,$625,Canton,True,None,3,None
Pennsylvania,williamsport,williamsport,apa,6990539778,6924371042,Efficiency Plus with Small Balcony,https://williamsport.craigslist.org/apa/d/williamsport-efficiency-plus-with-small/6990539778.html,2019-10-01,15:09,$600,Williamsport,True,None,None,None
Pennsylvania,williamsport,williamsport,apa,6980789056,6806563178,Now leasing Apartments in Muncy-Park Places,https://williamsport.craigslist.org/apa/d/muncy-now-leasing-apartments-in-muncy/6980789056.html,2019-10-01,14:53,$625,Shamokin Dam,True,None,1,None
Pennsylvania,williamsport,williamsport,apa,6985738940,6800974604,"1 and 2 bedroom apartments in Turbotville, PA-Broadway Estates",https://williamsport.craigslist.org/apa/d/mc-ewensville-1-and-2-bedroom/6985738940.html,2019-10-01,14:52,$675,"Turbotville, PA",True,None,2,None
Pennsylvania,williamsport,williamsport,apa,6990487280,4189928645,Hillside Home Overlooking Lake,https://williamsport.craigslist.org/apa/d/hillside-home-overlooking-lake/6990487280.html,2019-10-01,14:12,$1000,46 Eisenhower Rd.,False,None,4,None
Pennsylvania,williamsport,williamsport,apa,6990486825,2349113014,Executive Home,https://williamsport.craigslist.org/apa/d/executive-home/6990486825.html,2019-10-01,14:12,$1000,"157 Campground Rd., Elysburg PA",False,None,3,None
Pennsylvania,williamsport,williamsport,apa,6973118059,None,1 BED 1 BATH House (Everything Included!!) > {Pet Friendly},https://williamsport.craigslist.org/apa/d/montandon-1-bed-1-bath-house-everything/6973118059.html,2019-10-01,13:18,$1275,Lewisburg,True,None,1,1000ft2
Pennsylvania,williamsport,williamsport,apa,6990414334,6982857736,14x70 mobile home for rent,https://williamsport.craigslist.org/apa/d/north-bend-14x70-mobile-home-for-rent/6990414334.html,2019-10-01,12:56,$500,Renovo,True,None,2,980ft2
Pennsylvania,williamsport,williamsport,apa,6990372523,4519030461,1 BR Apartment- available now- fully furnished,https://williamsport.craigslist.org/apa/d/1-br-apartment-available-now-fully/6990372523.html,2019-10-01,12:11,$800,Cogan Station,True,None,1,None
Pennsylvania,williamsport,williamsport,apa,6990336346,6351256308,2 Bedroom Apartment Downtown Williamsport Parking onsite,https://williamsport.craigslist.org/apa/d/2-bedroom-apartment-downtown/6990336346.html,2019-10-01,11:31,$1500,None,False,None,2,None
Pennsylvania,williamsport,williamsport,apa,6990334822,5749571001,Large 2 bedroom Apartment Private Entrance,https://williamsport.craigslist.org/apa/d/large-2-bedroom-apartment-private/6990334822.html,2019-10-01,11:30,$625,Loyalsock,True,None,2,None
Pennsylvania,williamsport,williamsport,apa,6990334340,5749571001,Large 2 bedroom Apartment Private Entrance,https://williamsport.craigslist.org/apa/d/large-2-bedroom-apartment-private/6990334340.html,2019-10-01,11:29,$625,Loyalsock,True,None,2,None
Pennsylvania,williamsport,williamsport,apa,6990317291,None,"3 bedroom, 1.5 bath",https://williamsport.craigslist.org/apa/d/montoursville-3-bedroom-15-bath/6990317291.html,2019-10-01,11:10,$850,Williamsport,True,None,3,None
Pennsylvania,williamsport,williamsport,apa,6990285384,None,Bloomsburg Student Apartment,https://williamsport.craigslist.org/apa/d/bloomsburg-bloomsburg-student-apartment/6990285384.html,2019-10-01,10:33,$700,Bloomsburg,True,None,1,None
Pennsylvania,williamsport,williamsport,apa,6990261950,None,Looking for 2-3 bdrm,https://williamsport.craigslist.org/apa/d/montoursville-looking-for-2-3-bdrm/6990261950.html,2019-10-01,10:11,$700,Williamsport,False,None,None,None
Pennsylvania,williamsport,williamsport,apa,6990132794,6959547110,Bloomsburg 2 bedroom apartment,https://williamsport.craigslist.org/apa/d/bloomsburg-bloomsburg-2-bedroom/6990132794.html,2019-10-01,00:14,$650,Bloomsburg,True,None,2,None
Pennsylvania,williamsport,williamsport,apa,6990126281,None,ARTICLE OF AGREEMENT,https://williamsport.craigslist.org/apa/d/jersey-shore-article-of-agreement/6990126281.html,2019-09-30,23:50,$550,Jersey shore,True,None,2,None
Pennsylvania,williamsport,williamsport,apa,6990003205,None,"2BR Apartment; NO smoking, NOT HUD approved, NO Pets",https://williamsport.craigslist.org/apa/d/swengel-2br-apartment-no-smoking-not/6990003205.html,2019-09-30,19:23,$525,Mifflinburg,False,None,2,None
Pennsylvania,williamsport,williamsport,apa,6983978684,4675435689,1 BEDROOM GUESTHOUSE ( ALL UTIL. INCL.) $800,https://williamsport.craigslist.org/apa/d/1-bedroom-guesthouse-all-util-incl-800/6983978684.html,2019-09-30,18:28,$800,LUZ. CNTY,True,None,None,None
Pennsylvania,williamsport,williamsport,apa,6989837919,None,1 bedroom in Lewisburg,https://williamsport.craigslist.org/apa/d/montandon-1-bedroom-in-lewisburg/6989837919.html,2019-09-30,15:45,$550,Lewisburg,False,None,1,None
Pennsylvania,williamsport,williamsport,apa,6989833967,None,2 bedroom in downtown  Lewisburg,https://williamsport.craigslist.org/apa/d/montandon-2-bedroom-in-downtown/6989833967.html,2019-09-30,15:40,$750,Lewisburg,False,None,2,None
Pennsylvania,williamsport,williamsport,apa,6989826472,6975604399,LHU Housing $255 a student for 4,https://williamsport.craigslist.org/apa/d/castanea-lhu-housing-255-student-for-4/6989826472.html,2019-09-30,15:31,$255,"231 Bennage Avenue, Lock Haven PA",True,None,4,1800ft2
Pennsylvania,williamsport,williamsport,apa,6971183004,None,Penn College Students!  Studio Apartment!,https://williamsport.craigslist.org/apa/d/williamsport-penn-college-students/6971183004.html,2019-09-30,14:31,$600,Williamsport,True,None,1,None
Pennsylvania,williamsport,williamsport,apa,6971204948,None,Penn College Students - Studio Apartment!,https://williamsport.craigslist.org/apa/d/montoursville-penn-college-students/6971204948.html,2019-09-30,14:31,$500,Williamsport,True,None,1,None
Pennsylvania,williamsport,williamsport,apa,6978699059,4959253386,PRIVATE OWNED. CURRENTLY 2-5 BDRMS AVAILABLE IN NORTHUMBERLAND COUNTY,https://williamsport.craigslist.org/apa/d/private-owned-currently-2-5-bdrms/6978699059.html,2019-09-30,14:29,$575,PETS OK-GARAGES-LARGE YARDS,True,None,5,None
Pennsylvania,williamsport,williamsport,apa,6989750449,6975604399,LHU Housing $255 a student for 4,https://williamsport.craigslist.org/apa/d/castanea-lhu-housing-255-student-for-4/6989750449.html,2019-09-30,14:08,$255,"231 Bennage Avenue, Lock Haven PA",True,None,4,1800ft2
Pennsylvania,williamsport,williamsport,apa,6981344264,6951733410,2-3 Bedroom Carriage House,https://williamsport.craigslist.org/apa/d/williamsport-2-3-bedroom-carriage-house/6981344264.html,2019-09-30,12:00,$795,Williamsport,True,None,3,None
Pennsylvania,williamsport,williamsport,apa,6981341659,6971128252,All Utilities included / Private room,https://williamsport.craigslist.org/apa/d/williamsport-all-utilities-included/6981341659.html,2019-09-30,12:00,$495,Williamsport,True,None,None,None
Pennsylvania,williamsport,williamsport,apa,6981341475,6914190699,3 BEDROOM / FIRST FLOOR APARTMENT,https://williamsport.craigslist.org/apa/d/williamsport-3-bedroom-first-floor/6981341475.html,2019-09-30,11:59,$825,Williamsport,True,None,3,None
Pennsylvania,williamsport,williamsport,apa,6981341313,6914208203,SPACIOUS  3  BEDROOM APARTMENT,https://williamsport.craigslist.org/apa/d/williamsport-spacious-3-bedroom/6981341313.html,2019-09-30,11:59,$850,Williamsport,True,None,3,None
Pennsylvania,williamsport,williamsport,apa,6981340878,6873134950,PCT approved off campus housing,https://williamsport.craigslist.org/apa/d/williamsport-pct-approved-off-campus/6981340878.html,2019-09-30,11:59,$2195,1211 West Fourth Street,True,None,6,None
Pennsylvania,williamsport,williamsport,apa,6981337661,6914715737,Attention Penn College Students 4 Bedroom Apartment,https://williamsport.craigslist.org/apa/d/williamsport-attention-penn-college/6981337661.html,2019-09-30,11:59,$2295,Williamsport,True,None,4,None
Pennsylvania,williamsport,williamsport,apa,6981337460,6931509051,3 Bedroom House,https://williamsport.craigslist.org/apa/d/williamsport-3-bedroom-house/6981337460.html,2019-09-30,11:58,$995,Williamsport,True,None,3,None
Pennsylvania,williamsport,williamsport,apa,6986189464,5258109031,2281 Fink Avenue ~ OLD LYCOMING TOWNSHIP,https://williamsport.craigslist.org/apa/d/williamsport-2281-fink-avenue-old/6986189464.html,2019-09-30,11:51,$710,Garden View,True,None,2,None
Pennsylvania,williamsport,williamsport,apa,6986186899,4875702781,3 BED ~ HARDWOOD FLOORS,https://williamsport.craigslist.org/apa/d/williamsport-3-bed-hardwood-floors/6986186899.html,2019-09-30,11:45,$765,1015 Market Street,True,None,3,None
Pennsylvania,williamsport,williamsport,apa,6986188672,5988005509,IN MUNCY PA,https://williamsport.craigslist.org/apa/d/muncy-in-muncy-pa/6986188672.html,2019-09-30,11:45,$655,135 West Water Street,True,None,2,None
Pennsylvania,williamsport,williamsport,apa,6986188006,5857676322,Charming 2-Bedroom,https://williamsport.craigslist.org/apa/d/williamsport-charming-2-bedroom/6986188006.html,2019-09-30,11:44,$695,Williamsport,True,None,2,None
Pennsylvania,williamsport,williamsport,apa,6986195073,5703742717,KEYSTONE APARTMENTS,https://williamsport.craigslist.org/apa/d/williamsport-keystone-apartments/6986195073.html,2019-09-30,11:44,$695,Williamsport,True,None,2,None
Pennsylvania,williamsport,williamsport,apa,6986198319,5733920925,HEAT INCLUDED ~ 1-BEDROOM,https://williamsport.craigslist.org/apa/d/williamsport-heat-included-1-bedroom/6986198319.html,2019-09-30,11:43,$645,829 Louisa Street,True,None,1,None
Pennsylvania,williamsport,williamsport,apa,6989600906,6651262014,All INCLUSIVE 2 Bedroom in Hepburn Twp,https://williamsport.craigslist.org/apa/d/cogan-station-all-inclusive-2-bedroom/6989600906.html,2019-09-30,11:30,$750,Hepburn Township,False,None,2,None
Pennsylvania,williamsport,williamsport,apa,6987693597,None,Loyalsock 2 bd for Rent,https://williamsport.craigslist.org/apa/d/williamsport-loyalsock-2-bd-for-rent/6987693597.html,2019-09-30,11:08,$740,Loyalsock,True,None,2,None
Pennsylvania,williamsport,williamsport,apa,6989578544,6952302389,"Whole house with appliances, storage, yard, garage",https://williamsport.craigslist.org/apa/d/williamsport-whole-house-with/6989578544.html,2019-09-30,11:05,$1400,South Williamsport,True,None,5,None
Pennsylvania,williamsport,williamsport,apa,6989526558,None,WELCOME TO A NICE HOME,https://williamsport.craigslist.org/apa/d/sunbury-welcome-to-nice-home/6989526558.html,2019-09-30,10:10,$650,"110 Green St, Sunbury, PA",True,None,2,862ft2
Pennsylvania,williamsport,williamsport,apa,6983879828,None,McElhatten 3 BR one story home FOR RENT $910 month,https://williamsport.craigslist.org/apa/d/mc-elhattan-mcelhatten-3-br-one-story/6983879828.html,2019-09-29,22:46,$910,"McElhatten, PA",True,None,3,1144ft2
Pennsylvania,williamsport,williamsport,apa,6971079037,None,4 rm-3 bath House Williamsport,https://williamsport.craigslist.org/apa/d/4-rm-3-bath-house-williamsport/6971079037.html,2019-09-29,22:08,$819,Dillsburg,True,None,3,1735ft2
Pennsylvania,williamsport,williamsport,apa,6979619146,4789684125,3 Bedroom Apartment for Rent,https://williamsport.craigslist.org/apa/d/3-bedroom-apartment-for-rent/6979619146.html,2019-09-29,20:52,$625,"873 Memorial Avenue, 2FL",False,None,3,None
Pennsylvania,williamsport,williamsport,apa,6989304354,3164019422,2 story house,https://williamsport.craigslist.org/apa/d/williamsport-2-story-house/6989304354.html,2019-09-29,20:00,$750,841 Wayne Ave-Newberry,True,None,2,None
Pennsylvania,williamsport,williamsport,apa,6989280547,None,2 bedroom 1 bath,https://williamsport.craigslist.org/apa/d/montoursville-2-bedroom-1-bath/6989280547.html,2019-09-29,19:11,$750,Garden view,True,None,2,960ft2
Pennsylvania,williamsport,williamsport,apa,6970453433,None,"Beautiful 5 Bed, 4.5 Bath Home with View",https://williamsport.craigslist.org/apa/d/montandon-beautiful-5-bed-45-bath-home/6970453433.html,2019-09-29,16:54,$3500,Lewisburg,True,None,5,5404ft2
Pennsylvania,williamsport,williamsport,apa,6975756184,6921780261,"Charming 3 Bed, 2.5 Bath Lewisburg Home",https://williamsport.craigslist.org/apa/d/lewisburg-charming-3-bed-25-bath/6975756184.html,2019-09-29,16:53,$1750,Lewisburg,True,None,3,2230ft2
Pennsylvania,williamsport,williamsport,apa,6975757046,6921817085,Spacious Lewisburg Cape on Large Lot,https://williamsport.craigslist.org/apa/d/lewisburg-spacious-lewisburg-cape-on/6975757046.html,2019-09-29,16:50,$2100,Lewisburg,True,None,4,2573ft2
Pennsylvania,williamsport,williamsport,apa,6982332940,4959253386,PRIVATE OWNED. CURRENTLY 2-5 BDRMS AVAILABLE IN NORTHUMBERLAND COUNTY,https://williamsport.craigslist.org/apa/d/private-owned-currently-2-5-bdrms/6982332940.html,2019-09-29,13:57,$575,PETS OK-GARAGES-LARGE YARDS,True,None,5,None
Pennsylvania,williamsport,williamsport,apa,6988956917,5337594449,2 Bedroom Mobile Home In Country,https://williamsport.craigslist.org/apa/d/2-bedroom-mobile-home-in-country/6988956917.html,2019-09-29,10:46,$550,"Towanda, PA",False,None,2,None
Pennsylvania,williamsport,williamsport,apa,6969835275,3647125098,Huge first floor fully furnished all included studio in Jersey Shore,https://williamsport.craigslist.org/apa/d/avis-huge-first-floor-fully-furnished/6969835275.html,2019-09-29,10:14,$850,Jersey Shore,True,None,None,1200ft2
Pennsylvania,williamsport,williamsport,apa,6981395679,None,1st floor of duplex,https://williamsport.craigslist.org/apa/d/white-deer-1st-floor-of-duplex/6981395679.html,2019-09-29,09:43,$685,Watsontown,True,None,2,1000ft2
Pennsylvania,williamsport,williamsport,apa,6971381024,6660793672,"Rental Assistance for Elderly, Disabled, Handicapped",https://williamsport.craigslist.org/apa/d/millville-rental-assistance-for-elderly/6971381024.html,2019-09-29,06:36,$565,"Millville, PA",True,None,1,None
Pennsylvania,williamsport,williamsport,apa,6971376298,6660794381,2BR 1 Bath Affordable Housing,https://williamsport.craigslist.org/apa/d/muncy-2br-1-bath-affordable-housing/6971376298.html,2019-09-29,06:36,$616,Muncy,True,None,2,None
Pennsylvania,williamsport,williamsport,apa,6971374153,6924321922,Affordable Rent in Bloomsburg - $575-$795,https://williamsport.craigslist.org/apa/d/bloomsburg-affordable-rent-in/6971374153.html,2019-09-29,06:35,$575,Bloomsburg,True,None,2,None
Pennsylvania,williamsport,williamsport,apa,6969767128,None,2 Bedroom Apartment,https://williamsport.craigslist.org/apa/d/west-milton-2-bedroom-apartment/6969767128.html,2019-09-28,13:11,$635,West Milton,True,None,2,700ft2
Pennsylvania,williamsport,williamsport,apa,6988280678,None,2 Bedroom Newly Remodeled,https://williamsport.craigslist.org/apa/d/dearing-2-bedroom-newly-remodeled/6988280678.html,2019-09-28,09:06,$675,328 Locust St,True,None,None,None
Pennsylvania,williamsport,williamsport,apa,6988142986,None,Little house for rent,https://williamsport.craigslist.org/apa/d/coal-township-little-house-for-rent/6988142986.html,2019-09-27,21:41,$675,"Upper rd, Shamokin",True,None,1,600ft2
Pennsylvania,williamsport,williamsport,apa,6988128147,None,1 bd/1bath apt,https://williamsport.craigslist.org/apa/d/montoursville-1-bd-1bath-apt/6988128147.html,2019-09-27,21:07,$1200,Williamsport,True,None,1,None
Pennsylvania,williamsport,williamsport,apa,6988004721,5082993067,MONTOURSVILLE Country Townhouse,https://williamsport.craigslist.org/apa/d/montoursville-country-townhouse/6988004721.html,2019-09-27,17:44,$995,Montoursville,True,None,2,1650ft2
Pennsylvania,williamsport,williamsport,apa,6987681972,None,1 BR First Floor,https://williamsport.craigslist.org/apa/d/williamsport-1-br-first-floor/6987681972.html,2019-09-27,11:41,$600,Newberry,False,None,1,None
Pennsylvania,williamsport,williamsport,apa,6975075794,None,One Bedroom Apartment in Williamsport,https://williamsport.craigslist.org/apa/d/williamsport-one-bedroom-apartment-in/6975075794.html,2019-09-27,09:43,$575,Williamsport,True,None,1,None
Pennsylvania,williamsport,williamsport,apa,6987455156,5135488306,Clean Quiet 2 bedroom Duplex,https://williamsport.craigslist.org/apa/d/williamsport-clean-quiet-2-bedroom/6987455156.html,2019-09-26,23:27,$695,2211 Fink Street,False,None,2,1000ft2
Pennsylvania,williamsport,williamsport,apa,6970019460,None,1/2 Double for Rent on West Market St,https://williamsport.craigslist.org/apa/d/montandon-1-2-double-for-rent-on-west/6970019460.html,2019-09-26,21:48,$1100,"Lewisburg, PA",True,None,2,None
Pennsylvania,williamsport,williamsport,apa,6987357002,None,"Bloomsburg, Lg 2bed 1Bath (close to Danville / Geisinger)",https://williamsport.craigslist.org/apa/d/catawissa-bloomsburg-lg-2bed-1bath/6987357002.html,2019-09-26,19:43,$750,None,True,None,2,1100ft2
Pennsylvania,williamsport,williamsport,apa,6987278419,None,2+bed /1 bath home,https://williamsport.craigslist.org/apa/d/williamsport-2bed-1-bath-home/6987278419.html,2019-09-26,17:47,$700,Williamsport,True,None,2,1000ft2
Pennsylvania,williamsport,williamsport,apa,6987188209,None,Clean and Unique Apartment,https://williamsport.craigslist.org/apa/d/williamsport-clean-and-unique-apartment/6987188209.html,2019-09-26,16:27,$550,Williamsport,True,None,2,900ft2
Pennsylvania,williamsport,williamsport,apa,6987153412,None,"2bedroom/1 bath, first floor Apartment",https://williamsport.craigslist.org/apa/d/williamsport-2bedroom-1-bath-first/6987153412.html,2019-09-26,15:06,$775,Duboistown,True,None,2,900ft2
Pennsylvania,williamsport,williamsport,apa,6987038740,6937176417,Pretty 2 Bedroom 1 full bath,https://williamsport.craigslist.org/apa/d/williamsport-pretty-2-bedroom-1-full/6987038740.html,2019-09-26,13:02,$875,Williamsport,True,None,2,900ft2
Pennsylvania,williamsport,williamsport,apa,6987037941,6937176417,Pretty 2 Bedroom 1 full bath,https://williamsport.craigslist.org/apa/d/williamsport-pretty-2-bedroom-1-full/6987037941.html,2019-09-26,13:01,$875,Williamsport,True,None,2,900ft2
Pennsylvania,williamsport,williamsport,apa,6987037009,6937833741,Pretty 3 bedroom 1 full bath,https://williamsport.craigslist.org/apa/d/williamsport-pretty-3-bedroom-1-full/6987037009.html,2019-09-26,13:00,$995,Williamsport,True,None,3,900ft2
Pennsylvania,williamsport,williamsport,apa,6972061502,None,Nice one bedroom (508#5),https://williamsport.craigslist.org/apa/d/montoursville-nice-one-bedroom-5085/6972061502.html,2019-09-26,12:06,$475,None,True,None,None,None
Pennsylvania,williamsport,williamsport,apa,6972062605,None,Nice student apartments,https://williamsport.craigslist.org/apa/d/montoursville-nice-student-apartments/6972062605.html,2019-09-26,12:06,$475,None,False,None,None,None
Pennsylvania,williamsport,williamsport,apa,6972063493,None,Nice Senior Housing,https://williamsport.craigslist.org/apa/d/montoursville-nice-senior-housing/6972063493.html,2019-09-26,12:06,$475,None,False,None,None,None
Pennsylvania,williamsport,williamsport,apa,6986865958,None,2028 HESHBON STREET   GARAGE APARTMENT,https://williamsport.craigslist.org/apa/d/williamsport-2028-heshbon-street-garage/6986865958.html,2019-09-26,09:30,$595,LOYALSOCK TWP,False,None,2,None
Pennsylvania,williamsport,williamsport,apa,6967282985,4799543434,Accepting Wait List Applications (62+) RIVER FRONT APARTMENTS,https://williamsport.craigslist.org/apa/d/shamokin-dam-accepting-wait-list/6967282985.html,2019-09-25,17:00,$500,"130 South Front St., SUNBURY, PA",True,None,1,600ft2
Pennsylvania,williamsport,williamsport,apa,6966321835,6533679000,Jersey Shore 2nd floor large 1 BR  $595 Month!  gas heat,https://williamsport.craigslist.org/apa/d/antes-fort-jersey-shore-2nd-floor-large/6966321835.html,2019-09-25,16:59,$595,"610 thompson st Jersey Shore, PA",True,None,1,800ft2
Pennsylvania,williamsport,williamsport,apa,6986459092,5055459732,For rent - One bedroom apartment,https://williamsport.craigslist.org/apa/d/for-rent-one-bedroom-apartment/6986459092.html,2019-09-25,15:28,$675,"Blossburg, PA",False,None,1,450ft2
Pennsylvania,williamsport,williamsport,apa,6986259245,5135291237,Old Lycoming Township Single-Family Home,https://williamsport.craigslist.org/apa/d/williamsport-old-lycoming-township/6986259245.html,2019-09-25,11:54,$1500,"Williamsport, PA",True,None,5,2920ft2
Pennsylvania,williamsport,williamsport,apa,6965989839,None,Looking for a 1st floor apartment? Want something that is upgraded?,https://williamsport.craigslist.org/apa/d/williamsport-looking-for-1st-floor/6965989839.html,2019-09-25,10:39,$990,South Williamsport,True,None,2,710ft2
Pennsylvania,williamsport,williamsport,apa,6986121434,6119698203,Secluded Montoursville Ranch with Large 2 car Garage,https://williamsport.craigslist.org/apa/d/secluded-montoursville-ranch-with-large/6986121434.html,2019-09-25,08:52,$1000,None,True,None,3,None
Pennsylvania,williamsport,williamsport,apa,6966216358,None,Modern Spacious 2nd Floor Apartment Watsontown,https://williamsport.craigslist.org/apa/d/white-deer-modern-spacious-2nd-floor/6966216358.html,2019-09-24,22:08,$775,WATSONTOWN,True,None,1,650ft2
Pennsylvania,williamsport,williamsport,apa,6985826847,None,36 south Jones house for rent,https://williamsport.craigslist.org/apa/d/castanea-36-south-jones-house-for-rent/6985826847.html,2019-09-24,17:32,$800,Lock haven,False,None,None,1900ft2
Pennsylvania,williamsport,williamsport,apa,6985765445,None,Big 4 bedroom 1.5 bath Lock haven,https://williamsport.craigslist.org/apa/d/castanea-big-4-bedroom-15-bath-lock/6985765445.html,2019-09-24,16:16,$800,lock haven LHU,False,None,4,1800ft2
Pennsylvania,williamsport,williamsport,apa,6985721835,5945619309,Lewisburg PA 3-BR Furnished Home,https://williamsport.craigslist.org/apa/d/lewisburg-pa-3-br-furnished-home/6985721835.html,2019-09-24,15:26,$2500,Lewisburg,True,None,3,2180ft2
Pennsylvania,williamsport,williamsport,apa,6975717603,None,LHU Housing $300 a student for 3,https://williamsport.craigslist.org/apa/d/castanea-lhu-housing-300-student-for-3/6975717603.html,2019-09-24,13:13,$300,"931 Bellefonte Ave, Lock Haven PA",True,None,3,1800ft2
Pennsylvania,williamsport,williamsport,apa,6981812139,None,3 &4 bedroom houses,https://williamsport.craigslist.org/apa/d/renovo-3-4-bedroom-houses/6981812139.html,2019-09-24,11:07,$0,Renovo,False,None,4,None
Pennsylvania,williamsport,williamsport,apa,6975750751,5187787362,Efficiency/One Room/All Utilities,https://williamsport.craigslist.org/apa/d/efficiency-one-room-all-utilities/6975750751.html,2019-09-24,09:12,$425,2800 Lycoming Creek Rd #3,False,None,None,None
Pennsylvania,williamsport,williamsport,apa,6985380962,None,ISO a one story home,https://williamsport.craigslist.org/apa/d/montoursville-iso-one-story-home/6985380962.html,2019-09-24,08:56,$700,Outside of Wmspt,False,None,2,None
Pennsylvania,williamsport,williamsport,apa,6985105183,None,Apartment for rent,https://williamsport.craigslist.org/apa/d/williamsport-apartment-for-rent/6985105183.html,2019-09-23,18:09,$675,Gardenview/Williamsport,False,None,2,None
Pennsylvania,williamsport,williamsport,apa,6984683434,None,Half double available now 2-3 bdrm 1 bath,https://williamsport.craigslist.org/apa/d/millville-half-double-available-now-2-3/6984683434.html,2019-09-23,10:42,$725,Millville,True,None,2,None
Pennsylvania,williamsport,williamsport,apa,6984594731,6962478733,2 bed apartment in Williamsport- heat included,https://williamsport.craigslist.org/apa/d/2-bed-apartment-in-williamsport-heat/6984594731.html,2019-09-23,08:32,$650,951 park ave,True,None,2,None
Pennsylvania,williamsport,williamsport,apa,6984594483,None,1st floor 1 bed with heat included- jersey shore,https://williamsport.craigslist.org/apa/d/jersey-shore-1st-floor-1-bed-with-heat/6984594483.html,2019-09-23,08:31,$550,243 n main st jersey shore pa,True,None,1,None
Pennsylvania,williamsport,williamsport,apa,6977669337,None,Bloomsburg two br,https://williamsport.craigslist.org/apa/d/bloomsburg-bloomsburg-two-br/6977669337.html,2019-09-23,08:31,$685,Bloomsburg,True,None,2,1050ft2
Pennsylvania,williamsport,williamsport,apa,6984440568,5370409539,Country Setting - 2 Bedroom,https://williamsport.craigslist.org/apa/d/country-setting-2-bedroom/6984440568.html,2019-09-22,20:57,$675,Williamsport,False,None,2,None
Pennsylvania,williamsport,williamsport,apa,6974737725,6727193913,Farm House for Rent,https://williamsport.craigslist.org/apa/d/montoursville-farm-house-for-rent/6974737725.html,2019-09-22,15:55,$1200,Montoursville,True,None,3,None
Pennsylvania,williamsport,williamsport,apa,6970131666,None,First floor of Victorian style home,https://williamsport.craigslist.org/apa/d/montoursville-first-floor-of-victorian/6970131666.html,2019-09-22,09:36,$825,Near UPMC Susquehanna Williamsport.,True,None,2,1300ft2
Pennsylvania,williamsport,williamsport,apa,6983912342,None,"2 BR, 1.5 BA, 972 SqFt townhouse for rent $1000",https://williamsport.craigslist.org/apa/d/danville-2-br-15-ba-972-sqft-townhouse/6983912342.html,2019-09-21,23:26,$1000,Danville Pa,True,None,2,972ft2
Pennsylvania,williamsport,williamsport,apa,6983794947,None,3 bedroom townhouses,https://williamsport.craigslist.org/apa/d/hummels-wharf-3-bedroom-townhouses/6983794947.html,2019-09-21,18:35,$1050,Selinsgrove,True,None,3,1500ft2
Pennsylvania,williamsport,williamsport,apa,6983794407,None,1bed 1 bath fully furnished ALL UTILITIES INCLUDED,https://williamsport.craigslist.org/apa/d/castanea-1bed-1-bath-fully-furnished/6983794407.html,2019-09-21,18:34,$800,Lock Haven,False,None,1,None
Pennsylvania,williamsport,williamsport,apa,6983373591,6962821036,APARTMENT  - 1ST FLOOR,https://williamsport.craigslist.org/apa/d/danville-apartment-1st-floor/6983373591.html,2019-09-21,09:30,$825,DANVILLE - CHURCH ST,True,None,1,None
Pennsylvania,williamsport,williamsport,apa,6968989259,None,Contractor Housing-Weekly-Motel Room,https://williamsport.craigslist.org/apa/d/montgomery-contractor-housing-weekly/6968989259.html,2019-09-21,06:27,$250,Montgomery,True,None,None,None
Pennsylvania,williamsport,williamsport,apa,6968994363,None,Contractor Housing-Weekly-Motel Room,https://williamsport.craigslist.org/apa/d/montgomery-contractor-housing-weekly/6968994363.html,2019-09-21,06:25,$325,Montgomery,True,None,None,None
Pennsylvania,williamsport,williamsport,apa,6983209163,6760042347,Apartment Available Near Campus,https://williamsport.craigslist.org/apa/d/lock-haven-apartment-available-near/6983209163.html,2019-09-20,21:42,$750,None,False,None,3,None
Pennsylvania,williamsport,williamsport,apa,6974426842,None,1 Bath Apt with Garage - 117 N Vesper St.,https://williamsport.craigslist.org/apa/d/castanea-1-bath-apt-with-garage-vesper/6974426842.html,2019-09-20,21:41,$675,"Lock Haven, PA",True,None,2,None
Pennsylvania,williamsport,williamsport,apa,6983208752,6713581546,700/3br - Apartment Available in Lock Haven All Utilities Included,https://williamsport.craigslist.org/apa/d/lock-haven-700-3br-apartment-available/6983208752.html,2019-09-20,21:31,$700,None,False,None,3,None
Pennsylvania,williamsport,williamsport,apa,6963182015,None,Beautiful  3 bedroom half double.,https://williamsport.craigslist.org/apa/d/montoursville-beautiful-3-bedroom-half/6963182015.html,2019-09-20,16:11,$715,South Williamsport,False,None,3,None
Pennsylvania,williamsport,williamsport,apa,6982994479,6963182015,Beautiful  3 bedroom half double.,https://williamsport.craigslist.org/apa/d/montoursville-beautiful-3-bedroom-half/6982994479.html,2019-09-20,16:08,$715,South Williamsport,False,None,3,None
Pennsylvania,williamsport,williamsport,apa,6982947034,None,Beautiful 1 Bedroom,https://williamsport.craigslist.org/apa/d/williamsport-beautiful-1-bedroom/6982947034.html,2019-09-20,15:14,$805,Williamsport,True,None,1,None
Pennsylvania,williamsport,williamsport,apa,6982945441,None,Cozy  1 bedroom Cottage $675,https://williamsport.craigslist.org/apa/d/williamsport-cozy-1-bedroom-cottage-675/6982945441.html,2019-09-20,15:12,$675,Williamsport Old Lycoming,True,None,1,None
Pennsylvania,williamsport,williamsport,apa,6963205467,5794097609,*MOST UTILITIES PAID* STUDIO SUITE APT,https://williamsport.craigslist.org/apa/d/most-utilities-paid-studio-suite-apt/6963205467.html,2019-09-20,14:36,$595,101 Acadamey St,True,None,1,None
Pennsylvania,williamsport,williamsport,apa,6963092779,None,Beautiful 2 Bedroom,https://williamsport.craigslist.org/apa/d/montoursville-beautiful-2-bedroom/6963092779.html,2019-09-20,13:59,$750,Williamsport,True,None,2,None
Pennsylvania,williamsport,williamsport,apa,6963133544,None,Beautiful 4 Bedroom Whole House,https://williamsport.craigslist.org/apa/d/montoursville-beautiful-4-bedroom-whole/6963133544.html,2019-09-20,13:59,$1075,Williamsport,True,None,4,None
Pennsylvania,williamsport,williamsport,apa,6982656127,None,Quiet country living close to I-80,https://williamsport.craigslist.org/apa/d/mackeyville-quiet-country-living-close/6982656127.html,2019-09-20,09:59,$900,"Mackeyville, Clinton County",True,None,2,1254ft2
Pennsylvania,williamsport,williamsport,apa,6982529311,5904225029,Large sunny furnished one bedroom with utilities included,https://williamsport.craigslist.org/apa/d/large-sunny-furnished-one-bedroom-with/6982529311.html,2019-09-20,00:30,$850,None,False,None,1,None
Pennsylvania,williamsport,williamsport,apa,6982503657,None,Housing Needed,https://williamsport.craigslist.org/apa/d/bloomsburg-housing-needed/6982503657.html,2019-09-19,22:58,$800,Berwick/Bloomsburg,False,None,2,800ft2
Pennsylvania,williamsport,williamsport,apa,6982466141,None,Single House Danville,https://williamsport.craigslist.org/apa/d/danville-single-house-danville/6982466141.html,2019-09-19,21:20,$1700,Danville,False,None,4,None
Pennsylvania,williamsport,williamsport,apa,6982278515,6917919305,"38 Meadow Ave, apt 102",https://williamsport.craigslist.org/apa/d/danville-38-meadow-ave-apt-102/6982278515.html,2019-09-19,16:22,$875,Danville,False,None,2,850ft2
Pennsylvania,williamsport,williamsport,apa,6982051293,None,2 Bedroom 2 Bath Mobile Home for Rent,https://williamsport.craigslist.org/apa/d/canton-2-bedroom-2-bath-mobile-home-for/6982051293.html,2019-09-19,12:07,$600,Canton,True,None,2,None
Pennsylvania,williamsport,williamsport,apa,6982037885,None,Efficiency Plus Apartment,https://williamsport.craigslist.org/apa/d/montoursville-efficiency-plus-apartment/6982037885.html,2019-09-19,11:52,$600,Williamsport,True,None,None,None
Pennsylvania,williamsport,williamsport,apa,6969961284,6906901300,"Very nice, large one bedroom apt.",https://williamsport.craigslist.org/apa/d/cogan-station-very-nice-large-one/6969961284.html,2019-09-19,09:56,$525,"Cogan Station, PA",True,None,1,None
Pennsylvania,williamsport,williamsport,apa,6962028326,None,2 bed 1 bath apartment for rent,https://williamsport.craigslist.org/apa/d/montandon-2-bed-1-bath-apartment-for/6962028326.html,2019-09-19,07:51,$745,"Lewisburg, Pa",True,None,None,None
Pennsylvania,williamsport,williamsport,apa,6981560612,4845668442,"Jersey Shore, 2 bedroom",https://williamsport.craigslist.org/apa/d/jersey-shore-2-bedroom/6981560612.html,2019-09-18,16:22,$700,225 North Main St,True,None,2,None
Pennsylvania,williamsport,williamsport,apa,6981369107,6713970748,Apartment for rent,https://williamsport.craigslist.org/apa/d/williamsport-apartment-for-rent/6981369107.html,2019-09-18,12:53,$550,Williamsport,True,None,1,400ft2
Pennsylvania,williamsport,williamsport,apa,6981345065,6970874670,1 BR/utilities included,https://williamsport.craigslist.org/apa/d/muncy-1-br-utilities-included/6981345065.html,2019-09-18,12:27,$800,"muncy, pa",True,None,1,None
Pennsylvania,williamsport,williamsport,apa,6963495694,None,3 1/2 bathrm three bed Home Ringgold,https://williamsport.craigslist.org/apa/d/bathrm-three-bed-home-ringgold/6963495694.html,2019-09-18,11:24,$877,Ringgold,True,None,3,1525ft2
Pennsylvania,williamsport,williamsport,apa,6972625783,5946809063,Affordable Housing,https://williamsport.craigslist.org/apa/d/dushore-affordable-housing/6972625783.html,2019-09-18,10:32,$1,"Dushore, Pa",True,None,None,None
Pennsylvania,williamsport,williamsport,apa,6964607648,None,"4 bedroom, 2 bath house",https://williamsport.craigslist.org/apa/d/bloomsburg-4-bedroom-2-bath-house/6964607648.html,2019-09-17,20:32,$775,Bloomsburg,False,None,4,None
Pennsylvania,williamsport,williamsport,apa,6980982961,None,2 Bedroom Townhouse,https://williamsport.craigslist.org/apa/d/washingtonville-2-bedroom-townhouse/6980982961.html,2019-09-17,20:17,$700,"Washingtonville,",True,None,2,None
Pennsylvania,williamsport,williamsport,apa,6980929891,6896808842,No roomies needed,https://williamsport.craigslist.org/apa/d/bloomsburg-no-roomies-needed/6980929891.html,2019-09-17,18:42,$625,Bloomsburg,True,None,None,None
Pennsylvania,williamsport,williamsport,apa,6980896566,2427152989,"2 BDRM HOME CONVENIENTLY LOCATED OUTSIDE SELINSGROVE, PA",https://williamsport.craigslist.org/apa/d/2-bdrm-home-conveniently-located/6980896566.html,2019-09-17,17:57,$925,"Selinsgrove, PA Area",True,None,2,1012ft2
Pennsylvania,williamsport,williamsport,apa,6980888730,4569210502,$610 / mo gets 2 br unit no roomies needed,https://williamsport.craigslist.org/apa/d/610-mo-gets-2-br-unit-no-roomies-needed/6980888730.html,2019-09-17,17:45,$610,Bloomsburg,False,None,3,None
Pennsylvania,williamsport,williamsport,apa,6980662472,None,1 BR and 3 BR,https://williamsport.craigslist.org/apa/d/montoursville-1-br-and-3-br/6980662472.html,2019-09-17,13:28,$0,williamsport,False,None,None,None
Pennsylvania,williamsport,williamsport,apa,6980577363,None,3-4 Bedroom House (Formerly a Church Building),https://williamsport.craigslist.org/apa/d/williamsport-3-4-bedroom-house-formerly/6980577363.html,2019-09-17,12:03,$1195,Montoursville,True,None,3,None
Pennsylvania,williamsport,williamsport,apa,6980461314,None,2bedroom,https://williamsport.craigslist.org/apa/d/milton-2bedroom/6980461314.html,2019-09-17,09:47,$750,"21 n front st,milton,pa apt 302",False,None,1,600ft2
Pennsylvania,williamsport,williamsport,apa,6975402769,None,"Furnished Studio Apartment- $550/Month - Includes Gas, Water, Sewer an",https://williamsport.craigslist.org/apa/d/williamsport-furnished-studio-apartment/6975402769.html,2019-09-17,06:21,$550,Williamsport,True,None,None,None
Pennsylvania,williamsport,williamsport,apa,6976068177,None,Pet Friendly First Floor Two Bedroom - $675/Month,https://williamsport.craigslist.org/apa/d/castanea-pet-friendly-first-floor-two/6976068177.html,2019-09-17,06:21,$675,Lock Haven,True,None,2,None
Pennsylvania,williamsport,williamsport,apa,6976082008,None,"Beautiful 3BR/1BA With Central Air - $750/Month - Includes Water, Sewe",https://williamsport.craigslist.org/apa/d/castanea-beautiful-3br-1ba-with-central/6976082008.html,2019-09-17,06:21,$750,Lock Haven,True,None,3,None
Pennsylvania,williamsport,williamsport,apa,6976086529,None,Nice Four Bedroom Townhome in Lock Haven - $995/Month - Includes Gas H,https://williamsport.craigslist.org/apa/d/castanea-nice-four-bedroom-townhome-in/6976086529.html,2019-09-17,06:21,$995,Lock Haven,True,None,4,None
Pennsylvania,williamsport,williamsport,apa,6976087950,None,STUNNING 4BR Single Home in Lock Haven - $995/Month,https://williamsport.craigslist.org/apa/d/castanea-stunning-4br-single-home-in/6976087950.html,2019-09-17,06:20,$995,Lock Haven,True,None,4,None
Pennsylvania,williamsport,williamsport,apa,6977610209,None,Huge 4BR/4BA -$1500/Sem/Person - Utilities Included,https://williamsport.craigslist.org/apa/d/williamsport-huge-4br-4ba-sem-person/6977610209.html,2019-09-17,06:20,$1500,Williamsport,True,None,4,None
Pennsylvania,williamsport,williamsport,apa,6977609792,None,Huge 3BR-$1900/Sem/Person - Utilities Included,https://williamsport.craigslist.org/apa/d/montoursville-huge-3br-1900-sem-person/6977609792.html,2019-09-17,06:20,$2450,Williamsport,True,None,3,None
Pennsylvania,williamsport,williamsport,apa,6977608748,None,Studio Apt - $400/Month - Utilities Included,https://williamsport.craigslist.org/apa/d/williamsport-studio-apt-month-utilities/6977608748.html,2019-09-17,06:20,$400,Williamsport,True,None,None,None
Pennsylvania,williamsport,williamsport,apa,6971592456,None,MOBILE HOME FOR RENT,https://williamsport.craigslist.org/apa/d/danville-mobile-home-for-rent/6971592456.html,2019-09-16,18:14,$625,Danville,True,None,None,None
Pennsylvania,williamsport,williamsport,apa,6960381807,4959253386,PRIVATE OWNED. CURRENTLY 2-5 BDRMS AVAILABLE IN NORTHUMBERLAND COUNTY,https://williamsport.craigslist.org/apa/d/private-owned-currently-2-5-bdrms/6960381807.html,2019-09-16,16:20,$575,PETS OK-GARAGES-LARGE YARDS,True,None,5,None
Pennsylvania,williamsport,williamsport,apa,6979967377,None,2 Bed 1.5 Bath Apartment For Rent!,https://williamsport.craigslist.org/apa/d/montandon-2-bed-15-bath-apartment-for/6979967377.html,2019-09-16,14:30,$795,Lewisburg,True,None,2,1200ft2
Pennsylvania,williamsport,williamsport,apa,6959888155,None,PCT - Studio Available for the Fall 2019,https://williamsport.craigslist.org/apa/d/williamsport-pct-studio-available-for/6959888155.html,2019-09-16,11:58,$600,Williamsport,True,None,1,None
Pennsylvania,williamsport,williamsport,apa,6979777265,None,Huge Architectural beauty 3 bedroom apartment,https://williamsport.craigslist.org/apa/d/muncy-huge-architectural-beauty-3/6979777265.html,2019-09-16,11:15,$950,Muncy,True,None,3,2300ft2
Pennsylvania,williamsport,williamsport,apa,6979478969,None,1618 River Dr,https://williamsport.craigslist.org/apa/d/danville-1618-river-dr/6979478969.html,2019-09-15,19:54,$1400,Danville,True,None,2,770ft2
Pennsylvania,williamsport,williamsport,apa,6979248122,None,1 Bedroom Apartment,https://williamsport.craigslist.org/apa/d/middleburg-1-bedroom-apartment/6979248122.html,2019-09-15,13:58,$600,"Middleburg, PA",True,None,1,625ft2
Pennsylvania,williamsport,williamsport,apa,6960950523,None,Two Bedroom Townhouse,https://williamsport.craigslist.org/apa/d/danville-two-bedroom-townhouse/6960950523.html,2019-09-15,13:08,$850,"Danville, Pa.",True,None,2,1050ft2
Pennsylvania,williamsport,williamsport,apa,6979112569,6599520291,3 bedroom apt,https://williamsport.craigslist.org/apa/d/3-bedroom-apt/6979112569.html,2019-09-15,10:31,$800,"hughesvilles,pa. 17737",False,None,3,None
Pennsylvania,williamsport,williamsport,apa,6979105279,6599520291,3 bedroom apt,https://williamsport.craigslist.org/apa/d/3-bedroom-apt/6979105279.html,2019-09-15,10:18,$800,"hughesvilles,pa. 17737",False,None,3,None
Pennsylvania,williamsport,williamsport,apa,6959131810,6487557755,***FULLY FURNISHED CORPORATE RENTALS***,https://williamsport.craigslist.org/apa/d/williamsport-fully-furnished-corporate/6959131810.html,2019-09-15,09:09,$0,(Williamsport-Harrisburg-Hershey),True,None,2,1100ft2
Pennsylvania,williamsport,williamsport,apa,6978963079,None,3 bedroom townhouse,https://williamsport.craigslist.org/apa/d/northumberland-3-bedroom-townhouse/6978963079.html,2019-09-14,22:27,$895,Northumberland,True,None,3,1425ft2
Pennsylvania,williamsport,williamsport,apa,6978505087,None,3 bedrooms/1.5 bathrooms,https://williamsport.craigslist.org/apa/d/montoursville-3-bedrooms-15-bathrooms/6978505087.html,2019-09-14,11:18,$925,Williamsport,False,None,3,1450ft2
Pennsylvania,williamsport,williamsport,apa,6974749420,None,2 bedroom apartment in loyalsock,https://williamsport.craigslist.org/apa/d/montoursville-2-bedroom-apartment-in/6974749420.html,2019-09-14,09:29,$750,loyalsock,True,None,2,1500ft2
Pennsylvania,williamsport,williamsport,apa,6978024856,4980887979,"MONTGOMERY - HEAT and GARBAGE Included, Washer/Dryer in Unit",https://williamsport.craigslist.org/apa/d/montgomery-montgomery-heat-and-garbage/6978024856.html,2019-09-13,15:47,$585,120 Broad Street,True,None,2,None
Pennsylvania,williamsport,williamsport,apa,6977879103,None,1 Bedroom Apt,https://williamsport.craigslist.org/apa/d/bloomsburg-1-bedroom-apt/6977879103.html,2019-09-13,13:16,$750,Bloomsburg / Lightstreet,True,None,1,640ft2
Pennsylvania,williamsport,williamsport,apa,6959101767,None,Bloomsburg 1 bedroom,https://williamsport.craigslist.org/apa/d/bloomsburg-bloomsburg-1-bedroom/6959101767.html,2019-09-13,12:28,$575,bloomburg pa,False,None,1,None
Pennsylvania,williamsport,williamsport,apa,6964861279,None,1 bedroom apartment available in Williamsport,https://williamsport.craigslist.org/apa/d/williamsport-1-bedroom-apartment/6964861279.html,2019-09-13,10:20,$600,Williamsport,True,None,1,550ft2
Pennsylvania,williamsport,williamsport,apa,6964865330,None,1 bedroom apartment available in Williamsport,https://williamsport.craigslist.org/apa/d/williamsport-1-bedroom-apartment/6964865330.html,2019-09-13,10:20,$650,Williamsport,True,None,1,650ft2
Pennsylvania,williamsport,williamsport,apa,6957013872,None,Nice little cottage in downtown wellsboro,https://williamsport.craigslist.org/apa/d/wellsboro-nice-little-cottage-in/6957013872.html,2019-09-13,06:22,$600,Wellsboro,False,None,1,None
Pennsylvania,williamsport,williamsport,apa,6975955801,None,1 Bedroom Apartment for rent,https://williamsport.craigslist.org/apa/d/northumberland-1-bedroom-apartment-for/6975955801.html,2019-09-12,20:31,$600,236 Chestnut St  (rear) Sunbury,False,None,1,None
Pennsylvania,williamsport,williamsport,apa,6976912496,4501900168,"2+ Bedroom home, front and back yard",https://williamsport.craigslist.org/apa/d/2-bedroom-home-front-and-back-yard/6976912496.html,2019-09-12,08:54,$949,"#262 Old Rt. 45, East Lewisburg",True,None,2,None
Pennsylvania,williamsport,williamsport,apa,6974565138,None,Awesome 4BR/4BA Apartment - $1195/Month - Utilities Included,https://williamsport.craigslist.org/apa/d/williamsport-awesome-4br-4ba-apartment/6974565138.html,2019-09-11,23:32,$1195,Williamsport,True,None,4,None
Pennsylvania,williamsport,williamsport,apa,6974563479,None,HUGE 3BR/2BA Single Home in Loyalsock School District - $1095/Month,https://williamsport.craigslist.org/apa/d/williamsport-huge-3br-2ba-single-home/6974563479.html,2019-09-11,23:32,$1095,Williamsport,True,None,3,None
Pennsylvania,williamsport,williamsport,apa,6974563004,None,Huge 3BR/1BA - $995/Month - Utilities Included,https://williamsport.craigslist.org/apa/d/montoursville-huge-3br-1ba-month/6974563004.html,2019-09-11,23:32,$995,Williamsport,True,None,3,None
Pennsylvania,williamsport,williamsport,apa,6974561436,None,Upscale Furnished 2BR/1BA With Central Air - $795/Month,https://williamsport.craigslist.org/apa/d/montoursville-upscale-furnished-2br-1ba/6974561436.html,2019-09-11,23:32,$795,Williamsport,True,None,2,None
Pennsylvania,williamsport,williamsport,apa,6974555374,None,Beautiful and Spacious 2BR/2BA First Floor Apartment - $1200/Month,https://williamsport.craigslist.org/apa/d/williamsport-beautiful-and-spacious-2br/6974555374.html,2019-09-11,23:32,$1200,Williamsport,True,None,2,None
Pennsylvania,williamsport,williamsport,apa,6955751049,4959253386,PRIVATE OWNED. CURRENTLY 2-5 BDRMS AVAILABLE IN NORTHUMBERLAND COUNTY,https://williamsport.craigslist.org/apa/d/private-owned-currently-2-5-bdrms/6955751049.html,2019-09-11,18:50,$575,PETS OK-GARAGES-LARGE YARDS,True,None,5,None
Pennsylvania,williamsport,williamsport,apa,6976291872,None,1 BR Apt. available 10/1,https://williamsport.craigslist.org/apa/d/castanea-1-br-apt-available-10-1/6976291872.html,2019-09-11,11:36,$600,lock haven area,False,None,1,None
Pennsylvania,williamsport,williamsport,apa,6956720145,2703369599,Muncy - Immaculate & Easy Access Apartment,https://williamsport.craigslist.org/apa/d/muncy-muncy-immaculate-easy-access/6956720145.html,2019-09-11,11:33,$625,Muncy,True,None,1,None
Pennsylvania,williamsport,williamsport,apa,6976154231,6743658756,1br apt $725.00 month,https://williamsport.craigslist.org/apa/d/trout-run-1br-apt-month/6976154231.html,2019-09-11,08:23,$725,"125 mill STR., trout run, pa",False,None,1,None
Pennsylvania,williamsport,williamsport,apa,6976146439,None,BRAND NEW GARDEN HOME SENIOR COMMUNITY,https://williamsport.craigslist.org/apa/d/muncy-brand-new-garden-home-senior/6976146439.html,2019-09-11,08:02,$630,291 John Brady Drive,True,None,None,1300ft2
Pennsylvania,williamsport,williamsport,apa,6971777684,4787288171,fully furnished w\ washer & dryer,https://williamsport.craigslist.org/apa/d/fully-furnished-washer-dryer/6971777684.html,2019-09-11,01:19,$675,Trout Run,True,None,2,None
Pennsylvania,williamsport,williamsport,apa,6975622797,None,"705 Matlack Ave 302 Lewisburg, PA 17837",https://williamsport.craigslist.org/apa/d/montandon-705-matlack-ave-302-lewisburg/6975622797.html,2019-09-10,13:03,$795,Lewisburg,True,None,2,1200ft2
Pennsylvania,williamsport,williamsport,apa,6975591394,None,LHU Housing $330 a student for 4,https://williamsport.craigslist.org/apa/d/castanea-lhu-housing-330-student-for-4/6975591394.html,2019-09-10,12:31,$330,108 W. Church Street Lock Haven PA,True,None,4,1800ft2
Pennsylvania,williamsport,williamsport,apa,6975431452,None,1 Bedroom Apartment 2nd Floor,https://williamsport.craigslist.org/apa/d/millville-1-bedroom-apartment-2nd-floor/6975431452.html,2019-09-10,09:22,$550,Millville,True,None,1,800ft2
Pennsylvania,williamsport,williamsport,apa,6975221764,None,Jersey Shore small 2 bedroom apartment,https://williamsport.craigslist.org/apa/d/jersey-shore-jersey-shore-small-2/6975221764.html,2019-09-09,20:21,$550,"Jersey Shore , Pa",True,None,2,None
Pennsylvania,williamsport,williamsport,apa,6954370062,4959253386,PRIVATE OWNED. CURRENTLY 2-5 BDRMS AVAILABLE IN NORTHUMBERLAND COUNTY,https://williamsport.craigslist.org/apa/d/private-owned-currently-2-5-bdrms/6954370062.html,2019-09-09,17:56,$575,PETS OK-GARAGES-LARGE YARDS,True,None,5,None
Pennsylvania,williamsport,williamsport,apa,6964359884,None,House for Rent,https://williamsport.craigslist.org/apa/d/castanea-house-for-rent/6964359884.html,2019-09-09,11:42,$975,None,True,None,4,None
Pennsylvania,williamsport,williamsport,apa,6974628822,6328991034,Muncy,https://williamsport.craigslist.org/apa/d/muncy/6974628822.html,2019-09-09,08:45,$600,"15 North Market Street, Muncy, PA",True,None,2,None
Pennsylvania,williamsport,williamsport,apa,6964625647,6923985233,706 Funston Ave,https://williamsport.craigslist.org/apa/d/williamsport-706-funston-ave/6964625647.html,2019-09-08,14:51,$600,None,True,None,2,None
Pennsylvania,williamsport,williamsport,apa,6974044243,None,Two Story for rent,https://williamsport.craigslist.org/apa/d/bloomsburg-two-story-for-rent/6974044243.html,2019-09-08,10:20,$700,Bloomsburg PA.,False,None,2,980ft2
Pennsylvania,williamsport,williamsport,apa,6973472183,None,Apartment for Rent,https://williamsport.craigslist.org/apa/d/muncy-apartment-for-rent/6973472183.html,2019-09-07,12:04,$1200,Muncy,True,None,2,2300ft2
Pennsylvania,williamsport,williamsport,apa,6973281012,None,"3 BR SF For Rent, Country setting, Close to I-70/81",https://williamsport.craigslist.org/apa/d/williamsport-3-br-sf-for-rent-country/6973281012.html,2019-09-07,05:05,$1395,Williamsport,False,None,3,1578ft2
Pennsylvania,williamsport,williamsport,apa,6970996052,None,Huge 1BR/1BA - $650/Month,https://williamsport.craigslist.org/apa/d/montoursville-huge-1br-1ba-month/6970996052.html,2019-09-07,00:37,$650,Williamsport,True,None,1,None
Pennsylvania,williamsport,williamsport,apa,6970997875,None,Beautiful and Spacious 2BR/2BA First Floor Apartment - $1200/Month,https://williamsport.craigslist.org/apa/d/williamsport-beautiful-and-spacious-2br/6970997875.html,2019-09-07,00:37,$1200,Williamsport,True,None,2,None
Pennsylvania,williamsport,williamsport,apa,6971000475,None,Upscale 2BR/1BA With Central Air - $795/Month,https://williamsport.craigslist.org/apa/d/montoursville-upscale-2br-1ba-with/6971000475.html,2019-09-07,00:36,$795,Williamsport,True,None,2,None
Pennsylvania,williamsport,williamsport,apa,6971003390,None,Huge 3BR/1BA - $995/Month - Utilities Included!,https://williamsport.craigslist.org/apa/d/montoursville-huge-3br-1ba-month/6971003390.html,2019-09-07,00:36,$995,Williamsport,True,None,3,None
Pennsylvania,williamsport,williamsport,apa,6971004092,None,HUGE 3BR/2BA Single Home in Loyalsock School District - $1095/Month,https://williamsport.craigslist.org/apa/d/williamsport-huge-3br-2ba-single-home/6971004092.html,2019-09-07,00:36,$1095,Williamsport,True,None,3,None
Pennsylvania,williamsport,williamsport,apa,6971005668,None,Awesome 4BR/4BA Apartment - $1195/Month - Utilities Included,https://williamsport.craigslist.org/apa/d/williamsport-awesome-4br-4ba-apartment/6971005668.html,2019-09-07,00:36,$1195,Williamsport,True,None,4,None
Pennsylvania,williamsport,williamsport,apa,6971016579,None,Pet Friendly First Floor Two Bedroom - $675/Mont,https://williamsport.craigslist.org/apa/d/castanea-pet-friendly-first-floor-two/6971016579.html,2019-09-07,00:36,$675,Lock Haven,True,None,2,None
Pennsylvania,williamsport,williamsport,apa,6971018660,None,"Beautiful 3BR/1BA With Central Air - $775/Month - Includes Water, Sewe",https://williamsport.craigslist.org/apa/d/castanea-beautiful-3br-1ba-with-central/6971018660.html,2019-09-07,00:36,$775,Lock Haven,True,None,None,None
Pennsylvania,williamsport,williamsport,apa,6971026721,None,Nice Four Bedroom Townhome in Lock Haven - $995/Month - Includes Gas H,https://williamsport.craigslist.org/apa/d/castanea-nice-four-bedroom-townhome-in/6971026721.html,2019-09-07,00:35,$995,Lock Haven,True,None,4,None
Pennsylvania,williamsport,williamsport,apa,6971027114,None,STUNNING 4BR Single Home in Lock Haven - $995/Month,https://williamsport.craigslist.org/apa/d/castanea-stunning-4br-single-home-in/6971027114.html,2019-09-07,00:35,$995,Lock Haven,True,None,4,None
Pennsylvania,williamsport,williamsport,apa,6952244796,6023775708,4 Bedroom Shared - 1 Mth Free - Walk to LHU -  187 N. Fairview #1,https://williamsport.craigslist.org/apa/d/castanea-4-bedroom-shared-1-mth-free/6952244796.html,2019-09-05,15:05,$500,"Lock Haven, PA",True,None,4,None
Pennsylvania,williamsport,williamsport,apa,6952396247,None,Efficiency w/ utilities included (510),https://williamsport.craigslist.org/apa/d/williamsport-efficiency-utilities/6952396247.html,2019-09-05,13:25,$525,None,True,None,1,None
Pennsylvania,williamsport,williamsport,apa,6971870436,None,First Floor 1 Bedroom for rent,https://williamsport.craigslist.org/apa/d/williamsport-first-floor-1-bedroom-for/6971870436.html,2019-09-05,09:49,$550,Williamsport,False,None,1,800ft2
Pennsylvania,williamsport,williamsport,apa,6971833665,4919626287,Apartment for rent,https://williamsport.craigslist.org/apa/d/white-deer-apartment-for-rent/6971833665.html,2019-09-05,09:03,$725,New Columbia Pa,True,None,2,None
Pennsylvania,williamsport,williamsport,apa,6971806800,None,House and 2 car garage,https://williamsport.craigslist.org/apa/d/montgomery-house-and-2-car-garage/6971806800.html,2019-09-05,07:34,$850,"Elimsport, pa",False,None,3,1700ft2
Pennsylvania,williamsport,williamsport,apa,6971659295,4822007469,Apartment in Milton - one bedroom,https://williamsport.craigslist.org/apa/d/apartment-in-milton-one-bedroom/6971659295.html,2019-09-04,20:46,$560,Milton,False,None,1,None
Pennsylvania,williamsport,williamsport,apa,6971656369,6668093201,Two bedroom 2nd floor of a duplex,https://williamsport.craigslist.org/apa/d/williamsport-two-bedroom-2nd-floor-of/6971656369.html,2019-09-04,20:41,$725,West end,False,None,2,900ft2
Pennsylvania,williamsport,williamsport,apa,6971637166,None,refreshed 3 bedroom near elementary school,https://williamsport.craigslist.org/apa/d/williamsport-refreshed-3-bedroom-near/6971637166.html,2019-09-04,20:07,$825,newberry,True,None,3,1100ft2
Pennsylvania,williamsport,williamsport,apa,6954613892,None,Large 425sf Studio Apartment,https://williamsport.craigslist.org/apa/d/williamsport-large-425sf-studio/6954613892.html,2019-09-04,19:55,$575,Williamsport,True,None,None,None
Pennsylvania,williamsport,williamsport,apa,6971496147,6844486459,1 bedroom economy ready Dec 1st $625,https://williamsport.craigslist.org/apa/d/williamsport-1-bedroom-economy-ready/6971496147.html,2019-09-04,16:50,$625,"Williamsport, PA",True,None,1,624ft2
Pennsylvania,williamsport,williamsport,apa,6961597534,5398233024,2 bedroom first floor ready Oct 15,https://williamsport.craigslist.org/apa/d/2-bedroom-first-floor-ready-oct-15/6961597534.html,2019-09-04,16:49,$780,"Williamsport, PA",True,None,2,686ft2
Pennsylvania,williamsport,williamsport,apa,6971375241,6924321922,Affordable Rent in Bloomsburg - $575-$795,https://williamsport.craigslist.org/apa/d/bloomsburg-affordable-rent-in/6971375241.html,2019-09-04,14:34,$575,Bloomsburg,True,None,2,None
Pennsylvania,williamsport,williamsport,apa,6971370226,6660794381,2BR 1 Bath Affordable Housing,https://williamsport.craigslist.org/apa/d/muncy-2br-1-bath-affordable-housing/6971370226.html,2019-09-04,14:29,$616,Muncy,True,None,2,None
Pennsylvania,williamsport,williamsport,apa,6971068180,None,1 bed in muncy,https://williamsport.craigslist.org/apa/d/muncy-1-bed-in-muncy/6971068180.html,2019-09-04,08:29,$550,Muncy,True,None,None,None
Pennsylvania,williamsport,williamsport,apa,6957717842,None,>*Move in Special* Huge 3BR-$1900/Sem/Person - Utilities Included,https://williamsport.craigslist.org/apa/d/montoursville-move-in-special-huge-3br/6957717842.html,2019-09-04,04:49,$2450,Williamsport,True,None,3,None
Pennsylvania,williamsport,williamsport,apa,6952748681,None,*Move in Special* Huge 3BR-$2450/Sem/Person - Utilities Included,https://williamsport.craigslist.org/apa/d/williamsport-move-in-special-huge-3br/6952748681.html,2019-09-04,04:48,$2450,Williamsport,True,None,3,None
Pennsylvania,williamsport,williamsport,apa,6952743566,None,*Move In Special* Studio Apt - $2450/Sem - Utilities Included,https://williamsport.craigslist.org/apa/d/williamsport-move-in-special-studio-apt/6952743566.html,2019-09-04,04:48,$2450,Williamsport,True,None,None,None
Pennsylvania,williamsport,williamsport,apa,6961229469,None,"Beautiful 3BR/1BA With Central Air - $775/Month - Includes Water, Sewe",https://williamsport.craigslist.org/apa/d/castanea-beautiful-3br-1ba-with-central/6961229469.html,2019-09-04,04:48,$775,Lock Haven,True,None,3,None
Pennsylvania,williamsport,williamsport,apa,6957716267,None,*Move In Special* Studio Apt - $2450/Sem - Utilities Included,https://williamsport.craigslist.org/apa/d/williamsport-move-in-special-studio-apt/6957716267.html,2019-09-04,04:48,$2450,Williamsport,True,None,None,None
Pennsylvania,williamsport,williamsport,apa,6962717295,None,*Move in Special* Huge 3BR-$1900/Sem/Person - Utilities Included,https://williamsport.craigslist.org/apa/d/montoursville-move-in-special-huge-3br/6962717295.html,2019-09-04,04:48,$2450,Williamsport,True,None,3,None
Pennsylvania,williamsport,williamsport,apa,6962715263,None,*Move In Special* Studio Apt - $2450/Sem - Utilities Included,https://williamsport.craigslist.org/apa/d/williamsport-move-in-special-studio-apt/6962715263.html,2019-09-04,04:48,$2450,Williamsport,True,None,None,None
Pennsylvania,williamsport,williamsport,apa,6959754112,None,Huge 3BR/1BA - $995/Month - Utilities Included!,https://williamsport.craigslist.org/apa/d/montoursville-huge-3br-1ba-month/6959754112.html,2019-09-04,04:48,$995,Williamsport,True,None,3,None
Pennsylvania,williamsport,williamsport,apa,6959747120,None,Huge 1BR/1BA - $650/Month,https://williamsport.craigslist.org/apa/d/montoursville-huge-1br-1ba-month/6959747120.html,2019-09-04,04:48,$650,Williamsport,True,None,1,None
Pennsylvania,williamsport,williamsport,apa,6966256823,None,Nice Four Bedroom Townhome in Lock Haven - $995/Month - Includes Gas,https://williamsport.craigslist.org/apa/d/castanea-nice-four-bedroom-townhome-in/6966256823.html,2019-09-04,04:48,$995,Lock Haven,True,None,4,None
Pennsylvania,williamsport,williamsport,apa,6964738262,None,Huge 3BR/1BA - $995/Month - Utilities Included!,https://williamsport.craigslist.org/apa/d/montoursville-huge-3br-1ba-month/6964738262.html,2019-09-04,04:47,$995,Williamsport,True,None,3,None
Pennsylvania,williamsport,williamsport,apa,6964729933,None,Huge 1BR/1BA - $650/Month,https://williamsport.craigslist.org/apa/d/montoursville-huge-1br-1ba-month/6964729933.html,2019-09-04,04:47,$650,Williamsport,True,None,1,None
Pennsylvania,williamsport,williamsport,apa,6967705539,None,Studio Apt - $2450/Sem - Utilities Included,https://williamsport.craigslist.org/apa/d/williamsport-studio-apt-sem-utilities/6967705539.html,2019-09-04,04:47,$2450,Williamsport,True,None,None,None
Pennsylvania,williamsport,williamsport,apa,6967706966,None,Huge 3BR-$1900/Sem/Person - Utilities Included,https://williamsport.craigslist.org/apa/d/montoursville-huge-3br-1900-sem-person/6967706966.html,2019-09-04,04:47,$2450,Williamsport,True,None,3,None
Pennsylvania,williamsport,williamsport,apa,6967708087,None,Awesome 4BR/4BA Apartment - $1195/Month - Utilities Included,https://williamsport.craigslist.org/apa/d/williamsport-awesome-4br-4ba-apartment/6967708087.html,2019-09-04,04:47,$2450,Williamsport,True,None,4,None
Pennsylvania,williamsport,williamsport,apa,6952020587,6717682439,2br apt w/ Jacuzzi $725.00 month,https://williamsport.craigslist.org/apa/d/trout-run-2br-apt-jacuzzi-month/6952020587.html,2019-09-04,03:00,$675,"125 mill STR., trout run, pa",True,None,2,None
Pennsylvania,williamsport,williamsport,apa,6952019541,6743658756,1br apt $725.00 month,https://williamsport.craigslist.org/apa/d/trout-run-1br-apt-month/6952019541.html,2019-09-04,03:00,$725,"125 mill STR., trout run, pa",True,None,1,None
Pennsylvania,williamsport,williamsport,apa,6970929624,None,South Williamsport 3 Bedroom 1/2 double,https://williamsport.craigslist.org/apa/d/williamsport-south-williamsport-3/6970929624.html,2019-09-03,21:42,$850,"South Williamsport, PA",True,None,3,None
Pennsylvania,williamsport,williamsport,apa,6970693742,6764494110,PCT OFF CAMPUS HOUSING,https://williamsport.craigslist.org/apa/d/williamsport-pct-off-campus-housing/6970693742.html,2019-09-03,16:02,$0,WILLIAMSPORT,True,None,None,None
Pennsylvania,williamsport,williamsport,apa,6949760645,None,apartment for rent,https://williamsport.craigslist.org/apa/d/selinsgrove-apartment-for-rent/6949760645.html,2019-09-03,11:32,$700,Selinsgrove,False,None,2,None
Pennsylvania,williamsport,williamsport,apa,6970412771,None,1767 First Street for Rent- 5mins from GMC,https://williamsport.craigslist.org/apa/d/danville-1767-first-street-for-rent/6970412771.html,2019-09-03,11:12,$975,Danville,True,None,2,None
Pennsylvania,williamsport,williamsport,apa,6962821036,None,APARTMENT  - 1ST FLOOR,https://williamsport.craigslist.org/apa/d/danville-apartment-1st-floor/6962821036.html,2019-09-03,06:14,$825,DANVILLE - CHURCH ST,True,None,1,None
Pennsylvania,williamsport,williamsport,apa,6970226599,None,Penn College Student Housing: Lease Take Over,https://williamsport.craigslist.org/apa/d/williamsport-penn-college-student/6970226599.html,2019-09-03,00:42,$1624,Williamsport,False,None,2,None
Pennsylvania,williamsport,williamsport,apa,6970127850,6790330288,2nd fl. 3 bdrm 1 bath a,https://williamsport.craigslist.org/apa/d/selinsgrove-2nd-fl-3-bdrm-1-bath/6970127850.html,2019-09-02,20:24,$725,121 David St Selinsgrove,True,None,3,1000ft2
Pennsylvania,williamsport,williamsport,apa,6950759219,4982426652,2 Bedroom house for Rent,https://williamsport.craigslist.org/apa/d/milton-2-bedroom-house-for-rent/6950759219.html,2019-09-02,18:21,$750,"620 Hepburn Street. Milton, Pa.",True,None,2,1300ft2
Pennsylvania,williamsport,williamsport,apa,6969651161,4822007469,Apartment in Milton - one bedroom,https://williamsport.craigslist.org/apa/d/apartment-in-milton-one-bedroom/6969651161.html,2019-09-02,09:24,$575,Milton,False,None,1,None
Pennsylvania,williamsport,williamsport,apa,6968674460,None,2 Bedroom Apartment,https://williamsport.craigslist.org/apa/d/swengel-2-bedroom-apartment/6968674460.html,2019-08-31,13:36,$875,Mifflinburg,False,None,2,None
Pennsylvania,williamsport,williamsport,apa,6947391895,3870419443,large 2 bedroom in Loyalsock,https://williamsport.craigslist.org/apa/d/williamsport-large-2-bedroom-in/6947391895.html,2019-08-31,09:46,$750,Loyalsock,True,None,2,1500ft2
Pennsylvania,williamsport,williamsport,apa,6947174842,None,4 Bedroom 2.5 Bath Two Story in Lewisburg,https://williamsport.craigslist.org/apa/d/lewisburg-4-bedroom-25-bath-two-story/6947174842.html,2019-08-30,15:44,$1250,Lewisburg,True,None,4,1800ft2
Pennsylvania,williamsport,williamsport,apa,6950696368,None,"4 MONTH LEASE studio apartment,Furnished,Utilities included",https://williamsport.craigslist.org/apa/d/cogan-station-4-month-lease-studio/6950696368.html,2019-08-30,10:10,$635,Williamsport  / Cogan Station,True,None,None,None
Pennsylvania,williamsport,williamsport,apa,6967677406,None,Pet Friendly 1 Bed 1st Floor/Basement Apartment,https://williamsport.craigslist.org/apa/d/coal-township-pet-friendly-1-bed-1st/6967677406.html,2019-08-30,00:14,$425,Shamokin,True,None,1,400ft2
Pennsylvania,williamsport,williamsport,apa,6967491399,4876429865,apartment,https://williamsport.craigslist.org/apa/d/apartment/6967491399.html,2019-08-29,17:45,$700,"816 Apt. B E. Third St. Berwick,PA18603",False,None,2,900ft2
Pennsylvania,williamsport,williamsport,apa,6967489972,None,Riverfront rental home,https://williamsport.craigslist.org/apa/d/montandon-riverfront-rental-home/6967489972.html,2019-08-29,17:43,$1400,Lewisburg,True,None,3,None
Pennsylvania,williamsport,williamsport,apa,6947302514,None,Nice one bedroom (508#5),https://williamsport.craigslist.org/apa/d/williamsport-nice-one-bedroom-5085/6947302514.html,2019-08-29,13:53,$475,None,True,None,1,None
Pennsylvania,williamsport,williamsport,apa,6947308477,None,Nice student apartments,https://williamsport.craigslist.org/apa/d/williamsport-nice-student-apartments/6947308477.html,2019-08-29,13:53,$475,None,False,None,None,None
Pennsylvania,williamsport,williamsport,apa,6947309434,None,Nice senior housing,https://williamsport.craigslist.org/apa/d/williamsport-nice-senior-housing/6947309434.html,2019-08-29,13:53,$475,None,False,None,None,None
Pennsylvania,williamsport,williamsport,apa,6967143860,4189928645,Hillside Home Overlooking Lake,https://williamsport.craigslist.org/apa/d/hillside-home-overlooking-lake/6967143860.html,2019-08-29,10:55,$1000,46 Eisenhower Rd.,True,None,4,None
Pennsylvania,williamsport,williamsport,apa,6946031645,None,PCT/Penn College - Off Campus Housing,https://williamsport.craigslist.org/apa/d/williamsport-pct-penn-college-off/6946031645.html,2019-08-28,21:14,$2500,Williamsport,True,None,None,None
Pennsylvania,williamsport,williamsport,apa,6966830498,5543772536,Becker Street.Great Townhouse 3mins from GMC. Available Sept. 1st 2019,https://williamsport.craigslist.org/apa/d/becker-streetgreat-townhouse-3mins-from/6966830498.html,2019-08-28,18:52,$975,"534 Becker street, Danville , PA",True,None,2,None
Pennsylvania,williamsport,williamsport,apa,6966449898,4371908576,2 Bedroom Apartments for Rent,https://williamsport.craigslist.org/apa/d/williamsport-2-bedroom-apartments-for/6966449898.html,2019-08-28,11:24,$675,Loyalsock,False,None,2,960ft2
Pennsylvania,williamsport,williamsport,apa,6966150461,6841700397,1 bedroom apartment Williamsport,https://williamsport.craigslist.org/apa/d/williamsport-1-bedroom-apartment/6966150461.html,2019-08-27,20:20,$450,Williamsport,True,None,1,None
Pennsylvania,williamsport,williamsport,apa,6947795120,None,four-bathroom/4 bed House,https://williamsport.craigslist.org/apa/d/mehoopany-four-bathroom-4-bed-house/6947795120.html,2019-08-27,12:49,$1099,Tunkhannock,True,None,3,1958ft2
Pennsylvania,williamsport,williamsport,apa,6947650535,None,*Move in Special* Huge 3BR-$2450/Sem/Person - Utilities Included,https://williamsport.craigslist.org/apa/d/williamsport-move-in-special-huge-3br/6947650535.html,2019-08-27,00:16,$2450,Williamsport,True,None,3,None
Pennsylvania,williamsport,williamsport,apa,6947644961,None,*Move In Special* Studio Apt - $2450/Sem - Utilities Included,https://williamsport.craigslist.org/apa/d/williamsport-move-in-special-studio-apt/6947644961.html,2019-08-27,00:15,$2450,Williamsport,True,None,None,None
Pennsylvania,williamsport,williamsport,apa,6944748696,6800974604,"1 and 2 bedroom apartments in Turbotville, PA-Broadway Estates",https://williamsport.craigslist.org/apa/d/turbotville-1-and-2-bedroom-apartments/6944748696.html,2019-08-26,11:47,$675,Turbotville,True,None,2,None
Pennsylvania,williamsport,williamsport,apa,6952224114,None,2 bedroom apartment available Williamsport,https://williamsport.craigslist.org/apa/d/williamsport-2-bedroom-apartment/6952224114.html,2019-08-26,09:41,$665,Williamsprot,True,None,2,700ft2
Pennsylvania,williamsport,williamsport,apa,6955963943,None,2 bedroom apartment available in Williamsport,https://williamsport.craigslist.org/apa/d/williamsport-2-bedroom-apartment/6955963943.html,2019-08-26,09:41,$700,Williamsprot,True,None,2,700ft2
Pennsylvania,williamsport,williamsport,apa,6964437068,None,One Bedroom Williamsport,https://williamsport.craigslist.org/apa/d/williamsport-one-bedroom-williamsport/6964437068.html,2019-08-25,15:06,$550,None,True,None,1,None
Pennsylvania,williamsport,williamsport,apa,6963870342,None,Rental Unit with Garage near Lock Haven,https://williamsport.craigslist.org/apa/d/mill-hall-rental-unit-with-garage-near/6963870342.html,2019-08-24,15:42,$750,"Unit 3, 315 High St, Flemington, PA",True,None,1,500ft2
Pennsylvania,williamsport,williamsport,apa,6943010470,None,Summer Sale!  Save $450 when you lease by 8/15/19,https://williamsport.craigslist.org/apa/d/williamsport-summer-sale-save-450-when/6943010470.html,2019-08-24,11:03,$900,Near Williamsport Area School Dist,True,None,2,None
Pennsylvania,williamsport,williamsport,apa,6942498190,None,*Move In Special* Studio Apt - $2450/Sem - Utilities Included,https://williamsport.craigslist.org/apa/d/williamsport-move-in-special-studio-apt/6942498190.html,2019-08-24,00:16,$2450,Williamsport,True,None,None,None
Pennsylvania,williamsport,williamsport,apa,6942496237,None,*Move In Special* Great 2 BR - $2450/Sem/Person - Utilities Included,https://williamsport.craigslist.org/apa/d/williamsport-move-in-special-great-2-br/6942496237.html,2019-08-24,00:16,$2650,Williamsport,True,None,None,None
Pennsylvania,williamsport,williamsport,apa,6942505704,None,*Move in Special* Huge 3BR-$2450/Sem/Person - Utilities Included,https://williamsport.craigslist.org/apa/d/williamsport-move-in-special-huge-3br/6942505704.html,2019-08-24,00:15,$2450,Williamsport,True,None,3,None
Pennsylvania,williamsport,williamsport,apa,6963262649,None,house for  rent in mifflinburg,https://williamsport.craigslist.org/apa/d/swengel-house-for-rent-in-mifflinburg/6963262649.html,2019-08-23,17:49,$1500,mifflinburg,False,None,None,None
Pennsylvania,williamsport,williamsport,apa,6959869465,None,Studio & Two efficiency apartments for rent and One Studio (Lindley),https://williamsport.craigslist.org/apa/d/lawrenceville-studio-two-efficiency/6959869465.html,2019-08-23,12:02,$375,Lindley,True,None,None,None
Pennsylvania,williamsport,williamsport,apa,6960869336,None,Washington Blvd,https://williamsport.craigslist.org/apa/d/williamsport-washington-blvd/6960869336.html,2019-08-22,19:42,$650,Loyalsock,False,None,2,None
Pennsylvania,williamsport,williamsport,apa,6941448711,None,$450 Off One Month's Rent/Lease by August 15th,https://williamsport.craigslist.org/apa/d/williamsport-450-off-one-months-rent/6941448711.html,2019-08-22,13:02,$900,"Williamsport, PA",True,None,2,669ft2
Pennsylvania,williamsport,williamsport,apa,6945997932,5180583444,- OUT OF TOWN WORKERS - FURNISHED PRIVATE BEDROOMS - 330 Walnut St.,https://williamsport.craigslist.org/apa/d/williamsport-out-of-town-workers/6945997932.html,2019-08-22,12:01,$450,GRACE ST. WILLIAMSPORT  PA,True,None,4,None
Pennsylvania,williamsport,williamsport,apa,6962105762,None,Family looking for home,https://williamsport.craigslist.org/apa/d/bloomsburg-family-looking-for-home/6962105762.html,2019-08-22,09:52,$800,Bloomsburg,True,None,None,None
Pennsylvania,williamsport,williamsport,apa,6961902136,None,Large / Clean 2 bedroom,https://williamsport.craigslist.org/apa/d/montoursville-large-clean-2-bedroom/6961902136.html,2019-08-21,20:57,$700,Williamsport,True,None,2,1200ft2
Pennsylvania,williamsport,williamsport,apa,6959963156,6947101827,2BR 2 full Bath- Country Living!,https://williamsport.craigslist.org/apa/d/cogan-station-2br-2-full-bath-country/6959963156.html,2019-08-21,17:22,$750,Cogan station,True,None,2,None
Pennsylvania,williamsport,williamsport,apa,6961748551,6651262014,All INCLUSIVE 2 Bedroom in Hepburn Twp,https://williamsport.craigslist.org/apa/d/cogan-station-all-inclusive-2-bedroom/6961748551.html,2019-08-21,17:06,$800,Hepburn Township,False,None,2,None
Pennsylvania,williamsport,williamsport,apa,6961677860,None,3 BR Ranch for Rent,https://williamsport.craigslist.org/apa/d/turbotville-3-br-ranch-for-rent/6961677860.html,2019-08-21,15:44,$1200,Turbotville,False,None,3,1440ft2
Pennsylvania,williamsport,williamsport,apa,6961107126,None,Large 1 Bedroom House for rent,https://williamsport.craigslist.org/apa/d/linden-large-1-bedroom-house-for-rent/6961107126.html,2019-08-20,19:45,$745,Salladasburg,True,None,1,1400ft2
Pennsylvania,williamsport,williamsport,apa,6939507569,None,"Immediately Available, 2Bedrooms, Playgrounds, and Pet Friendly!",https://williamsport.craigslist.org/apa/d/williamsport-immediately-available/6939507569.html,2019-08-20,14:13,$900,"Easy access to Rt 15, I-180/220",True,None,2,None
Pennsylvania,williamsport,williamsport,apa,6960794762,None,3 bedroom house for rent,https://williamsport.craigslist.org/apa/d/avis-3-bedroom-house-for-rent/6960794762.html,2019-08-20,13:29,$950,"5 W Sylvan Avenue, Jersey Shore",True,None,3,1500ft2
Pennsylvania,williamsport,williamsport,apa,6954945611,None,"MUST SEE--country living, 1 bedroom apartment, ALL included",https://williamsport.craigslist.org/apa/d/muncy-valley-must-see-country-living-1/6954945611.html,2019-08-20,10:42,$895,"12 minutes out of Hughesville,  3 miles off of Rt# 118",True,None,1,900ft2
Pennsylvania,williamsport,williamsport,apa,6952733803,6213447317,1 bedroom -all included  bright apartment lots of light,https://williamsport.craigslist.org/apa/d/1-bedroom-all-included-bright-apartment/6952733803.html,2019-08-19,23:51,$625,Bloomsburg,True,None,None,None
Pennsylvania,williamsport,williamsport,apa,6960214091,None,Efficiency Apartment,https://williamsport.craigslist.org/apa/d/williamsport-efficiency-apartment/6960214091.html,2019-08-19,16:51,$525,Williamsport,True,None,None,None
Pennsylvania,williamsport,williamsport,apa,6955386237,None,Newly Renovated Double,https://williamsport.craigslist.org/apa/d/watsontown-newly-renovated-double/6955386237.html,2019-08-19,11:03,$795,Watsontown,True,None,2,None
